Fase,Data,Horário,Mandante,Visitante,Mandante Placar,Visitante Placar
Grp.B,1968-08-24,,Portuguesa,São Paulo,1,0
Grp.A,1968-08-28,,Palmeiras,Náutico,1,0
Grp.B,1968-09-01,,Palmeiras,Grêmio,1,1
Grp.A,1968-09-01,,Náutico,Corinthians,0,1
Grp.B,1968-09-01,,Atlético Paranaense,São Paulo,1,1
Grp.A,1968-09-04,,Internacional,Palmeiras,1,1
Grp.A,1968-09-07,,Internacional,Náutico,1,1
Grp.B,1968-09-08,,Grêmio,Portuguesa,3,0
Grp.B,1968-09-08,,Atlético Paranaense,Santos,3,2
Grp.B,1968-09-08,,Corinthians,São Paulo,2,1
Grp.B,1968-09-11,,Grêmio,Náutico,0,0
Grp.B,1968-09-11,,Corinthians,Portuguesa,3,1
Grp.B,1968-09-14,,São Paulo,Internacional,0,1
Grp.B,1968-09-14,,Atlético Mineiro,Bahia,1,0
Grp.B,1968-09-14,,Fluminense,Botafogo,2,1
Grp.B,1968-09-15,,Portuguesa,Vasco,0,2
Grp.A,1968-09-15,,Cruzeiro,Náutico,3,0
Grp.B,1968-09-15,,Flamengo,Santos,0,2
Grp.B,1968-09-18,,Santos,Palmeiras,0,0
Grp.B,1968-09-18,,Internacional,Vasco,2,1
Grp.B,1968-09-18,,Atlético Paranaense,Fluminense,3,1
Grp.B,1968-09-18,,Atlético Mineiro,Náutico,2,1
Grp.B,1968-09-18,,Bangu,Portuguesa,3,1
Grp.B,1968-09-19,,Corinthians,Bahia,1,0
Grp.B,1968-09-21,,Santos,Fluminense,2,1
Grp.B,1968-09-22,,Portuguesa,Internacional,3,3
Grp.B,1968-09-22,,Vasco,Atlético Mineiro,2,0
Grp.B,1968-09-22,,Grêmio,São Paulo,1,1
Grp.B,1968-09-22,,Cruzeiro,Bahia,1,0
Grp.A,1968-09-22,,Atlético Paranaense,Botafogo,0,1
Grp.B,1968-09-25,,Internacional,Bahia,1,1
Grp.B,1968-09-25,,Santos,Bangu,1,1
Grp.B,1968-09-25,,Atlético Mineiro,São Paulo,1,2
Grp.A,1968-09-25,,Flamengo,Cruzeiro,1,0
Grp.B,1968-09-26,,Palmeiras,Fluminense,2,0
Grp.A,1968-09-26,,Botafogo,Náutico,4,1
Grp.A,1968-09-28,,Flamengo,Bangu,1,1
Grp.B,1968-09-29,,Vasco,Santos,3,2
Grp.A,1968-09-29,,Corinthians,Botafogo,3,0
Grp.B,1968-09-29,,Grêmio,Bahia,2,1
Grp.B,1968-09-29,,Atlético Mineiro,Fluminense,0,0
Grp.A,1968-09-29,,Atlético Paranaense,Internacional,3,1
Grp.B,1968-10-02,,Fluminense,Cruzeiro,1,2
Grp.B,1968-10-02,,São Paulo,Bangu,0,0
Grp.B,1968-10-02,,Bahia,Palmeiras,0,2
Grp.B,1968-10-03,,Flamengo,Portuguesa,3,3
Grp.B,1968-10-03,,Corinthians,Atlético Mineiro,2,1
Grp.B,1968-10-05,,Vasco,Botafogo,2,1
Grp.B,1968-10-06,,Grêmio,Bangu,0,0
Grp.B,1968-10-06,,Santos,Corinthians,2,1
Grp.B,1968-10-06,,Bahia,Portuguesa,0,1
Grp.A,1968-10-06,,Flamengo,Palmeiras,0,2
Grp.B,1968-10-06,,Atlético Mineiro,Internacional,0,1
Grp.B,1968-10-09,,São Paulo,Flamengo,2,2
Grp.B,1968-10-09,,Vasco,Grêmio,0,2
Grp.B,1968-10-09,,Náutico,Portuguesa,1,1
Grp.A,1968-10-09,,Cruzeiro,Corinthians,3,1
Grp.B,1968-10-09,,Atlético Paranaense,Atlético Mineiro,2,3
Grp.A,1968-10-09,,Internacional,Bangu,0,0
Grp.B,1968-10-10,,Santos,Bahia,9,2
Grp.B,1968-10-12,,Botafogo,Grêmio,0,1
Grp.B,1968-10-12,,Palmeiras,São Paulo,1,1
Grp.A,1968-10-13,,Náutico,Bangu,2,0
Grp.B,1968-10-13,,Santos,Cruzeiro,2,0
Grp.A,1968-10-13,,Internacional,Corinthians,0,1
Grp.B,1968-10-13,,Fluminense,Flamengo,1,0
Grp.B,1968-10-16,,Náutico,Vasco,1,3
Grp.A,1968-10-16,,Botafogo,Palmeiras,0,0
Grp.B,1968-10-16,,Santos,Portuguesa,2,0
Grp.B,1968-10-16,,Bahia,Bangu,0,1
Grp.B,1968-10-16,,Atlético Mineiro,Flamengo,0,0
Grp.A,1968-10-17,,Cruzeiro,Atlético Paranaense,4,1
Grp.B,1968-10-17,,Fluminense,São Paulo,5,2
Grp.B,1968-10-17,,Corinthians,Grêmio,2,1
Grp.A,1968-10-19,,Botafogo,Flamengo,0,0
Grp.B,1968-10-20,,Santos,São Paulo,0,0
Grp.B,1968-10-20,,Náutico,Fluminense,0,1
Grp.B,1968-10-20,,Vasco,Palmeiras,1,3
Grp.A,1968-10-20,,Atlético Paranaense,Corinthians,4,0
Grp.B,1968-10-20,,Grêmio,Atlético Mineiro,0,0
Grp.A,1968-10-20,,Cruzeiro,Bangu,1,1
Grp.A,1968-10-23,,Palmeiras,Cruzeiro,1,1
Grp.A,1968-10-23,,Bangu,Corinthians,1,3
Grp.B,1968-10-23,,Internacional,Santos,1,3
Grp.B,1968-10-23,,Atlético Paranaense,Vasco,2,3
Grp.B,1968-10-23,,Atlético Mineiro,Botafogo,1,1
Grp.B,1968-10-23,,Bahia,Fluminense,1,3
Grp.B,1968-10-24,,Flamengo,Grêmio,0,1
Grp.B,1968-10-26,,Fluminense,Portuguesa,0,2
Grp.A,1968-10-26,,Palmeiras,Bangu,3,1
Grp.B,1968-10-27,,Náutico,Santos,0,3
Grp.B,1968-10-27,,Vasco,São Paulo,3,2
Grp.B,1968-10-27,,Grêmio,Atlético Paranaense,1,1
Grp.B,1968-10-27,,Atlético Mineiro,Cruzeiro,1,0
Grp.B,1968-10-27,,Bahia,Botafogo,1,0
Grp.A,1968-10-27,,Corinthians,Flamengo,0,1
Grp.B,1968-11-03,,Bahia,Vasco,3,1
Grp.A,1968-11-14,,Náutico,Atlético Paranaense,1,2
Grp.A,1968-11-15,,Cruzeiro,Botafogo,1,1
Grp.A,1968-11-16,,Palmeiras,Corinthians,2,0
Grp.B,1968-11-16,,Atlético Mineiro,Bangu,1,0
Grp.B,1968-11-17,,São Paulo,Botafogo,4,1
Grp.A,1968-11-17,,Internacional,Flamengo,4,0
Grp.B,1968-11-17,,Vasco,Fluminense,2,1
Grp.B,1968-11-17,,Cruzeiro,Portuguesa,2,2
Grp.B,1968-11-17,,Bahia,Atlético Paranaense,1,1
Grp.B,1968-11-20,,Náutico,Bahia,1,0
Grp.A,1968-11-20,,Internacional,Botafogo,1,0
Grp.B,1968-11-20,,Cruzeiro,Grêmio,1,0
Grp.A,1968-11-20,,Atlético Paranaense,Flamengo,1,1
Grp.B,1968-11-20,,Corinthians,Vasco,2,1
Grp.B,1968-11-21,,Palmeiras,Portuguesa,1,0
Grp.B,1968-11-21,,Bangu,Fluminense,1,0
Grp.B,1968-11-23,,Vasco,Bangu,0,0
Grp.B,1968-11-23,,São Paulo,Cruzeiro,3,1
Grp.B,1968-11-24,,Atlético Mineiro,Santos,2,2
Grp.B,1968-11-24,,Portuguesa,Botafogo,2,2
Grp.B,1968-11-24,,Grêmio,Internacional,0,0
Grp.A,1968-11-24,,Náutico,Flamengo,0,0
Grp.B,1968-11-24,,Fluminense,Corinthians,2,1
Grp.A,1968-11-24,,Atlético Paranaense,Palmeiras,1,3
Grp.B,1968-11-27,,Náutico,São Paulo,2,3
Grp.B,1968-11-27,,Santos,Grêmio,3,1
Grp.B,1968-11-27,,Fluminense,Internacional,0,1
Grp.B,1968-11-27,,Bahia,Flamengo,2,1
Grp.B,1968-11-27,,Cruzeiro,Vasco,1,1
Grp.B,1968-11-27,,Atlético Paranaense,Portuguesa,1,0
Grp.A,1968-11-28,,Botafogo,Bangu,2,0
Grp.B,1968-11-28,,Atlético Mineiro,Palmeiras,2,1
Grp.B,1968-11-30,,Vasco,Flamengo,2,0
Grp.B,1968-11-30,,Bahia,São Paulo,2,1
Grp.A,1968-11-30,,Internacional,Cruzeiro,2,1
Grp.B,1968-12-01,,Grêmio,Fluminense,3,1
Grp.B,1968-12-01,,Portuguesa,Atlético Mineiro,1,3
Grp.B,1968-12-01,,Botafogo,Santos,3,2
Grp.A,1968-12-01,,Atlético Paranaense,Bangu,2,2
F,1968-12-04,,Palmeiras,Vasco,3,0
F,1968-12-04,,Internacional,Santos,1,2
F,1968-12-08,,Vasco,Internacional,3,2
F,1968-12-08,,Santos,Palmeiras,3,0
F,1968-12-10,,Vasco,Santos,1,2
F,1968-12-10,,Internacional,Palmeiras,3,0
Grp.A,1969-09-06,,Flamengo,Portuguesa,0,0
Grp.B,1969-09-07,,Internacional,Botafogo,3,1
Grp.B,1969-09-07,,Fluminense,Cruzeiro,0,3
Grp.B,1969-09-07,,Coritiba,Vasco,2,1
Grp.B,1969-09-07,,Atlético Mineiro,Grêmio,3,1
Grp.B,1969-09-07,,Bahia,Santa Cruz,1,1
Grp.B,1969-09-10,,Flamengo,Palmeiras,2,1
Grp.A,1969-09-10,,Portuguesa,America-RJ,2,2
Grp.B,1969-09-10,,Bahia,Fluminense,1,3
Grp.B,1969-09-10,,Coritiba,Internacional,0,2
Grp.B,1969-09-13,,Vasco,Atlético Mineiro,3,1
Grp.B,1969-09-14,,Flamengo,Grêmio,0,3
Grp.B,1969-09-14,,Internacional,Palmeiras,3,0
Grp.B,1969-09-14,,Santa Cruz,Fluminense,1,2
Grp.B,1969-09-14,,Cruzeiro,Botafogo,0,1
Grp.B,1969-09-14,,Coritiba,São Paulo,2,1
Grp.A,1969-09-14,,Corinthians,Portuguesa,2,2
Grp.A,1969-09-17,,Santa Cruz,Flamengo,2,1
Grp.B,1969-09-17,,Palmeiras,Cruzeiro,0,
Grp.B,1969-09-17,,America-RJ,Fluminense,2,1
Grp.B,1969-09-17,,Bahia,Corinthians,1,3
Grp.B,1969-09-20,,Palmeiras,America-RJ,2,2
Grp.A,1969-09-21,,Santa Cruz,Corinthians,0,0
Grp.B,1969-09-21,,Vasco,Fluminense,2,2
Grp.B,1969-09-21,,Internacional,Grêmio,1,0
Grp.B,1969-09-21,,São Paulo,Atlético Mineiro,2,5
Grp.B,1969-09-21,,Bahia,Flamengo,0,0
Grp.B,1969-09-21,,Coritiba,Botafogo,3,1
Grp.A,1969-09-21,,Cruzeiro,Portuguesa,1,1
Grp.A,1969-09-24,,Corinthians,Cruzeiro,2,0
Grp.B,1969-09-24,,Atlético Mineiro,Coritiba,3,1
Grp.A,1969-09-24,,America-RJ,Internacional,0,0
Grp.B,1969-09-27,,Botafogo,America-RJ,2,1
Grp.B,1969-09-28,,Grêmio,Santos,2,1
Grp.B,1969-09-28,,Fluminense,Flamengo,4,1
Grp.B,1969-09-28,,Santa Cruz,Vasco,0,3
Grp.A,1969-09-28,,Corinthians,Internacional,3,1
Grp.B,1969-09-28,,Cruzeiro,Atlético Mineiro,2,1
Grp.B,1969-09-28,,Bahia,Palmeiras,2,0
Grp.B,1969-09-28,,Coritiba,Portuguesa,2,0
Grp.B,1969-10-01,,Santa Cruz,Palmeiras,2,3
Grp.B,1969-10-01,,Corinthians,São Paulo,2,0
Grp.B,1969-10-01,,Internacional,Atlético Mineiro,2,1
Grp.A,1969-10-01,,America-RJ,Cruzeiro,1,2
Grp.B,1969-10-01,,Bahia,Vasco,1,1
Grp.A,1969-10-05,,Santos,Cruzeiro,2,3
Grp.B,1969-10-05,,Grêmio,Corinthians,1,0
Grp.B,1969-10-05,,Coritiba,Fluminense,1,1
Grp.B,1969-10-05,,Flamengo,Vasco,3,1
Grp.B,1969-10-05,,Atlético Mineiro,America-RJ,2,0
Grp.B,1969-10-08,,Botafogo,São Paulo,1,0
Grp.A,1969-10-08,,Internacional,Santos,3,0
Grp.B,1969-10-08,,Bahia,America-RJ,0,4
Grp.B,1969-10-11,,Fluminense,Grêmio,2,1
Grp.A,1969-10-12,,Internacional,Portuguesa,1,3
Grp.B,1969-10-12,,Coritiba,Flamengo,1,1
Grp.B,1969-10-12,,Palmeiras,Santos,2,1
Grp.A,1969-10-12,,Santa Cruz,America-RJ,3,3
Grp.B,1969-10-12,,Atlético Mineiro,Corinthians,1,2
Grp.B,1969-10-12,,Bahia,São Paulo,2,3
Grp.B,1969-10-12,,Botafogo,Vasco,2,0
Grp.A,1969-10-15,,Santos,Portuguesa,6,2
Grp.B,1969-10-15,,Santa Cruz,São Paulo,1,1
Grp.B,1969-10-15,,Flamengo,Atlético Mineiro,1,3
Grp.B,1969-10-15,,Bahia,Cruzeiro,2,1
Grp.B,1969-10-18,,Portuguesa,São Paulo,2,1
Grp.B,1969-10-18,,Fluminense,Palmeiras,2,0
Grp.B,1969-10-19,,Grêmio,Botafogo,0,0
Grp.B,1969-10-19,,Vasco,America-RJ,0,0
Grp.B,1969-10-19,,Santa Cruz,Atlético Mineiro,3,1
Grp.A,1969-10-19,,Cruzeiro,Flamengo,2,2
Grp.B,1969-10-19,,Coritiba,Bahia,0,0
Grp.B,1969-10-22,,São Paulo,Fluminense,1,0
Grp.B,1969-10-22,,Internacional,Bahia,3,2
Grp.B,1969-10-22,,Coritiba,Santos,1,3
Grp.B,1969-10-22,,Botafogo,Atlético Mineiro,2,1
Grp.B,1969-10-25,,Vasco,Corinthians,1,2
Grp.B,1969-10-25,,Portuguesa,Grêmio,1,1
Grp.B,1969-10-25,,Atlético Mineiro,Bahia,3,1
Grp.B,1969-10-26,,Palmeiras,Botafogo,3,0
Grp.A,1969-10-26,,Internacional,Flamengo,1,2
Grp.B,1969-10-26,,Fluminense,Santos,0,0
Grp.B,1969-10-26,,Coritiba,America-RJ,2,0
Grp.B,1969-10-26,,Cruzeiro,São Paulo,2,0
Grp.A,1969-10-29,,Santa Cruz,Portuguesa,0,0
Grp.A,1969-10-29,,Santos,America-RJ,1,1
Grp.B,1969-10-29,,Grêmio,Coritiba,1,0
Grp.B,1969-10-29,,Botafogo,Corinthians,0,2
Grp.B,1969-11-01,,Internacional,Vasco,2,0
Grp.B,1969-11-01,,Santa Cruz,Botafogo,2,1
Grp.A,1969-11-01,,Flamengo,Santos,1,4
Grp.B,1969-11-01,,Corinthians,Fluminense,2,0
Grp.B,1969-11-01,,Bahia,Portuguesa,2,1
Grp.B,1969-11-01,,Coritiba,Cruzeiro,1,1
Grp.B,1969-11-02,,São Paulo,Grêmio,2,2
Grp.B,1969-11-02,,Atlético Mineiro,Palmeiras,0,1
Grp.A,1969-11-04,,Corinthians,Santos,4,1
Grp.B,1969-11-05,,São Paulo,Palmeiras,2,1
Grp.B,1969-11-05,,Vasco,Grêmio,0,0
Grp.A,1969-11-05,,Cruzeiro,Internacional,1,0
Grp.B,1969-11-05,,Bahia,Botafogo,2,1
Grp.A,1969-11-07,,Corinthians,America-RJ,2,2
Grp.B,1969-11-08,,Portuguesa,Atlético Mineiro,2,2
Grp.B,1969-11-09,,Cruzeiro,Vasco,1,0
Grp.B,1969-11-09,,Internacional,Fluminense,1,1
Grp.B,1969-11-09,,Santos,São Paulo,1,1
Grp.B,1969-11-09,,Coritiba,Palmeiras,1,3
Grp.B,1969-11-09,,Botafogo,Flamengo,3,1
Grp.B,1969-11-09,,Bahia,Grêmio,1,0
Grp.A,1969-11-12,,Santa Cruz,Santos,0,4
Grp.B,1969-11-12,,Palmeiras,Vasco,1,0
Grp.B,1969-11-12,,Fluminense,Portuguesa,2,2
Grp.B,1969-11-12,,Grêmio,America-RJ,0,2
Grp.B,1969-11-12,,Coritiba,Corinthians,2,3
Grp.B,1969-11-15,,Palmeiras,Corinthians,1,0
Grp.B,1969-11-15,,Botafogo,Portuguesa,3,0
Grp.A,1969-11-16,,Santa Cruz,Internacional,0,0
Grp.B,1969-11-16,,São Paulo,Vasco,3,0
Grp.A,1969-11-16,,America-RJ,Flamengo,1,1
Grp.B,1969-11-16,,Grêmio,Cruzeiro,1,1
Grp.B,1969-11-16,,Bahia,Santos,1,1
Grp.B,1969-11-16,,Atlético Mineiro,Fluminense,2,0
Grp.B,1969-11-19,,São Paulo,Flamengo,4,1
Grp.B,1969-11-19,,Vasco,Santos,1,2
Grp.B,1969-11-19,,Grêmio,Santa Cruz,3,1
Grp.B,1969-11-22,,Vasco,Portuguesa,0,1
Grp.B,1969-11-22,,Palmeiras,Grêmio,4,1
Grp.B,1969-11-23,,Internacional,São Paulo,1,1
Grp.B,1969-11-23,,Coritiba,Santa Cruz,0,1
Grp.B,1969-11-23,,Atlético Mineiro,Santos,2,0
Grp.B,1969-11-23,,Botafogo,Fluminense,1,0
Grp.A,1969-11-23,,Corinthians,Flamengo,0,0
Grp.B,1969-11-25,,Palmeiras,Portuguesa,2,0
Grp.B,1969-11-26,,Santos,Botafogo,0,0
Grp.A,1969-11-26,,Cruzeiro,Santa Cruz,4,0
Grp.B,1969-11-26,,America-RJ,São Paulo,4,0
F,1969-11-30,,Corinthians,Palmeiras,0,0
F,1969-11-30,,Botafogo,Cruzeiro,2,2
F,1969-12-03,,Cruzeiro,Palmeiras,1,1
F,1969-12-03,,Corinthians,Botafogo,1,0
F,1969-12-07,,Palmeiras,Botafogo,3,1
F,1969-12-07,,Cruzeiro,Corinthians,2,1
Grp.B,1970-09-20,,Atlético Paranaense,Corinthians,0,0
Grp.A,1970-09-20,,São Paulo,Palmeiras,0,1
Grp.B,1970-09-20,,Santa Cruz,Bahia,1,1
Grp.B,1970-09-23,,Ponte Preta,Vasco,1,0
Grp.B,1970-09-23,,Cruzeiro,Botafogo,1,0
Grp.A,1970-09-23,,Bahia,Atlético Mineiro,0,0
Grp.B,1970-09-26,,Palmeiras,Ponte Preta,4,0
Grp.B,1970-09-26,,Fluminense,Corinthians,1,0
Grp.B,1970-09-27,,Vasco,Botafogo,0,1
Grp.B,1970-09-27,,São Paulo,Flamengo,0,2
Grp.B,1970-09-27,,Atlético Paranaense,America-RJ,2,1
Grp.B,1970-09-27,,Cruzeiro,Santos,1,1
Grp.B,1970-09-27,,Santa Cruz,Atlético Mineiro,1,1
Grp.B,1970-10-01,,Bahia,Ponte Preta,2,1
Grp.B,1970-10-03,,Fluminense,Cruzeiro,2,1
Grp.B,1970-10-04,,Santa Cruz,Ponte Preta,1,1
Grp.B,1970-10-04,,Internacional,Atlético Paranaense,4,1
Grp.B,1970-10-04,,Flamengo,Vasco,3,1
Grp.A,1970-10-04,,Bahia,São Paulo,1,0
Grp.B,1970-10-04,,Atlético Mineiro,Corinthians,3,1
Grp.A,1970-10-05,,Palmeiras,America-RJ,1,0
Grp.B,1970-10-07,,Santos,Internacional,2,0
Grp.B,1970-10-07,,Santa Cruz,São Paulo,0,2
Grp.B,1970-10-07,,Atlético Paranaense,Bahia,1,0
Grp.B,1970-10-07,,Fluminense,Grêmio,2,0
Grp.B,1970-10-08,,Vasco,America-RJ,0,2
Grp.B,1970-10-08,,Corinthians,Cruzeiro,1,1
Grp.B,1970-10-10,,Ponte Preta,Flamengo,0,0
Grp.B,1970-10-11,,São Paulo,Corinthians,1,2
Grp.A,1970-10-11,,Grêmio,Santos,0,2
Grp.B,1970-10-11,,Fluminense,America-RJ,3,0
Grp.B,1970-10-11,,Atlético Mineiro,Vasco,1,0
Grp.B,1970-10-11,,Atlético Paranaense,Palmeiras,0,1
Grp.A,1970-10-14,,Santos,Atlético Mineiro,1,1
Grp.B,1970-10-14,,Santa Cruz,Atlético Paranaense,1,1
Grp.B,1970-10-14,,Internacional,Ponte Preta,3,1
Grp.B,1970-10-14,,Bahia,Fluminense,1,0
Grp.A,1970-10-14,,Botafogo,Grêmio,1,2
Grp.B,1970-10-15,,Flamengo,America-RJ,2,1
Grp.B,1970-10-17,,Vasco,Santos,5,1
Grp.A,1970-10-17,,São Paulo,Grêmio,0,0
Grp.B,1970-10-18,,Flamengo,Palmeiras,0,0
Grp.B,1970-10-18,,Santa Cruz,Fluminense,0,1
Grp.B,1970-10-18,,Cruzeiro,America-RJ,3,1
Grp.B,1970-10-18,,Corinthians,Ponte Preta,1,0
Grp.B,1970-10-18,,Atlético Paranaense,Botafogo,1,2
Grp.B,1970-10-18,,Bahia,Internacional,1,1
Grp.B,1970-10-21,,Santa Cruz,Internacional,2,1
Grp.B,1970-10-21,,Grêmio,Flamengo,0,0
Grp.B,1970-10-21,,Corinthians,Botafogo,0,1
Grp.A,1970-10-21,,America-RJ,Atlético Mineiro,1,1
Grp.B,1970-10-22,,Santos,Ponte Preta,1,1
Grp.B,1970-10-22,,Fluminense,São Paulo,1,1
Grp.B,1970-10-24,,America-RJ,Corinthians,3,3
Grp.B,1970-10-25,,Santa Cruz,Vasco,0,3
Grp.B,1970-10-25,,Atlético Paranaense,São Paulo,0,2
Grp.B,1970-10-25,,Ponte Preta,Grêmio,1,1
Grp.B,1970-10-25,,Internacional,Fluminense,2,0
Grp.A,1970-10-25,,Bahia,Palmeiras,0,1
Grp.B,1970-10-25,,Cruzeiro,Atlético Mineiro,1,1
Grp.B,1970-10-25,,Flamengo,Botafogo,0,0
Grp.B,1970-10-28,,Palmeiras,Santa Cruz,1,1
Grp.B,1970-10-28,,Grêmio,Internacional,0,0
Grp.B,1970-10-28,,Atlético Paranaense,Santos,1,0
Grp.B,1970-10-28,,Bahia,Vasco,0,0
Grp.A,1970-10-28,,America-RJ,São Paulo,1,1
Grp.B,1970-10-31,,Ponte Preta,São Paulo,1,3
Grp.B,1970-10-31,,Flamengo,Santa Cruz,5,1
Grp.B,1970-10-31,,Atlético Mineiro,Atlético Paranaense,3,0
Grp.B,1970-11-01,,Internacional,Botafogo,1,0
Grp.B,1970-11-01,,Santos,Corinthians,0,2
Grp.B,1970-11-01,,Cruzeiro,Palmeiras,0,1
Grp.B,1970-11-01,,Fluminense,Vasco,3,1
Grp.A,1970-11-01,,Bahia,Grêmio,0,1
Grp.A,1970-11-04,,São Paulo,Botafogo,1,2
Grp.B,1970-11-04,,Santa Cruz,Grêmio,1,1
Grp.B,1970-11-04,,Cruzeiro,Internacional,1,2
Grp.B,1970-11-04,,Fluminense,Ponte Preta,6,1
Grp.B,1970-11-04,,Atlético Paranaense,Flamengo,0,0
Grp.B,1970-11-07,,Vasco,São Paulo,1,1
Grp.B,1970-11-07,,Palmeiras,Fluminense,0,3
Grp.B,1970-11-08,,Grêmio,Atlético Paranaense,5,0
Grp.B,1970-11-08,,Cruzeiro,Flamengo,3,1
Grp.B,1970-11-08,,Corinthians,Internacional,0,0
Grp.A,1970-11-08,,Bahia,America-RJ,0,0
Grp.A,1970-11-08,,Botafogo,Santos,2,2
Grp.B,1970-11-11,,Vasco,Internacional,1,1
Grp.A,1970-11-11,,Palmeiras,Santos,1,1
Grp.A,1970-11-11,,Atlético Mineiro,São Paulo,0,0
Grp.B,1970-11-11,,Grêmio,Corinthians,1,0
Grp.B,1970-11-12,,Fluminense,Botafogo,1,1
Grp.B,1970-11-14,,Corinthians,Vasco,3,1
Grp.B,1970-11-14,,Flamengo,Santos,2,0
Grp.B,1970-11-15,,Internacional,Palmeiras,1,0
Grp.B,1970-11-15,,Santa Cruz,America-RJ,2,1
Grp.B,1970-11-15,,Atlético Paranaense,Cruzeiro,0,2
Grp.A,1970-11-15,,Atlético Mineiro,Grêmio,1,0
Grp.B,1970-11-18,,Grêmio,Cruzeiro,3,
Grp.B,1970-11-18,,Santos,Fluminense,1,0
Grp.B,1970-11-18,,Botafogo,Ponte Preta,4,0
Grp.B,1970-11-18,,Bahia,Flamengo,1,0
Grp.A,1970-11-19,,Palmeiras,Atlético Mineiro,2,1
Grp.A,1970-11-21,,Santos,America-RJ,0,0
Grp.B,1970-11-21,,Cruzeiro,Ponte Preta,6,0
Grp.B,1970-11-22,,Flamengo,Fluminense,1,1
Grp.B,1970-11-22,,Internacional,São Paulo,2,0
Grp.B,1970-11-22,,Corinthians,Palmeiras,1,1
Grp.B,1970-11-22,,Atlético Paranaense,Vasco,4,1
Grp.A,1970-11-22,,Atlético Mineiro,Botafogo,3,1
Grp.B,1970-11-25,,Santa Cruz,Corinthians,0,0
Grp.B,1970-11-25,,Bahia,Cruzeiro,0,1
Grp.B,1970-11-25,,America-RJ,Internacional,1,0
Grp.B,1970-11-26,,Ponte Preta,Atlético Mineiro,0,1
Grp.A,1970-11-26,,Botafogo,Palmeiras,0,0
Grp.B,1970-11-28,,Flamengo,Internacional,1,0
Grp.B,1970-11-29,,Santa Cruz,Cruzeiro,1,2
Grp.A,1970-11-29,,Santos,São Paulo,3,2
Grp.B,1970-11-29,,Grêmio,Vasco,1,0
Grp.A,1970-11-29,,Botafogo,America-RJ,1,0
Grp.B,1970-11-29,,Atlético Paranaense,Ponte Preta,0,1
Grp.B,1970-11-29,,Bahia,Corinthians,3,2
Grp.B,1970-11-29,,Atlético Mineiro,Fluminense,3,1
Grp.B,1970-12-02,,Santa Cruz,Botafogo,1,1
Grp.A,1970-12-02,,Palmeiras,Grêmio,1,0
Grp.B,1970-12-02,,Flamengo,Atlético Mineiro,1,0
Grp.A,1970-12-02,,Bahia,Santos,1,5
Grp.B,1970-12-03,,Vasco,Cruzeiro,0,3
Grp.B,1970-12-03,,Ponte Preta,America-RJ,2,1
Grp.B,1970-12-05,,Internacional,Atlético Mineiro,3,1
Grp.B,1970-12-05,,Corinthians,Flamengo,1,0
Grp.B,1970-12-06,,Santa Cruz,Santos,1,0
Grp.B,1970-12-06,,São Paulo,Cruzeiro,0,2
Grp.B,1970-12-06,,Vasco,Palmeiras,0,1
Grp.A,1970-12-06,,Grêmio,America-RJ,2,2
Grp.B,1970-12-06,,Atlético Paranaense,Fluminense,1,1
Grp.A,1970-12-06,,Bahia,Botafogo,0,4
F,1970-12-13,,Fluminense,Palmeiras,1,0
F,1970-12-13,,Cruzeiro,Atlético Mineiro,1,1
F,1970-12-16,,Palmeiras,Atlético Mineiro,3,0
F,1970-12-16,,Cruzeiro,Fluminense,0,1
F,1970-12-20,,Palmeiras,Cruzeiro,4,2
F,1970-12-20,,Fluminense,Atlético Mineiro,1,1