Fase,Data,Horário,Mandante,Visitante,Placar Mandante,Placar Visitante
Grp.C/D,1975-08-20,,Internacional,Figueirense,3,1
Grp.C/D,1975-08-20,,Sergipe,São Paulo,0,0
Grp.C/D,1975-08-20,,Desportiva Ferroviária,Vitória,0,0
Grp.A/B,1975-08-20,,Fluminense,Coritiba,0,1
Grp.C/D,1975-08-20,,Goiás,Santos,0,0
Grp.A/B,1975-08-20,,Atlético Paranaense,Botafogo,2,1
Grp.A/B,1975-08-20,,Rio Negro-AM,Tiradentes-PI,1,1
Grp.A/B,1975-08-20,,Moto Club,Paysandu,4,3
Grp.A/B,1975-08-20,,Corinthians,America-RJ,1,0
Grp.A/B,1975-08-20,,Fortaleza,América Mineiro,2,0
Grp.A/B,1975-08-21,,Palmeiras,Guarani,1,1
Grp.C/D,1975-08-21,,Flamengo,Sport,1,2
Grp.A/B,1975-08-23,,Botafogo,Paysandu,2,1
Grp.C/D,1975-08-23,,Vitória,Internacional,0,5
Grp.C/D,1975-08-24,,Vasco,Grêmio,2,1
Grp.C/D,1975-08-24,,Santa Cruz,São Paulo,1,2
Grp.C/D,1975-08-24,,Americano,Santos,2,1
Grp.C/D,1975-08-24,,Campinense,CSA,0,2
Grp.C/D,1975-08-24,,Goiânia,CEUB,2,1
Grp.C/D,1975-08-24,,Bahia,Flamengo,0,0
Grp.C/D,1975-08-24,,América-RN,Desportiva Ferroviária,2,1
Grp.C/D,1975-08-24,,Sergipe,Náutico,2,3
Grp.C/D,1975-08-24,,Figueirense,Sport,0,0
Grp.A/B,1975-08-24,,Moto Club,Ceará,0,3
Grp.A/B,1975-08-24,,Rio Negro-AM,Nacional-AM,0,0
Grp.A/B,1975-08-24,,Atlético Mineiro,Corinthians,0,0
Grp.A/B,1975-08-24,,Remo,Tiradentes-PI,1,0
Grp.A/B,1975-08-24,,Comercial-MS,Cruzeiro,0,0
Grp.A/B,1975-08-24,,Fortaleza,Atlético Paranaense,2,1
Grp.A/B,1975-08-24,,Palmeiras,Fluminense,3,1
Grp.A/B,1975-08-26,,Comercial-MS,Paysandu,2,1
Grp.C/D,1975-08-27,,CSA,América-RN,2,1
Grp.A/B,1975-08-27,,Ceará,America-RJ,0,2
Grp.A/B,1975-08-27,,Cruzeiro,Coritiba,1,0
Grp.C/D,1975-08-27,,Goiânia,Internacional,0,1
Grp.C/D,1975-08-27,,Americano,Grêmio,0,2
Grp.A/B,1975-08-27,,Rio Negro-AM,Atlético Paranaense,2,0
Grp.C/D,1975-08-27,,Portuguesa,Bahia,2,1
Grp.C/D,1975-08-27,,Náutico,Flamengo,1,0
Grp.C/D,1975-08-27,,Desportiva Ferroviária,Santos,1,2
Grp.C/D,1975-08-27,,Campinense,São Paulo,2,2
Grp.C/D,1975-08-27,,Sergipe,Sport,0,1
Grp.C/D,1975-08-28,,Santa Cruz,Vasco,1,1
Grp.A/B,1975-08-28,,Atlético Mineiro,Guarani,2,0
Grp.C/D,1975-08-28,,Figueirense,CEUB,2,1
Grp.C/D,1975-08-30,,Portuguesa,Internacional,0,2
Grp.A/B,1975-08-30,,Fluminense,Atlético Mineiro,5,2
Grp.C/D,1975-08-30,,Santos,Bahia,0,2
Grp.A/B,1975-08-31,,Remo,Atlético Paranaense,2,2
Grp.A/B,1975-08-31,,Comercial-MS,Nacional-AM,2,0
Grp.A/B,1975-08-31,,América Mineiro,Moto Club,0,0
Grp.A/B,1975-08-31,,Corinthians,Fortaleza,1,0
Grp.A/B,1975-08-31,,Coritiba,Ceará,4,0
Grp.A/B,1975-08-31,,Tiradentes-PI,America-RJ,2,1
Grp.C/D,1975-08-31,,América-RN,São Paulo,3,4
Grp.C/D,1975-08-31,,Americano,Figueirense,2,1
Grp.C/D,1975-08-31,,Goiás,Goiânia,3,1
Grp.C/D,1975-08-31,,Grêmio,CEUB,0,0
Grp.C/D,1975-08-31,,Campinense,Náutico,1,1
Grp.C/D,1975-08-31,,Vitória,Vasco,2,2
Grp.A/B,1975-08-31,,Botafogo,Cruzeiro,0,2
Grp.C/D,1975-08-31,,Desportiva Ferroviária,Flamengo,0,2
Grp.A/B,1975-09-03,,Tiradentes-PI,Fortaleza,0,0
Grp.A/B,1975-09-03,,Comercial-MS,Ceará,1,0
Grp.A/B,1975-09-03,,Atlético Paranaense,Moto Club,5,1
Grp.A/B,1975-09-03,,Cruzeiro,Rio Negro-AM,4,0
Grp.A/B,1975-09-03,,Guarani,Remo,0,0
Grp.C/D,1975-09-03,,América-RN,Sport,2,1
Grp.C/D,1975-09-03,,Portuguesa,CEUB,1,1
Grp.C/D,1975-09-03,,Flamengo,Americano,1,0
Grp.C/D,1975-09-03,,Santa Cruz,Goiás,2,2
Grp.C/D,1975-09-03,,CSA,Figueirense,1,1
Grp.A/B,1975-09-03,,Paysandu,America-RJ,3,3
Grp.C/D,1975-09-03,,Sergipe,Vasco,0,1
Grp.A/B,1975-09-04,,Atlético Mineiro,América Mineiro,1,1
Grp.C/D,1975-09-04,,São Paulo,Goiânia,2,0
Grp.A/B,1975-09-06,,Palmeiras,Ceará,2,0
Grp.A/B,1975-09-06,,América Mineiro,Rio Negro-AM,2,0
Grp.C/D,1975-09-06,,Santos,CSA,2,0
Grp.A/B,1975-09-07,,Corinthians,Botafogo,1,1
Grp.A/B,1975-09-07,,Coritiba,Guarani,1,0
Grp.A/B,1975-09-07,,Tiradentes-PI,Moto Club,4,1
Grp.A/B,1975-09-07,,Atlético Mineiro,Cruzeiro,2,2
Grp.A/B,1975-09-07,,Nacional-AM,America-RJ,1,1
Grp.A/B,1975-09-07,,Remo,Paysandu,2,0
Grp.C/D,1975-09-07,,Desportiva Ferroviária,Portuguesa,0,0
Grp.C/D,1975-09-07,,Náutico,Goiânia,3,1
Grp.C/D,1975-09-07,,Campinense,Americano,0,1
Grp.C/D,1975-09-07,,Vasco,Flamengo,4,2
Grp.C/D,1975-09-07,,Internacional,Grêmio,1,1
Grp.C/D,1975-09-07,,Bahia,Vitória,1,1
Grp.A/B,1975-09-07,,Comercial-MS,Fluminense,1,1
Grp.C/D,1975-09-07,,América-RN,Goiás,3,3
Grp.A/B,1975-09-10,,Atlético Mineiro,Atlético Paranaense,0,0
Grp.A/B,1975-09-10,,America-RJ,Cruzeiro,0,0
Grp.A/B,1975-09-10,,Nacional-AM,Fortaleza,1,1
Grp.C/D,1975-09-10,,CEUB,Campinense,2,1
Grp.C/D,1975-09-10,,São Paulo,Vitória,3,0
Grp.C/D,1975-09-10,,Internacional,Santa Cruz,1,0
Grp.C/D,1975-09-10,,Sergipe,Bahia,1,1
Grp.C/D,1975-09-10,,Sport,Goiânia,1,1
Grp.A/B,1975-09-10,,Guarani,Rio Negro-AM,2,0
Grp.C/D,1975-09-10,,Americano,Portuguesa,0,1
Grp.A/B,1975-09-10,,Coritiba,Tiradentes-PI,2,0
Grp.A/B,1975-09-10,,Ceará,Remo,2,0
Grp.C/D,1975-09-11,,Náutico,Grêmio,0,0
Grp.C/D,1975-09-11,,Flamengo,CSA,3,1
Grp.A/B,1975-09-13,,América Mineiro,Remo,1,1
Grp.A/B,1975-09-13,,America-RJ,Atlético Paranaense,5,2
Grp.C/D,1975-09-13,,CEUB,Vitória,1,0
Grp.C/D,1975-09-14,,Figueirense,Náutico,1,1
Grp.C/D,1975-09-14,,São Paulo,Flamengo,2,0
Grp.A/B,1975-09-14,,Cruzeiro,Palmeiras,2,0
Grp.A/B,1975-09-14,,Coritiba,Corinthians,0,2
Grp.A/B,1975-09-14,,Guarani,Botafogo,1,1
Grp.C/D,1975-09-14,,Desportiva Ferroviária,Sergipe,1,1
Grp.C/D,1975-09-14,,América-RN,Bahia,1,1
Grp.C/D,1975-09-14,,Americano,Santa Cruz,1,4
Grp.C/D,1975-09-14,,Goiás,Campinense,4,0
Grp.C/D,1975-09-14,,Internacional,Santos,1,0
Grp.C/D,1975-09-14,,Vasco,Portuguesa,2,0
Grp.C/D,1975-09-14,,Sport,Grêmio,2,2
Grp.A/B,1975-09-14,,Moto Club,Fluminense,1,3
Grp.C/D,1975-09-14,,CSA,Goiânia,1,0
Grp.A/B,1975-09-14,,Nacional-AM,Atlético Mineiro,0,2
Grp.A/B,1975-09-14,,Ceará,Rio Negro-AM,0,0
Grp.A/B,1975-09-14,,Paysandu,Fortaleza,3,1
Grp.A/B,1975-09-17,,Fortaleza,Fluminense,1,0
Grp.C/D,1975-09-17,,Americano,América-RN,1,3
Grp.C/D,1975-09-17,,Goiânia,Vasco,2,1
Grp.C/D,1975-09-17,,Campinense,Sport,1,1
Grp.C/D,1975-09-17,,Figueirense,São Paulo,1,1
Grp.A/B,1975-09-17,,Comercial-MS,América Mineiro,0,0
Grp.A/B,1975-09-17,,Botafogo,Nacional-AM,4,0
Grp.C/D,1975-09-17,,Internacional,Sergipe,5,0
Grp.A/B,1975-09-17,,Cruzeiro,Remo,0,0
Grp.C/D,1975-09-17,,Desportiva Ferroviária,Santa Cruz,1,0
Grp.A/B,1975-09-17,,Paysandu,Atlético Mineiro,1,0
Grp.C/D,1975-09-17,,Bahia,Grêmio,1,1
Grp.C/D,1975-09-17,,Santos,Náutico,0,3
Grp.C/D,1975-09-17,,CEUB,Flamengo,0,1
Grp.A/B,1975-09-17,,Atlético Paranaense,Palmeiras,2,4
Grp.C/D,1975-09-18,,Goiás,Vitória,1,0
Grp.A/B,1975-09-20,,Fortaleza,Cruzeiro,0,0
Grp.C/D,1975-09-20,,Santos,Vasco,1,1
Grp.A/B,1975-09-20,,Guarani,Comercial-MS,2,0
Grp.A/B,1975-09-21,,Remo,Fluminense,2,1
Grp.A/B,1975-09-21,,Tiradentes-PI,Atlético Mineiro,0,1
Grp.A/B,1975-09-21,,Palmeiras,Corinthians,1,1
Grp.A/B,1975-09-21,,Ceará,Botafogo,1,0
Grp.A/B,1975-09-21,,America-RJ,América Mineiro,3,0
Grp.C/D,1975-09-21,,Grêmio,São Paulo,1,1
Grp.C/D,1975-09-21,,CSA,Portuguesa,0,0
Grp.A/B,1975-09-21,,Moto Club,Nacional-AM,1,1
Grp.A/B,1975-09-21,,Rio Negro-AM,Paysandu,1,1
Grp.C/D,1975-09-21,,Vitória,Náutico,2,0
Grp.C/D,1975-09-21,,Goiás,Flamengo,0,0
Grp.C/D,1975-09-21,,América-RN,Internacional,1,1
Grp.C/D,1975-09-21,,Figueirense,Desportiva Ferroviária,5,1
Grp.C/D,1975-09-21,,Santa Cruz,Bahia,1,1
Grp.C/D,1975-09-21,,Sergipe,CEUB,2,2
Grp.C/D,1975-09-24,,CEUB,América-RN,2,1
Grp.C/D,1975-09-24,,Campinense,Internacional,0,3
Grp.C/D,1975-09-24,,Grêmio,Desportiva Ferroviária,3,1
Grp.C/D,1975-09-24,,Vitória,CSA,2,1
Grp.C/D,1975-09-24,,Santa Cruz,Náutico,1,0
Grp.C/D,1975-09-24,,Figueirense,Vasco,0,1
Grp.C/D,1975-09-24,,Goiás,Sergipe,2,0
Grp.A/B,1975-09-24,,Remo,Nacional-AM,2,2
Grp.A/B,1975-09-24,,Moto Club,Cruzeiro,0,4
Grp.A/B,1975-09-24,,Comercial-MS,Corinthians,0,1
Grp.A/B,1975-09-24,,Rio Negro-AM,Fluminense,1,2
Grp.A/B,1975-09-24,,Tiradentes-PI,Botafogo,0,1
Grp.A/B,1975-09-24,,América Mineiro,Palmeiras,0,0
Grp.A/B,1975-09-24,,Coritiba,Atlético Paranaense,1,0
Grp.A/B,1975-09-24,,Ceará,Atlético Mineiro,0,1
Grp.C/D,1975-09-25,,Bahia,Goiânia,0,0
Grp.C/D,1975-09-25,,Sport,Portuguesa,1,0
Grp.A/B,1975-09-25,,Fortaleza,Guarani,1,1
Grp.C/D,1975-09-27,,Vasco,América-RN,0,1
Grp.C/D,1975-09-27,,Náutico,Portuguesa,1,2
Grp.A/B,1975-09-27,,Rio Negro-AM,Corinthians,0,0
Grp.A/B,1975-09-27,,Fluminense,America-RJ,2,0
Grp.C/D,1975-09-28,,Flamengo,Internacional,2,1
Grp.C/D,1975-09-28,,Santa Cruz,Sport,3,3
Grp.C/D,1975-09-28,,Goiânia,Desportiva Ferroviária,4,2
Grp.C/D,1975-09-28,,São Paulo,Santos,1,0
Grp.C/D,1975-09-28,,Grêmio,Goiás,0,0
Grp.C/D,1975-09-28,,Campinense,Bahia,2,5
Grp.C/D,1975-09-28,,Sergipe,Americano,1,0
Grp.A/B,1975-09-28,,Ceará,Fortaleza,0,0
Grp.A/B,1975-09-28,,Paysandu,Coritiba,0,0
Grp.A/B,1975-09-28,,Atlético Paranaense,Comercial-MS,4,1
Grp.A/B,1975-09-28,,Nacional-AM,Palmeiras,1,1
Grp.A/B,1975-09-28,,América Mineiro,Botafogo,1,1
Grp.A/B,1975-09-28,,Moto Club,Guarani,1,3
Grp.C/D,1975-10-01,,CSA,Sergipe,1,0
Grp.C/D,1975-10-01,,Sport,Santos,2,0
Grp.C/D,1975-10-01,,Figueirense,Goiás,1,1
Grp.C/D,1975-10-01,,CEUB,Santa Cruz,0,0
Grp.C/D,1975-10-01,,Portuguesa,São Paulo,0,1
Grp.A/B,1975-10-01,,Tiradentes-PI,Comercial-MS,2,0
Grp.A/B,1975-10-01,,Nacional-AM,Coritiba,1,0
Grp.A/B,1975-10-01,,Paysandu,Palmeiras,0,0
Grp.A/B,1975-10-02,,Remo,Corinthians,1,0
Grp.C/D,1975-10-02,,Vasco,Campinense,4,0
Grp.C/D,1975-10-02,,Americano,Vitória,0,1
Grp.C/D,1975-10-04,,Náutico,América-RN,1,0
Grp.C/D,1975-10-04,,CEUB,Santos,2,2
Grp.A/B,1975-10-04,,America-RJ,Guarani,2,0
Grp.C/D,1975-10-05,,Sport,Vitória,2,0
Grp.C/D,1975-10-05,,Bahia,Figueirense,0,1
Grp.C/D,1975-10-05,,Goiânia,Americano,2,1
Grp.A/B,1975-10-05,,Tiradentes-PI,Palmeiras,1,0
Grp.C/D,1975-10-05,,CSA,Santa Cruz,0,1
Grp.C/D,1975-10-05,,Desportiva Ferroviária,Campinense,2,1
Grp.A/B,1975-10-05,,América Mineiro,Coritiba,1,1
Grp.A/B,1975-10-05,,Moto Club,Corinthians,0,3
Grp.A/B,1975-10-05,,Fluminense,Botafogo,3,1
Grp.C/D,1975-10-05,,Portuguesa,Goiás,0,0
2F,1975-10-08,,Grêmio,Remo,4,0
2F,1975-10-08,,Atlético Mineiro,Internacional,0,2
2F,1975-10-08,,Coritiba,Figueirense,1,2
2F,1975-10-08,,São Paulo,Fluminense,1,0
2F,1975-10-08,,Goiás,America-RJ,2,0
2F,1975-10-08,,Guarani,América-RN,1,1
2F,1975-10-09,,Vasco,Tiradentes-PI,1,1
2F,1975-10-09,,Cruzeiro,Santa Cruz,1,1
2F,1975-10-09,,Corinthians,Sport,0,0
2F,1975-10-11,,Fluminense,Grêmio,0,0
2F,1975-10-12,,Flamengo,Palmeiras,3,0
2F,1975-10-14,,Fluminense,Goiás,4,1
2F,1975-10-15,,Vasco,Atlético Mineiro,1,1
2F,1975-10-15,,Coritiba,Santa Cruz,0,1
2F,1975-10-15,,Internacional,Tiradentes-PI,2,0
2F,1975-10-15,,Guarani,Grêmio,2,2
2F,1975-10-15,,America-RJ,São Paulo,0,0
2F,1975-10-15,,Sport,Palmeiras,0,0
2F,1975-10-15,,Figueirense,Corinthians,0,0
2F,1975-10-15,,América-RN,Remo,2,1
2F,1975-10-16,,Flamengo,Cruzeiro,0,1
2F,1975-10-18,,Palmeiras,Figueirense,2,2
2F,1975-10-18,,Grêmio,Atlético Mineiro,3,0
2F,1975-10-18,,Fluminense,América-RN,3,0
Grp.5,1975-10-18,,Portuguesa,Vitória,3,0
2F,1975-10-19,,Tiradentes-PI,Sport,0,3
Grp.5,1975-10-19,,Campinense,Goiânia,0,0
2F,1975-10-19,,São Paulo,Corinthians,0,1
Grp.5,1975-10-19,,Sergipe,Santos,0,2
2F,1975-10-19,,Santa Cruz,Guarani,0,0
2F,1975-10-19,,Goiás,Remo,1,0
Grp.3,1975-10-19,,Fortaleza,Moto Club,1,0
Grp.3,1975-10-19,,Rio Negro-AM,Comercial-MS,1,2
2F,1975-10-19,,Coritiba,Vasco,1,1
2F,1975-10-19,,Flamengo,America-RJ,2,0
2F,1975-10-19,,Internacional,Cruzeiro,1,1
2F,1975-10-21,,Santa Cruz,Corinthians,1,0
2F,1975-10-21,,Cruzeiro,Goiás,2,0
2F,1975-10-21,,Internacional,Remo,4,0
2F,1975-10-21,,São Paulo,Palmeiras,0,0
2F,1975-10-21,,Figueirense,Tiradentes-PI,2,0
2F,1975-10-21,,America-RJ,Vasco,0,0
2F,1975-10-21,,América-RN,Coritiba,3,0
2F,1975-10-21,,Guarani,Sport,1,1
2F,1975-10-22,,Tiradentes-PI,Goiás,0,0
2F,1975-10-22,,Cruzeiro,Vasco,0,1
2F,1975-10-22,,Remo,São Paulo,2,2
2F,1975-10-22,,Internacional,Fluminense,3,1
2F,1975-10-22,,Sport,America-RJ,1,1
2F,1975-10-22,,Figueirense,Guarani,0,0
Grp.3,1975-10-22,,Comercial-MS,Fortaleza,2,3
Grp.5,1975-10-22,,Vitória,Sergipe,1,0
Grp.3,1975-10-22,,Rio Negro-AM,Botafogo,1,3
Grp.5,1975-10-22,,Campinense,Portuguesa,1,5
Grp.5,1975-10-22,,Santos,Goiânia,2,1
2F,1975-10-23,,Santa Cruz,Atlético Mineiro,2,0
2F,1975-10-23,,Grêmio,Coritiba,1,3
2F,1975-10-23,,Corinthians,Flamengo,0,1
2F,1975-10-23,,América-RN,Palmeiras,0,2
Grp.4,1975-10-23,,América Mineiro,Paysandu,3,2
Grp.3,1975-10-25,,Fortaleza,Rio Negro-AM,0,1
Grp.6,1975-10-25,,CEUB,Desportiva Ferroviária,2,0
2F,1975-10-25,,São Paulo,Guarani,0,0
2F,1975-10-25,,Flamengo,Remo,1,2
Grp.6,1975-10-25,,Bahia,Americano,1,0
Grp.5,1975-10-26,,Vitória,Santos,1,3
Grp.5,1975-10-26,,Portuguesa,Goiânia,2,1
Grp.5,1975-10-26,,Sergipe,Campinense,4,2
2F,1975-10-26,,Sport,Coritiba,1,0
2F,1975-10-26,,Goiás,Atlético Mineiro,1,5
Grp.6,1975-10-26,,CSA,Náutico,0,2
2F,1975-10-26,,Figueirense,Cruzeiro,0,1
2F,1975-10-26,,Tiradentes-PI,Grêmio,1,2
2F,1975-10-26,,América-RN,America-RJ,1,4
2F,1975-10-26,,Palmeiras,Santa Cruz,2,3
2F,1975-10-26,,Internacional,Corinthians,1,1
Grp.4,1975-10-26,,Ceará,América Mineiro,2,1
2F,1975-10-26,,Vasco,Fluminense,1,4
Grp.4,1975-10-26,,Nacional-AM,Atlético Paranaense,2,0
Grp.3,1975-10-26,,Moto Club,Botafogo,1,2
Grp.6,1975-10-28,,Náutico,Americano,2,0
2F,1975-10-29,,America-RJ,Internacional,1,0
2F,1975-10-29,,Guarani,Goiás,0,0
2F,1975-10-29,,Sport,Cruzeiro,0,1
2F,1975-10-29,,Tiradentes-PI,Flamengo,3,2
Grp.5,1975-10-29,,Goiânia,Sergipe,1,0
2F,1975-10-29,,Atlético Mineiro,Figueirense,3,3
2F,1975-10-29,,Remo,Vasco,2,0
2F,1975-10-29,,Corinthians,América-RN,4,1
Grp.5,1975-10-29,,Santos,Portuguesa,0,0
Grp.5,1975-10-29,,Vitória,Campinense,3,1
Grp.3,1975-10-29,,Moto Club,Rio Negro-AM,1,1
2F,1975-10-29,,Coritiba,São Paulo,2,2
2F,1975-10-29,,Grêmio,Palmeiras,1,1
Grp.3,1975-10-29,,Botafogo,Comercial-MS,0,0
Grp.6,1975-10-29,,CSA,CEUB,1,1
Grp.6,1975-10-29,,Desportiva Ferroviária,Bahia,0,0
Grp.4,1975-10-30,,Paysandu,Atlético Paranaense,0,1
2F,1975-10-30,,Santa Cruz,Fluminense,0,1
Grp.4,1975-10-30,,Ceará,Nacional-AM,0,0
2F,1975-11-01,,America-RJ,Figueirense,2,1
2F,1975-11-01,,São Paulo,Cruzeiro,0,0
Grp.5,1975-11-01,,Santos,Campinense,5,1
Grp.5,1975-11-01,,Goiânia,Vitória,1,0
2F,1975-11-01,,Vasco,Guarani,1,2
2F,1975-11-01,,Santa Cruz,Tiradentes-PI,1,1
Grp.6,1975-11-01,,CEUB,Americano,0,2
Grp.5,1975-11-01,,Portuguesa,Sergipe,4,0
Grp.6,1975-11-02,,Desportiva Ferroviária,CSA,1,0
2F,1975-11-02,,Coritiba,Internacional,0,0
Grp.6,1975-11-02,,Bahia,Náutico,1,1
2F,1975-11-02,,América-RN,Atlético Mineiro,1,1
Grp.4,1975-11-02,,América Mineiro,Nacional-AM,1,2
Grp.4,1975-11-02,,Paysandu,Ceará,1,0
2F,1975-11-02,,Sport,Remo,0,0
2F,1975-11-02,,Corinthians,Grêmio,3,2
2F,1975-11-02,,Fluminense,Flamengo,3,0
2F,1975-11-02,,Goiás,Palmeiras,1,2
2F,1975-11-04,,Atlético Mineiro,Flamengo,1,1
Grp.3,1975-11-05,,Comercial-MS,Moto Club,3,2
Grp.4,1975-11-05,,Atlético Paranaense,Ceará,3,0
2F,1975-11-05,,Cruzeiro,América-RN,2,1
2F,1975-11-05,,Palmeiras,Vasco,1,0
Grp.3,1975-11-05,,Botafogo,Fortaleza,1,1
Grp.6,1975-11-05,,Americano,CSA,2,1
2F,1975-11-05,,Remo,Santa Cruz,0,0
2F,1975-11-05,,Grêmio,America-RJ,0,1
Grp.6,1975-11-05,,Náutico,Desportiva Ferroviária,4,1
2F,1975-11-05,,Figueirense,Fluminense,0,0
Grp.6,1975-11-05,,CEUB,Bahia,1,2
2F,1975-11-06,,Internacional,Guarani,2,0
2F,1975-11-06,,São Paulo,Tiradentes-PI,2,0
2F,1975-11-06,,Flamengo,Coritiba,2,0
2F,1975-11-06,,Corinthians,Goiás,0,0
2F,1975-11-06,,Atlético Mineiro,Sport,1,0
2F,1975-11-08,,Cruzeiro,Grêmio,3,1
2F,1975-11-08,,Fluminense,Sport,3,0
2F,1975-11-08,,America-RJ,Santa Cruz,1,3
Grp.6,1975-11-08,,Náutico,CEUB,3,0
Grp.4,1975-11-08,,Nacional-AM,Paysandu,2,2
Grp.4,1975-11-08,,Atlético Paranaense,América Mineiro,0,0
Grp.6,1975-11-08,,Americano,Desportiva Ferroviária,0,3
Grp.6,1975-11-08,,Bahia,CSA,3,0
2F,1975-11-09,,Tiradentes-PI,América-RN,1,0
2F,1975-11-09,,Atlético Mineiro,São Paulo,1,1
2F,1975-11-09,,Remo,Figueirense,4,1
2F,1975-11-09,,Goiás,Coritiba,2,2
2F,1975-11-09,,Vasco,Corinthians,0,1
2F,1975-11-09,,Guarani,Flamengo,2,0
2F,1975-11-09,,Palmeiras,Internacional,0,0
Grp.A,1975-11-12,,Guarani,America-RJ,1,1
Grp.A,1975-11-12,,Palmeiras,Cruzeiro,0,0
Grp.A,1975-11-12,,Fluminense,Nacional-AM,4,0
Grp.B,1975-11-12,,Grêmio,Náutico,0,0
Grp.B,1975-11-12,,Santa Cruz,Internacional,1,0
Grp.A,1975-11-13,,Botafogo,Corinthians,2,3
Grp.B,1975-11-13,,Portuguesa,Flamengo,0,2
Grp.B,1975-11-13,,Sport,São Paulo,1,1
Grp.B,1975-11-15,,Portuguesa,Náutico,3,1
Grp.A,1975-11-15,,Guarani,Cruzeiro,2,0
Grp.A,1975-11-15,,America-RJ,Nacional-AM,3,1
Grp.B,1975-11-16,,Flamengo,São Paulo,1,1
Grp.A,1975-11-16,,Corinthians,Fluminense,0,0
Grp.B,1975-11-16,,Internacional,Sport,3,1
Grp.A,1975-11-16,,Palmeiras,Botafogo,2,0
Grp.B,1975-11-16,,Santa Cruz,Grêmio,2,1
Grp.A,1975-11-19,,Guarani,Palmeiras,3,1
Grp.B,1975-11-19,,Flamengo,Grêmio,1,0
Grp.B,1975-11-19,,São Paulo,Internacional,0,0
Grp.B,1975-11-19,,Náutico,Sport,1,2
Grp.A,1975-11-19,,Cruzeiro,Fluminense,1,2
Grp.B,1975-11-20,,Santa Cruz,Portuguesa,1,1
Grp.A,1975-11-20,,Botafogo,America-RJ,0,0
Grp.A,1975-11-20,,Corinthians,Nacional-AM,1,0
Grp.B,1975-11-22,,Flamengo,Náutico,3,0
Grp.B,1975-11-23,,São Paulo,Portuguesa,1,2
Grp.B,1975-11-23,,Sport,Santa Cruz,1,3
Grp.A,1975-11-23,,Palmeiras,America-RJ,2,0
Grp.A,1975-11-23,,Cruzeiro,Corinthians,2,0
Grp.A,1975-11-23,,Fluminense,Botafogo,2,0
Grp.A,1975-11-23,,Nacional-AM,Guarani,0,1
Grp.B,1975-11-23,,Internacional,Grêmio,1,0
Grp.A,1975-11-26,,Guarani,Fluminense,1,2
Grp.A,1975-11-26,,Nacional-AM,Palmeiras,0,3
Grp.B,1975-11-26,,São Paulo,Santa Cruz,1,0
Grp.B,1975-11-26,,Grêmio,Portuguesa,1,1
Grp.A,1975-11-26,,Cruzeiro,Botafogo,2,0
Grp.B,1975-11-26,,Sport,Flamengo,0,1
Grp.B,1975-11-27,,Náutico,Internacional,0,1
Grp.A,1975-11-27,,America-RJ,Corinthians,2,1
Grp.A,1975-11-29,,Botafogo,Guarani,2,1
Grp.B,1975-11-29,,Portuguesa,Sport,1,1
Grp.B,1975-11-29,,São Paulo,Grêmio,1,2
Grp.A,1975-11-30,,Corinthians,Palmeiras,1,0
Grp.A,1975-11-30,,Nacional-AM,Cruzeiro,0,3
Grp.B,1975-11-30,,Internacional,Flamengo,1,1
Grp.B,1975-11-30,,Náutico,Santa Cruz,1,4
Grp.A,1975-11-30,,America-RJ,Fluminense,1,0
Grp.A,1975-12-03,,Fluminense,Palmeiras,4,2
Grp.A,1975-12-03,,Corinthians,Guarani,3,2
Grp.B,1975-12-03,,Grêmio,Sport,1,1
Grp.B,1975-12-04,,Náutico,São Paulo,1,3
Grp.B,1975-12-04,,Internacional,Portuguesa,3,0
Grp.B,1975-12-04,,Flamengo,Santa Cruz,1,3
Grp.A,1975-12-04,,Nacional-AM,Botafogo,0,2
Grp.A,1975-12-04,,Cruzeiro,America-RJ,1,1
SF,1975-12-07,,Santa Cruz,Cruzeiro,2,3
SF,1975-12-07,,Fluminense,Internacional,0,2
F,1975-12-14,,Internacional,Cruzeiro,1,0
Grp.C,1976-08-29,,Rio Negro-AM,Guarani,0,3
Grp.F,1976-08-29,,Sport,ABC,1,0
Grp.B,1976-08-29,,Confiança,Portuguesa,2,1
Grp.B,1976-08-29,,Londrina,Atlético Paranaense,0,3
Grp.C,1976-08-29,,Corinthians,Fortaleza,2,1
Grp.F,1976-08-29,,América-RN,Santa Cruz,0,0
Grp.E,1976-08-29,,Treze,CRB,0,2
Grp.E,1976-08-29,,Botafogo-PB,Vitória,1,0
Grp.E,1976-08-29,,Fluminense de Feira,CSA,0,0
Grp.D,1976-08-29,,Mixto,Goiás,1,1
Grp.D,1976-08-29,,América Mineiro,Goiânia,6,0
Grp.B,1976-08-29,,Coritiba,São Paulo,0,2
Grp.C,1976-08-29,,Remo,Ceará,2,0
Grp.B,1976-09-01,,Uberaba,Atlético Paranaense,0,0
Grp.F,1976-09-01,,Náutico,Flamengo-PI,3,0
Grp.D,1976-09-01,,Vasco,América Mineiro,1,0
Grp.D,1976-09-01,,Mixto,Operário-MS,1,1
Grp.B,1976-09-01,,Londrina,São Paulo,0,0
Grp.C,1976-09-01,,Rio Negro-AM,Ceará,1,1
Grp.F,1976-09-01,,Flamengo,ABC,2,0
Grp.E,1976-09-01,,Fluminense de Feira,Bahia,0,2
Grp.C,1976-09-01,,Ponte Preta,Corinthians,1,1
Grp.C,1976-09-01,,Remo,Guarani,0,0
Grp.D,1976-09-01,,Goiânia,Atlético Mineiro,1,1
Grp.A,1976-09-01,,Internacional,Figueirense,6,0
Grp.E,1976-09-01,,Treze,Vitória,0,2
Grp.E,1976-09-01,,Botafogo-PB,Botafogo,0,0
Grp.A,1976-09-01,,Rio Branco-ES,Grêmio,1,4
Grp.A,1976-09-01,,Santos,Caxias,2,1
Grp.F,1976-09-01,,Sampaio Corrêa,Santa Cruz,0,2
Grp.E,1976-09-01,,Fluminense,CSA,1,1
Grp.F,1976-09-01,,Volta Redonda,América-RN,1,1
Grp.D,1976-09-01,,Americano,Goiás,1,2
Grp.C,1976-09-02,,Paysandu,Nacional-AM,3,0
Grp.F,1976-09-04,,Sport,Santa Cruz,1,0
Grp.F,1976-09-04,,Flamengo-PI,Flamengo,2,3
Grp.F,1976-09-04,,América-RN,Náutico,1,0
Grp.A,1976-09-04,,Desportiva Ferroviária,Palmeiras,0,1
Grp.E,1976-09-04,,Vitória,CSA,3,1
Grp.A,1976-09-04,,Grêmio,Caxias,1,0
Grp.E,1976-09-04,,Treze,Botafogo,2,4
Grp.D,1976-09-04,,Vasco,Goiás,1,0
Grp.A,1976-09-04,,Figueirense,Santos,1,4
Grp.F,1976-09-04,,Volta Redonda,ABC,0,0
Grp.C,1976-09-04,,Ceará,Guarani,0,0
Grp.C,1976-09-04,,Fortaleza,Remo,1,0
Grp.B,1976-09-04,,São Paulo,Portuguesa,0,0
Grp.B,1976-09-04,,Cruzeiro,Botafogo-SP,0,0
Grp.D,1976-09-05,,Operário-MS,America-RJ,1,1
Grp.B,1976-09-05,,Confiança,Londrina,1,0
Grp.D,1976-09-05,,Americano,Mixto,3,2
Grp.D,1976-09-05,,Atlético Mineiro,América Mineiro,1,0
Grp.E,1976-09-07,,Bahia,Vitória,0,0
Grp.E,1976-09-07,,Botafogo,Fluminense,2,0
Grp.C,1976-09-07,,Nacional-AM,Rio Negro-AM,2,1
Grp.A,1976-09-07,,Palmeiras,Santos,0,1
Grp.C,1976-09-07,,Ceará,Fortaleza,0,1
Grp.C,1976-09-07,,Remo,Paysandu,5,2
Grp.B,1976-09-07,,Cruzeiro,Portuguesa,2,1
Grp.A,1976-09-07,,Desportiva Ferroviária,Rio Branco-ES,2,1
Grp.A,1976-09-07,,Internacional,Grêmio,3,1
Grp.B,1976-09-07,,Uberaba,Botafogo-SP,0,1
Grp.E,1976-09-07,,Botafogo-PB,Treze,2,0
Grp.E,1976-09-07,,CRB,CSA,2,1
Grp.D,1976-09-07,,Goiás,Goiânia,3,0
Grp.F,1976-09-07,,Sampaio Corrêa,Náutico,2,3
Grp.F,1976-09-07,,América-RN,ABC,3,1
Grp.F,1976-09-07,,Santa Cruz,Flamengo,2,1
Grp.D,1976-09-08,,America-RJ,Mixto,1,0
Grp.D,1976-09-08,,Operário-MS,Atlético Mineiro,1,1
Grp.B,1976-09-08,,Confiança,São Paulo,1,1
Grp.D,1976-09-08,,Americano,Vasco,2,3
Grp.A,1976-09-08,,Figueirense,Avaí,1,0
Grp.F,1976-09-08,,Volta Redonda,Sport,1,0
Grp.B,1976-09-08,,Coritiba,Atlético Paranaense,2,1
Grp.D,1976-09-11,,America-RJ,Atlético Mineiro,2,1
Grp.C,1976-09-11,,Paysandu,Fortaleza,1,5
Grp.E,1976-09-11,,Vitória,Fluminense de Feira,2,0
Grp.A,1976-09-11,,Palmeiras,Figueirense,4,0
Grp.D,1976-09-12,,Goiânia,Vasco,2,4
Grp.C,1976-09-12,,Nacional-AM,Ponte Preta,1,0
Grp.D,1976-09-12,,Mixto,América Mineiro,3,0
Grp.E,1976-09-12,,Bahia,Fluminense,0,0
Grp.E,1976-09-12,,CRB,Botafogo-PB,0,0
Grp.F,1976-09-12,,Flamengo,Sport,3,0
Grp.C,1976-09-12,,Corinthians,Guarani,0,1
Grp.A,1976-09-12,,Desportiva Ferroviária,Avaí,0,3
Grp.C,1976-09-12,,Remo,Rio Negro-AM,2,0
Grp.F,1976-09-12,,Volta Redonda,Sampaio Corrêa,5,1
Grp.F,1976-09-12,,ABC,Náutico,1,1
Grp.A,1976-09-12,,Grêmio,Santos,0,0
Grp.A,1976-09-12,,Caxias,Internacional,2,1
Grp.B,1976-09-12,,Uberaba,Portuguesa,1,0
Grp.B,1976-09-12,,Atlético Paranaense,Cruzeiro,1,1
Grp.B,1976-09-12,,Botafogo-SP,São Paulo,2,0
Grp.E,1976-09-15,,Fluminense de Feira,Fluminense,2,3
Grp.B,1976-09-15,,São Paulo,Atlético Paranaense,0,2
Grp.E,1976-09-15,,CRB,Vitória,0,2
Grp.D,1976-09-15,,Atlético Mineiro,Goiás,2,1
Grp.D,1976-09-15,,Americano,America-RJ,0,0
Grp.B,1976-09-15,,Confiança,Coritiba,1,1
Grp.E,1976-09-15,,Botafogo,Bahia,0,0
Grp.A,1976-09-15,,Rio Branco-ES,Figueirense,0,0
Grp.F,1976-09-15,,Sport,América-RN,0,0
Grp.D,1976-09-15,,Mixto,Vasco,1,0
Grp.C,1976-09-15,,Nacional-AM,Fortaleza,0,0
Grp.C,1976-09-15,,Paysandu,Ponte Preta,0,0
Grp.F,1976-09-15,,Volta Redonda,Náutico,0,0
Grp.F,1976-09-15,,Flamengo-PI,Santa Cruz,0,0
Grp.A,1976-09-15,,Caxias,Palmeiras,0,0
Grp.A,1976-09-15,,Santos,Avaí,0,0
Grp.C,1976-09-16,,Rio Negro-AM,Corinthians,1,2
Grp.B,1976-09-16,,Londrina,Cruzeiro,1,1
Grp.F,1976-09-16,,Flamengo,Sampaio Corrêa,8,1
Grp.D,1976-09-16,,Operário-MS,Goiânia,5,3
Grp.D,1976-09-18,,América Mineiro,Americano,0,1
Grp.C,1976-09-18,,Guarani,Fortaleza,1,1
Grp.B,1976-09-18,,São Paulo,Uberaba,4,0
Grp.E,1976-09-18,,Botafogo,CRB,2,1
Grp.A,1976-09-18,,Desportiva Ferroviária,Figueirense,1,0
Grp.D,1976-09-19,,Mixto,Goiânia,1,2
Grp.A,1976-09-19,,Palmeiras,Grêmio,0,0
Grp.D,1976-09-19,,Goiás,Operário-MS,1,1
Grp.D,1976-09-19,,Vasco,America-RJ,0,2
Grp.C,1976-09-19,,Ponte Preta,Ceará,2,0
Grp.C,1976-09-19,,Paysandu,Corinthians,0,0
Grp.E,1976-09-19,,CSA,Bahia,1,1
Grp.C,1976-09-19,,Nacional-AM,Remo,1,0
Grp.B,1976-09-19,,Atlético Paranaense,Portuguesa,0,0
Grp.B,1976-09-19,,Londrina,Botafogo-SP,1,0
Grp.B,1976-09-19,,Cruzeiro,Coritiba,2,1
Grp.E,1976-09-19,,Treze,Fluminense,0,2
Grp.E,1976-09-19,,Fluminense de Feira,Botafogo-PB,0,1
Grp.F,1976-09-19,,Sampaio Corrêa,América-RN,0,0
Grp.A,1976-09-19,,Avaí,Internacional,0,4
Grp.F,1976-09-19,,Sport,Náutico,1,0
Grp.F,1976-09-19,,Flamengo-PI,Volta Redonda,2,2
Grp.F,1976-09-19,,ABC,Santa Cruz,2,4
Grp.A,1976-09-19,,Rio Branco-ES,Santos,0,1
Grp.E,1976-09-22,,Fluminense de Feira,CRB,2,0
Grp.E,1976-09-22,,CSA,Botafogo,2,1
Grp.E,1976-09-22,,Bahia,Treze,3,0
Grp.E,1976-09-22,,Fluminense,Botafogo-PB,3,0
Grp.F,1976-09-22,,Santa Cruz,Volta Redonda,2,0
Grp.F,1976-09-22,,Sampaio Corrêa,Sport,0,3
Grp.F,1976-09-22,,Flamengo-PI,ABC,0,0
Grp.F,1976-09-22,,América-RN,Flamengo,0,0
Grp.A,1976-09-22,,Caxias,Avaí,1,0
Grp.A,1976-09-22,,Desportiva Ferroviária,Internacional,1,4
Grp.D,1976-09-22,,Operário-MS,Americano,0,0
Grp.D,1976-09-22,,América Mineiro,America-RJ,0,0
Grp.C,1976-09-22,,Ceará,Corinthians,0,2
Grp.B,1976-09-22,,Atlético Paranaense,Confiança,1,0
Grp.A,1976-09-22,,Palmeiras,Rio Branco-ES,1,0
Grp.C,1976-09-22,,Guarani,Nacional-AM,1,1
Grp.C,1976-09-22,,Rio Negro-AM,Paysandu,2,0
Grp.C,1976-09-23,,Fortaleza,Ponte Preta,3,1
Grp.A,1976-09-23,,Figueirense,Grêmio,0,2
Grp.D,1976-09-23,,Atlético Mineiro,Mixto,3,1
Grp.B,1976-09-23,,Coritiba,Uberaba,1,0
Grp.B,1976-09-23,,Portuguesa,Botafogo-SP,3,1
Grp.B,1976-09-25,,Botafogo-SP,Confiança,3,0
Grp.A,1976-09-25,,Avaí,Rio Branco-ES,2,1
Grp.C,1976-09-25,,Ceará,Paysandu,0,1
Grp.E,1976-09-25,,Botafogo,Fluminense de Feira,4,1
Grp.C,1976-09-25,,Corinthians,Nacional-AM,2,0
Grp.D,1976-09-25,,Goiânia,Americano,0,0
Grp.A,1976-09-26,,Figueirense,Caxias,1,0
Grp.B,1976-09-26,,Coritiba,Londrina,1,0
Grp.D,1976-09-26,,Goiás,America-RJ,1,0
Grp.D,1976-09-26,,Operário-MS,América Mineiro,1,1
Grp.B,1976-09-26,,Uberaba,Cruzeiro,1,1
Grp.F,1976-09-26,,Náutico,Flamengo,0,3
Grp.D,1976-09-26,,Atlético Mineiro,Vasco,3,0
Grp.A,1976-09-26,,Grêmio,Desportiva Ferroviária,3,1
Grp.A,1976-09-26,,Santos,Internacional,1,3
Grp.F,1976-09-26,,Flamengo-PI,Sport,1,2
Grp.F,1976-09-26,,ABC,Sampaio Corrêa,1,1
Grp.E,1976-09-26,,CSA,Treze,3,2
Grp.E,1976-09-26,,Fluminense,Vitória,0,1
Grp.E,1976-09-26,,Bahia,CRB,3,0
Grp.C,1976-09-26,,Ponte Preta,Remo,1,1
Grp.C,1976-09-26,,Fortaleza,Rio Negro-AM,0,0
Grp.D,1976-09-29,,America-RJ,Goiânia,3,1
Grp.A,1976-09-29,,Caxias,Desportiva Ferroviária,2,0
Grp.A,1976-09-29,,Internacional,Rio Branco-ES,3,0
Grp.A,1976-09-29,,Avaí,Palmeiras,0,1
Grp.F,1976-09-29,,Santa Cruz,Náutico,2,1
Grp.D,1976-09-29,,Americano,Atlético Mineiro,1,3
Grp.E,1976-09-29,,Vitória,Botafogo,1,1
Grp.E,1976-09-29,,Botafogo-PB,CSA,1,1
Grp.C,1976-09-29,,Corinthians,Remo,3,0
Grp.C,1976-09-29,,Ponte Preta,Rio Negro-AM,1,1
Grp.E,1976-09-29,,CRB,Fluminense,0,4
Grp.D,1976-09-29,,Vasco,Operário-MS,0,1
Grp.B,1976-09-29,,Uberaba,Londrina,1,2
Grp.B,1976-09-29,,Cruzeiro,Confiança,2,0
Grp.B,1976-09-29,,Portuguesa,Coritiba,0,2
Grp.B,1976-09-29,,Botafogo-SP,Atlético Paranaense,1,0
Grp.D,1976-09-29,,Goiás,América Mineiro,2,1
Grp.E,1976-09-29,,Treze,Fluminense de Feira,2,1
Grp.F,1976-09-30,,América-RN,Flamengo-PI,1,2
Grp.F,1976-09-30,,Flamengo,Volta Redonda,4,0
Grp.C,1976-09-30,,Guarani,Paysandu,2,0
Grp.C,1976-09-30,,Ceará,Nacional-AM,1,1
Grp.E,1976-09-30,,Botafogo-PB,Bahia,1,2
Grp.B,1976-10-02,,Portuguesa,Londrina,1,1
Grp.A,1976-10-02,,Rio Branco-ES,Caxias,0,2
Grp.A,1976-10-03,,Avaí,Grêmio,0,3
Grp.B,1976-10-03,,Botafogo-SP,Coritiba,1,1
Grp.A,1976-10-03,,Internacional,Palmeiras,1,0
Grp.B,1976-10-03,,São Paulo,Cruzeiro,1,0
Grp.A,1976-10-03,,Santos,Desportiva Ferroviária,0,0
Grp.C,1976-10-03,,Guarani,Ponte Preta,0,0
Grp.B,1976-10-03,,Confiança,Uberaba,1,1
Grp.J,1976-10-09,,America-RJ,São Paulo,1,1
Grp.I,1976-10-09,,Bahia,Santa Cruz,3,0
Grp.M,1976-10-09,,Ponte Preta,Paysandu,3,0
Grp.L,1976-10-09,,Portuguesa,Uberaba,1,0
Grp.K,1976-10-10,,Figueirense,Desportiva Ferroviária,3,1
Grp.O,1976-10-10,,CSA,Botafogo-PB,3,5
Grp.O,1976-10-10,,Fluminense de Feira,Treze,1,0
Grp.I,1976-10-10,,Santos,Atlético Paranaense,2,1
Grp.H,1976-10-10,,Grêmio,Corinthians,3,0
Grp.N,1976-10-10,,Mixto,Americano,4,1
Grp.J,1976-10-10,,Vitória,Flamengo,0,3
Grp.K,1976-10-10,,Caxias,Rio Branco-ES,0,0
Grp.M,1976-10-10,,Nacional-AM,Ceará,1,1
Grp.J,1976-10-10,,Guarani,Palmeiras,0,1
Grp.N,1976-10-10,,Goiânia,América Mineiro,4,0
Grp.H,1976-10-10,,Operário-MS,Botafogo,2,0
Grp.P,1976-10-10,,Náutico,ABC,2,1
Grp.G,1976-10-10,,Fluminense,Internacional,1,1
Grp.H,1976-10-10,,Coritiba,Sport,1,0
Grp.G,1976-10-10,,Fortaleza,Goiás,1,1
Grp.G,1976-10-10,,América-RN,Botafogo-SP,1,3
Grp.P,1976-10-10,,Volta Redonda,Flamengo-PI,0,0
Grp.N,1976-10-13,,América Mineiro,Mixto,1,3
Grp.M,1976-10-13,,Ponte Preta,Nacional-AM,5,0
Grp.G,1976-10-13,,Goiás,Internacional,0,3
Grp.L,1976-10-13,,Portuguesa,Confiança,4,0
Grp.J,1976-10-13,,America-RJ,Vitória,3,0
Grp.G,1976-10-13,,Fortaleza,Botafogo-SP,1,1
Grp.L,1976-10-13,,Londrina,Uberaba,1,2
Grp.G,1976-10-13,,América-RN,Fluminense,2,1
Grp.I,1976-10-13,,Santa Cruz,Atlético Mineiro,2,2
Grp.I,1976-10-13,,Bahia,Atlético Paranaense,1,0
Grp.K,1976-10-13,,Desportiva Ferroviária,Caxias,0,0
Grp.O,1976-10-13,,CRB,Fluminense de Feira,1,1
Grp.I,1976-10-13,,Remo,Santos,1,2
Grp.H,1976-10-13,,Corinthians,Coritiba,1,0
Grp.P,1976-10-13,,Sampaio Corrêa,ABC,2,0
Grp.H,1976-10-13,,Grêmio,Operário-MS,1,0
Grp.O,1976-10-13,,Treze,CSA,1,0
Grp.H,1976-10-13,,Botafogo,Sport,1,0
Grp.J,1976-10-14,,São Paulo,Guarani,0,1
Grp.J,1976-10-14,,Flamengo,Palmeiras,0,2
Grp.M,1976-10-14,,Paysandu,Rio Negro-AM,2,0
Grp.N,1976-10-14,,Vasco,Goiânia,2,2
Grp.P,1976-10-14,,Náutico,Volta Redonda,0,0
Grp.K,1976-10-14,,Rio Branco-ES,Avaí,0,0
Grp.I,1976-10-16,,Santos,Bahia,0,0
Grp.L,1976-10-16,,Cruzeiro,Uberaba,1,0
Grp.G,1976-10-16,,Fluminense,Fortaleza,3,1
Grp.H,1976-10-16,,Sport,Operário-MS,0,2
Grp.H,1976-10-16,,Corinthians,Botafogo,1,2
Grp.K,1976-10-17,,Avaí,Figueirense,1,0
Grp.P,1976-10-17,,ABC,Volta Redonda,0,1
Grp.N,1976-10-17,,Goiânia,Mixto,0,1
Grp.O,1976-10-17,,Treze,Botafogo-PB,2,1
Grp.O,1976-10-17,,CRB,CSA,1,0
Grp.N,1976-10-17,,Vasco,Americano,3,1
Grp.M,1976-10-17,,Ceará,Ponte Preta,2,1
Grp.P,1976-10-17,,Flamengo-PI,Sampaio Corrêa,2,0
Grp.M,1976-10-17,,Rio Negro-AM,Nacional-AM,1,0
Grp.L,1976-10-17,,Londrina,Confiança,1,2
Grp.K,1976-10-17,,Rio Branco-ES,Desportiva Ferroviária,1,0
Grp.J,1976-10-17,,São Paulo,Palmeiras,1,2
Grp.J,1976-10-17,,Flamengo,America-RJ,1,0
Grp.I,1976-10-17,,Santa Cruz,Remo,2,1
Grp.H,1976-10-17,,Coritiba,Grêmio,1,1
Grp.G,1976-10-17,,Internacional,América-RN,2,0
Grp.G,1976-10-17,,Botafogo-SP,Goiás,4,0
Grp.J,1976-10-17,,Vitória,Guarani,0,4
Grp.I,1976-10-17,,Atlético Mineiro,Atlético Paranaense,5,0
Grp.M,1976-10-20,,Rio Negro-AM,Ponte Preta,1,1
Grp.I,1976-10-20,,Atlético Mineiro,Bahia,2,1
Grp.H,1976-10-20,,Corinthians,Operário-MS,3,1
Grp.M,1976-10-20,,Paysandu,Ceará,1,0
Grp.J,1976-10-20,,Vitória,São Paulo,2,4
Grp.I,1976-10-20,,Atlético Paranaense,Remo,1,1
Grp.I,1976-10-20,,Santa Cruz,Santos,2,0
Grp.O,1976-10-20,,Botafogo-PB,Fluminense de Feira,2,1
Grp.K,1976-10-20,,Figueirense,Rio Branco-ES,0,1
Grp.L,1976-10-20,,Uberaba,Confiança,1,0
Grp.P,1976-10-20,,Sampaio Corrêa,Volta Redonda,3,1
Grp.P,1976-10-20,,Flamengo-PI,Náutico,0,0
Grp.J,1976-10-20,,Flamengo,Guarani,4,0
Grp.G,1976-10-20,,Goiás,América-RN,0,0
Grp.G,1976-10-20,,Internacional,Fortaleza,2,0
Grp.G,1976-10-20,,Botafogo-SP,Fluminense,1,1
Grp.O,1976-10-20,,CRB,Treze,2,0
Grp.K,1976-10-21,,Avaí,Caxias,0,0
Grp.H,1976-10-21,,Grêmio,Sport,1,0
Grp.H,1976-10-21,,Botafogo,Coritiba,0,2
Grp.N,1976-10-21,,América Mineiro,Vasco,2,3
Grp.N,1976-10-21,,Americano,Goiânia,5,0
Grp.L,1976-10-21,,Portuguesa,Cruzeiro,1,1
Grp.J,1976-10-21,,Palmeiras,America-RJ,0,0
Grp.G,1976-10-23,,Fluminense,Goiás,1,1
Grp.P,1976-10-23,,Náutico,Sampaio Corrêa,4,0
Grp.P,1976-10-23,,ABC,Flamengo-PI,5,1
Grp.M,1976-10-23,,Nacional-AM,Paysandu,2,2
Grp.M,1976-10-23,,Ceará,Rio Negro-AM,0,0
Grp.L,1976-10-24,,Londrina,Portuguesa,1,3
Grp.G,1976-10-24,,Internacional,Botafogo-SP,3,0
Grp.L,1976-10-24,,Confiança,Cruzeiro,0,3
Grp.K,1976-10-24,,Avaí,Desportiva Ferroviária,1,0
Grp.O,1976-10-24,,CSA,Fluminense de Feira,1,1
Grp.J,1976-10-24,,São Paulo,Flamengo,1,2
Grp.J,1976-10-24,,Guarani,America-RJ,6,1
Grp.J,1976-10-24,,Palmeiras,Vitória,2,0
Grp.O,1976-10-24,,Botafogo-PB,CRB,2,2
Grp.N,1976-10-24,,Vasco,Mixto,1,0
Grp.H,1976-10-24,,Sport,Corinthians,0,1
Grp.N,1976-10-24,,Americano,América Mineiro,0,1
Grp.H,1976-10-24,,Botafogo,Grêmio,0,1
Grp.H,1976-10-24,,Operário-MS,Coritiba,0,1
Grp.I,1976-10-24,,Atlético Paranaense,Santa Cruz,1,0
Grp.I,1976-10-24,,Bahia,Remo,3,1
Grp.K,1976-10-24,,Caxias,Figueirense,5,1
Grp.G,1976-10-24,,Fortaleza,América-RN,2,1
Grp.I,1976-10-24,,Atlético Mineiro,Santos,1,1
Grp.L,1976-10-27,,Cruzeiro,Londrina,1,0
Grp.I,1976-10-27,,Remo,Atlético Mineiro,1,1
Grp.Q,1976-10-30,,Coritiba,Internacional,1,0
Grp.R,1976-10-30,,Vasco,CRB,1,0
Grp.Q,1976-10-30,,Ponte Preta,Botafogo-SP,1,0
Grp.R,1976-10-30,,Bahia,Náutico,1,1
Grp.R,1976-10-31,,Flamengo,Atlético Mineiro,2,1
Grp.R,1976-10-31,,Grêmio,Fluminense,1,2
Grp.Q,1976-10-31,,Santa Cruz,Palmeiras,3,3
Grp.Q,1976-10-31,,Corinthians,Portuguesa,0,0
Grp.R,1976-11-03,,Fluminense,CRB,1,0
Grp.R,1976-11-03,,Náutico,Vasco,1,1
Grp.R,1976-11-03,,Guarani,Flamengo,1,1
Grp.R,1976-11-03,,Bahia,Atlético Mineiro,0,2
Grp.Q,1976-11-03,,Caxias,Santa Cruz,1,2
Grp.Q,1976-11-03,,Coritiba,Corinthians,1,0
Grp.Q,1976-11-03,,Botafogo-SP,Internacional,1,4
Grp.Q,1976-11-03,,Palmeiras,Portuguesa,2,1
Grp.R,1976-11-06,,Vasco,Bahia,0,1
Grp.R,1976-11-07,,Atlético Mineiro,CRB,4,1
Grp.R,1976-11-07,,Fluminense,Flamengo,1,0
Grp.Q,1976-11-07,,Internacional,Santa Cruz,5,1
Grp.R,1976-11-07,,Grêmio,Guarani,1,1
Grp.Q,1976-11-07,,Ponte Preta,Coritiba,1,0
Grp.Q,1976-11-07,,Botafogo-SP,Caxias,1,0
Grp.Q,1976-11-07,,Palmeiras,Corinthians,0,0
Grp.R,1976-11-10,,CRB,Flamengo,0,2
Grp.R,1976-11-10,,Bahia,Grêmio,2,1
Grp.R,1976-11-10,,Atlético Mineiro,Náutico,2,0
Grp.R,1976-11-10,,Fluminense,Guarani,4,2
Grp.Q,1976-11-10,,Portuguesa,Ponte Preta,0,1
Grp.Q,1976-11-10,,Santa Cruz,Coritiba,2,4
Grp.Q,1976-11-10,,Internacional,Caxias,2,0
Grp.Q,1976-11-11,,Corinthians,Botafogo-SP,2,1
Grp.Q,1976-11-14,,Botafogo-SP,Portuguesa,3,0
Grp.R,1976-11-14,,CRB,Guarani,2,0
Grp.R,1976-11-14,,Bahia,Flamengo,2,2
Grp.R,1976-11-14,,Náutico,Grêmio,0,3
Grp.Q,1976-11-14,,Ponte Preta,Santa Cruz,2,0
Grp.R,1976-11-14,,Fluminense,Vasco,3,0
Grp.Q,1976-11-14,,Caxias,Corinthians,1,4
Grp.Q,1976-11-14,,Palmeiras,Internacional,1,2
Grp.R,1976-11-17,,Náutico,Fluminense,3,1
Grp.R,1976-11-17,,Guarani,Atlético Mineiro,1,0
Grp.R,1976-11-17,,CRB,Bahia,2,2
Grp.R,1976-11-17,,Grêmio,Vasco,1,3
Grp.Q,1976-11-17,,Botafogo-SP,Palmeiras,0,3
Grp.Q,1976-11-17,,Caxias,Coritiba,3,0
Grp.Q,1976-11-17,,Portuguesa,Santa Cruz,2,2
Grp.Q,1976-11-18,,Corinthians,Ponte Preta,2,0
Grp.Q,1976-11-20,,Portuguesa,Caxias,3,4
Grp.R,1976-11-21,,Vasco,Flamengo,1,0
Grp.R,1976-11-21,,Náutico,Guarani,0,1
Grp.Q,1976-11-21,,Ponte Preta,Palmeiras,2,1
Grp.R,1976-11-21,,Atlético Mineiro,Fluminense,0,0
Grp.R,1976-11-21,,Grêmio,CRB,2,1
Grp.Q,1976-11-21,,Corinthians,Internacional,2,1
Grp.Q,1976-11-21,,Coritiba,Botafogo-SP,0,1
Grp.R,1976-11-24,,Guarani,Bahia,3,0
Grp.Q,1976-11-24,,Palmeiras,Caxias,0,0
Grp.R,1976-11-24,,CRB,Náutico,1,3
Grp.Q,1976-11-24,,Santa Cruz,Botafogo-SP,3,1
Grp.R,1976-11-24,,Flamengo,Grêmio,5,1
Grp.Q,1976-11-24,,Internacional,Ponte Preta,2,0
Grp.Q,1976-11-24,,Coritiba,Portuguesa,2,1
Grp.R,1976-11-25,,Vasco,Atlético Mineiro,0,4
Grp.R,1976-11-27,,Flamengo,Náutico,2,0
Grp.Q,1976-11-27,,Palmeiras,Coritiba,0,0
Grp.R,1976-11-28,,Fluminense,Bahia,1,0
Grp.R,1976-11-28,,Atlético Mineiro,Grêmio,0,0
Grp.R,1976-11-28,,Guarani,Vasco,2,3
Grp.Q,1976-11-28,,Santa Cruz,Corinthians,1,2
Grp.Q,1976-11-28,,Internacional,Portuguesa,3,0
Grp.Q,1976-11-28,,Caxias,Ponte Preta,1,0
SF,1976-12-05,,Internacional,Atlético Mineiro,2,1
SF,1976-12-05,,Fluminense,Corinthians,1 (1),1 (4)
F,1976-12-12,,Internacional,Corinthians,2,0
Grp.E,1977-10-16,,Desportiva Ferroviária,Fluminense,0,5
Grp.B,1977-10-16,,Botafogo-PB,Sport,1,0
Grp.B,1977-10-16,,XV de Piracicaba,CSA,0,0
Grp.E,1977-10-16,,Flamengo,Vitória,5,0
Grp.B,1977-10-16,,Náutico,São Paulo,0,1
Grp.F,1977-10-16,,Santos,Cruzeiro,0,2
Grp.A,1977-10-16,,Operário-MS,Internacional,0,0
Grp.D,1977-10-16,,Londrina,Goiânia,3,2
Grp.D,1977-10-16,,Atlético Paranaense,Brasília,1,2
Grp.D,1977-10-16,,Vila Nova,Botafogo,0,0
Grp.E,1977-10-16,,Volta Redonda,Vitória-ES,3,0
Grp.F,1977-10-16,,Uberaba,Paysandu,3,1
Grp.F,1977-10-16,,Nacional-AM,Fast Clube,2,0
Grp.D,1977-10-16,,Americano,Vasco,1,1
Grp.E,1977-10-16,,Confiança,Bahia,1,1
Grp.E,1977-10-16,,Fluminense de Feira,Sergipe,0,1
Grp.C,1977-10-16,,Guarani,Portuguesa,0,1
Grp.C,1977-10-16,,Flamengo-PI,Ponte Preta,1,2
Grp.A,1977-10-16,,Grêmio,Coritiba,4,0
Grp.C,1977-10-16,,Sampaio Corrêa,Corinthians,0,0
Grp.C,1977-10-16,,ABC,Ceará,1,0
Grp.F,1977-10-16,,Atlético Mineiro,Remo,4,1
Grp.A,1977-10-16,16:00,Dom Bosco,Avaí,1,3
Grp.C,1977-10-19,,Sampaio Corrêa,Ponte Preta,0,0
Grp.B,1977-10-19,,Botafogo-PB,São Paulo,0,2
Grp.C,1977-10-19,,River-PI,Corinthians,2,2
Grp.C,1977-10-19,,Ceará,América-RN,1,1
Grp.E,1977-10-19,,Volta Redonda,Fluminense,0,1
Grp.E,1977-10-19,,Vitória-ES,Sergipe,3,1
Grp.B,1977-10-19,,Treze,Sport,2,2
Grp.B,1977-10-19,,Palmeiras,CSA,1,0
Grp.A,1977-10-19,,Caxias,Coritiba,0,0
Grp.D,1977-10-19,,Atlético Paranaense,Goiânia,0,1
Grp.F,1977-10-19,,Santos,Paysandu,4,0
Grp.A,1977-10-19,,Joinville,Grêmio,1,1
Grp.A,1977-10-19,,Dom Bosco,Internacional,0,2
Grp.F,1977-10-19,,América Mineiro,Remo,0,1
Grp.A,1977-10-19,20:00,Grêmio Maringá,Avaí,2,0
Grp.D,1977-10-20,,Goytacaz,Goiás,1,1
Grp.B,1977-10-20,,CRB,XV de Piracicaba,0,1
Grp.C,1977-10-20,,ABC,Portuguesa,1,0
Grp.E,1977-10-20,,Desportiva Ferroviária,Flamengo,0,2
Grp.E,1977-10-20,,America-RJ,Vitória,1,1
Grp.D,1977-10-20,,Brasília,Botafogo,0,1
Grp.F,1977-10-20,,Fast Clube,Uberaba,2,0
Grp.E,1977-10-23,,Volta Redonda,America-RJ,1,2
Grp.E,1977-10-23,,Fluminense,Sergipe,2,1
Grp.F,1977-10-23,,Botafogo-SP,Remo,3,2
Grp.E,1977-10-23,,Bahia,Flamengo,0,0
Grp.F,1977-10-23,,Cruzeiro,Paysandu,4,0
Grp.E,1977-10-23,,Vitória-ES,Vitória,2,1
Grp.C,1977-10-23,,Fortaleza,Portuguesa,0,0
Grp.C,1977-10-23,,América-RN,Ponte Preta,1,0
Grp.C,1977-10-23,,Flamengo-PI,Ceará,0,1
Grp.A,1977-10-23,,Grêmio,Juventude,2,0
Grp.E,1977-10-23,,Confiança,Fluminense de Feira,1,0
Grp.A,1977-10-23,,Operário-MS,Grêmio Maringá,0,1
Grp.F,1977-10-23,,Atlético Mineiro,Santos,3,0
Grp.A,1977-10-23,,Coritiba,Internacional,1,3
Grp.D,1977-10-23,,Vasco,Brasília,3,0
Grp.B,1977-10-23,,Treze,Palmeiras,1,1
Grp.D,1977-10-23,,Botafogo,Goiás,3,1
Grp.F,1977-10-23,,Nacional-AM,Uberaba,1,0
Grp.C,1977-10-23,,Corinthians,Guarani,1,0
Grp.B,1977-10-23,,CSA,São Paulo,0,0
Grp.B,1977-10-23,,Sport,XV de Piracicaba,1,1
Grp.D,1977-10-23,,Vila Nova,Atlético Paranaense,1,1
Grp.B,1977-10-23,,Botafogo-PB,Santa Cruz,0,0
Grp.A,1977-10-23,15:00,Avaí,Caxias,1,2
Grp.C,1977-10-26,,Sampaio Corrêa,Fortaleza,1,0
Grp.E,1977-10-26,,Fluminense de Feira,Flamengo,0,6
Grp.C,1977-10-26,,América-RN,Flamengo-PI,5,1
Grp.E,1977-10-26,,Fluminense,Vitória-ES,6,0
Grp.F,1977-10-26,,Fast Clube,Santos,1,3
Grp.C,1977-10-26,,Ceará,Ponte Preta,1,3
Grp.B,1977-10-26,,Treze,XV de Piracicaba,0,0
Grp.B,1977-10-26,,Sport,Palmeiras,0,2
Grp.F,1977-10-26,,Paysandu,Nacional-AM,1,1
Grp.F,1977-10-26,,Botafogo-SP,Atlético Mineiro,0,1
Grp.D,1977-10-26,,Americano,Brasília,1,0
Grp.D,1977-10-26,,Goiás,Atlético Paranaense,1,1
Grp.F,1977-10-27,,Remo,Uberaba,0,0
Grp.A,1977-10-27,,Caxias,Joinville,0,0
Grp.E,1977-10-27,,Desportiva Ferroviária,Volta Redonda,1,0
Grp.B,1977-10-27,,Náutico,CRB,1,0
Grp.C,1977-10-27,,Portuguesa,River-PI,2,0
Grp.C,1977-10-27,,ABC,Guarani,1,1
Grp.A,1977-10-27,,Operário-MS,Juventude,1,0
Grp.D,1977-10-27,,Goytacaz,Botafogo,1,1
Grp.F,1977-10-29,,Fast Clube,Paysandu,2,3
Grp.E,1977-10-29,,Confiança,Vitória-ES,2,1
Grp.D,1977-10-30,,Goiás,Vasco,0,3
Grp.D,1977-10-30,,Americano,Goytacaz,1,1
Grp.C,1977-10-30,,Flamengo-PI,Sampaio Corrêa,1,3
Grp.C,1977-10-30,,Ponte Preta,Corinthians,2,1
Grp.C,1977-10-30,,ABC,River-PI,2,0
Grp.C,1977-10-30,,Fortaleza,Guarani,1,2
Grp.D,1977-10-30,,Londrina,Vila Nova,3,1
Grp.F,1977-10-30,,Cruzeiro,América Mineiro,2,2
Grp.F,1977-10-30,,Remo,Santos,0,2
Grp.B,1977-10-30,,Santa Cruz,Treze,6,0
Grp.A,1977-10-30,,Coritiba,Juventude,1,2
Grp.A,1977-10-30,,Internacional,Joinville,5,0
Grp.B,1977-10-30,,Botafogo-PB,CRB,0,1
Grp.A,1977-10-30,,Dom Bosco,Caxias,2,2
Grp.E,1977-10-30,,Fluminense,America-RJ,0,1
Grp.E,1977-10-30,,Sergipe,Flamengo,1,3
Grp.B,1977-10-30,,CSA,Náutico,2,0
Grp.F,1977-10-30,,Botafogo-SP,Uberaba,2,1
Grp.F,1977-10-30,,Nacional-AM,Atlético Mineiro,2,4
Grp.B,1977-10-30,,Palmeiras,XV de Piracicaba,1,1
Grp.E,1977-10-30,,Vitória,Volta Redonda,0,0
Grp.B,1977-11-02,,Santa Cruz,CRB,5,1
Grp.D,1977-11-02,,Atlético Paranaense,Botafogo,1,3
Grp.B,1977-11-02,,XV de Piracicaba,São Paulo,1,1
Grp.E,1977-11-02,,America-RJ,Desportiva Ferroviária,3,0
Grp.D,1977-11-02,,Goiânia,Vasco,2,6
Grp.D,1977-11-02,,Americano,Vila Nova,1,0
Grp.D,1977-11-02,,Londrina,Goytacaz,1,2
Grp.E,1977-11-02,,Fluminense de Feira,Fluminense,1,2
Grp.E,1977-11-02,,Sergipe,Volta Redonda,0,1
Grp.F,1977-11-02,,Paysandu,Atlético Mineiro,1,3
Grp.F,1977-11-02,,Uberaba,Cruzeiro,0,0
Grp.C,1977-11-02,,América-RN,Sampaio Corrêa,1,0
Grp.C,1977-11-02,,Ponte Preta,ABC,2,0
Grp.C,1977-11-02,,Fortaleza,River-PI,2,1
Grp.C,1977-11-02,,Corinthians,Flamengo-PI,3,0
Grp.E,1977-11-02,,Bahia,Vitória-ES,7,0
Grp.E,1977-11-03,,Vitória,Confiança,0,2
Grp.B,1977-11-03,,Palmeiras,Náutico,3,2
Grp.A,1977-11-03,,Grêmio Maringá,Caxias,1,0
Grp.D,1977-11-05,,Brasília,Goytacaz,2,1
Grp.F,1977-11-05,,América Mineiro,Fast Clube,2,0
Grp.C,1977-11-05,,Corinthians,ABC,1,0
Grp.C,1977-11-06,,Ceará,Sampaio Corrêa,4,0
Grp.C,1977-11-06,,Guarani,Flamengo-PI,2,0
Grp.C,1977-11-06,,América-RN,Fortaleza,1,1
Grp.D,1977-11-06,,Atlético Paranaense,Londrina,2,0
Grp.B,1977-11-06,,São Paulo,Palmeiras,0,2
Grp.B,1977-11-06,,Santa Cruz,Sport,1,1
Grp.A,1977-11-06,,Grêmio Maringá,Coritiba,1,1
Grp.A,1977-11-06,,Internacional,Grêmio,0,4
Grp.A,1977-11-06,,Caxias,Juventude,0,0
Grp.E,1977-11-06,,Fluminense de Feira,Bahia,0,1
Grp.E,1977-11-06,,Vitória,Fluminense,1,1
Grp.F,1977-11-06,,Remo,Paysandu,0,0
Grp.F,1977-11-06,,Santos,Botafogo-SP,0,1
Grp.F,1977-11-06,,Atlético Mineiro,Cruzeiro,1,0
Grp.B,1977-11-06,,Botafogo-PB,Treze,0,0
Grp.D,1977-11-06,,Vasco,Vila Nova,2,0
Grp.D,1977-11-06,,Goiás,Goiânia,1,1
Grp.E,1977-11-06,,Flamengo,America-RJ,1,1
Grp.E,1977-11-06,,Vitória-ES,Desportiva Ferroviária,2,1
Grp.E,1977-11-06,,Sergipe,Confiança,0,1
Grp.B,1977-11-06,,XV de Piracicaba,Náutico,0,0
Grp.B,1977-11-06,,CSA,CRB,1,1
Grp.A,1977-11-06,15:00,Joinville,Avaí,1,0
Grp.A,1977-11-07,,Operário-MS,Dom Bosco,3,1
Grp.F,1977-11-09,,Santos,América Mineiro,1,1
Grp.E,1977-11-09,,Fluminense de Feira,Vitória,0,2
Grp.F,1977-11-09,,Atlético Mineiro,Fast Clube,6,2
Grp.D,1977-11-09,,Vila Nova,Goytacaz,1,3
Grp.D,1977-11-09,,Brasília,Londrina,2,1
Grp.D,1977-11-09,,Botafogo,Americano,3,0
Grp.E,1977-11-09,,Confiança,Fluminense,1,0
Grp.C,1977-11-09,,ABC,Flamengo-PI,0,0
Grp.C,1977-11-09,,River-PI,Ceará,1,0
Grp.A,1977-11-09,,Caxias,Grêmio,0,2
Grp.E,1977-11-10,,Sergipe,Desportiva Ferroviária,1,4
Grp.E,1977-11-10,,Bahia,America-RJ,2,0
Grp.C,1977-11-10,,Sampaio Corrêa,Portuguesa,1,2
Grp.A,1977-11-10,,Operário-MS,Joinville,2,0
Grp.C,1977-11-10,,Corinthians,Fortaleza,3,0
Grp.B,1977-11-10,,XV de Piracicaba,Santa Cruz,0,0
Grp.F,1977-11-10,,Cruzeiro,Nacional-AM,3,0
Grp.A,1977-11-10,,Grêmio Maringá,Dom Bosco,3,1
Grp.A,1977-11-10,20:00,Juventude,Avaí,1,0
Grp.D,1977-11-12,,Brasília,Goiás,0,0
Grp.B,1977-11-12,,CSA,Botafogo-PB,3,1
Grp.E,1977-11-12,,Flamengo,Volta Redonda,1,1
Grp.B,1977-11-13,,CRB,Treze,3,1
Grp.A,1977-11-13,,Coritiba,Joinville,2,1
Grp.C,1977-11-13,,Ceará,Corinthians,1,0
Grp.C,1977-11-13,,Flamengo-PI,Portuguesa,0,2
Grp.B,1977-11-13,,São Paulo,Santa Cruz,1,0
Grp.E,1977-11-13,,Confiança,America-RJ,2,2
Grp.B,1977-11-13,,Náutico,Sport,0,0
Grp.C,1977-11-13,,Sampaio Corrêa,Guarani,0,2
Grp.C,1977-11-13,,Ponte Preta,Fortaleza,3,1
Grp.F,1977-11-13,,Atlético Mineiro,América Mineiro,3,1
Grp.F,1977-11-13,,Remo,Cruzeiro,4,0
Grp.F,1977-11-13,,Botafogo-SP,Fast Clube,5,1
Grp.A,1977-11-13,,Internacional,Caxias,1,0
Grp.A,1977-11-13,,Juventude,Dom Bosco,2,2
Grp.E,1977-11-13,,Bahia,Vitória,1,0
Grp.D,1977-11-13,,Vasco,Botafogo,0,0
Grp.E,1977-11-13,,Fluminense de Feira,Desportiva Ferroviária,0,0
Grp.F,1977-11-13,,Santos,Nacional-AM,2,0
Grp.D,1977-11-13,,Americano,Londrina,1,1
Grp.D,1977-11-13,,Goiânia,Vila Nova,2,2
Grp.A,1977-11-13,15:00,Avaí,Grêmio,2,1
Grp.E,1977-11-15,,Fluminense,Flamengo,2,1
Grp.E,1977-11-16,,Vitória,Desportiva Ferroviária,0,1
Grp.A,1977-11-16,,Juventude,Internacional,0,1
Grp.A,1977-11-16,,Grêmio Maringá,Grêmio,2,1
Grp.A,1977-11-16,,Joinville,Dom Bosco,5,3
Grp.B,1977-11-16,,São Paulo,Treze,3,0
Grp.E,1977-11-16,,Sergipe,America-RJ,0,1
Grp.B,1977-11-16,,CSA,Santa Cruz,0,1
Grp.F,1977-11-16,,Botafogo-SP,Nacional-AM,4,0
Grp.F,1977-11-16,,Uberaba,América Mineiro,1,0
Grp.D,1977-11-16,,Goiânia,Brasília,0,1
Grp.D,1977-11-16,,Botafogo,Londrina,3,0
Grp.C,1977-11-16,,River-PI,Guarani,1,1
Grp.F,1977-11-16,,Fast Clube,Cruzeiro,1,1
Grp.C,1977-11-16,,América-RN,Corinthians,0,0
Grp.C,1977-11-17,,Portuguesa,Ponte Preta,0,0
Grp.B,1977-11-17,,Palmeiras,Botafogo-PB,2,0
Grp.A,1977-11-17,,Coritiba,Operário-MS,1,0
Grp.D,1977-11-17,,Vasco,Goytacaz,0,1
Grp.E,1977-11-17,,Volta Redonda,Bahia,1,1
Grp.E,1977-11-19,,Vitória-ES,America-RJ,0,0
Grp.E,1977-11-20,,Desportiva Ferroviária,Confiança,3,1
Grp.E,1977-11-20,,Sergipe,Vitória,2,1
Grp.E,1977-11-20,,Fluminense,Bahia,1,0
Grp.D,1977-11-20,,Goiás,Vila Nova,1,0
Grp.B,1977-11-20,,XV de Piracicaba,Botafogo-PB,2,0
Grp.B,1977-11-20,,Náutico,Santa Cruz,1,2
Grp.D,1977-11-20,,Atlético Paranaense,Americano,3,0
Grp.D,1977-11-20,,Londrina,Vasco,2,2
Grp.D,1977-11-20,,Goytacaz,Goiânia,0,0
Grp.E,1977-11-20,,Volta Redonda,Fluminense de Feira,2,2
Grp.B,1977-11-20,,CRB,Sport,6,4
Grp.F,1977-11-20,,América Mineiro,Botafogo-SP,1,2
Grp.C,1977-11-20,,ABC,América-RN,3,0
Grp.C,1977-11-20,,Corinthians,Portuguesa,2,0
Grp.A,1977-11-20,,Joinville,Juventude,1,0
Grp.A,1977-11-20,,Internacional,Grêmio Maringá,3,0
Grp.F,1977-11-20,,Uberaba,Atlético Mineiro,1,1
Grp.C,1977-11-20,,River-PI,Flamengo-PI,2,2
Grp.F,1977-11-20,,Remo,Fast Clube,4,1
Grp.C,1977-11-20,,Guarani,Ponte Preta,0,1
Grp.C,1977-11-20,,Ceará,Fortaleza,1,0
Grp.A,1977-11-20,,Dom Bosco,Grêmio,0,3
Grp.A,1977-11-20,15:00,Avaí,Operário-MS,0,1
Grp.C,1977-11-23,,Flamengo-PI,Fortaleza,1,0
Grp.B,1977-11-23,,Treze,CSA,0,1
Grp.B,1977-11-23,,CRB,Palmeiras,0,2
Grp.B,1977-11-23,,Náutico,Botafogo-PB,2,1
Grp.C,1977-11-23,,Ponte Preta,River-PI,5,0
Grp.F,1977-11-23,,Paysandu,Botafogo-SP,2,1
Grp.D,1977-11-23,,Goiás,Americano,3,0
Grp.D,1977-11-23,,Botafogo,Goiânia,1,0
Grp.E,1977-11-23,,Volta Redonda,Confiança,1,3
Grp.E,1977-11-23,,Desportiva Ferroviária,Bahia,2,1
Grp.A,1977-11-23,,Caxias,Operário-MS,3,3
Grp.B,1977-11-23,,São Paulo,Sport,2,0
Grp.A,1977-11-23,20:00,Avaí,Coritiba,2,0
Grp.A,1977-11-24,,Juventude,Grêmio Maringá,1,0
Grp.F,1977-11-24,,Nacional-AM,América Mineiro,1,0
Grp.C,1977-11-24,,Guarani,Ceará,3,0
Grp.E,1977-11-24,,America-RJ,Fluminense de Feira,1,0
Grp.D,1977-11-24,,Goytacaz,Atlético Paranaense,4,1
Grp.C,1977-11-24,,Portuguesa,América-RN,3,0
Grp.C,1977-11-24,,Sampaio Corrêa,ABC,1,1
Grp.E,1977-11-24,,Vitória-ES,Flamengo,0,3
Grp.D,1977-11-26,,Brasília,Vila Nova,1,0
Grp.B,1977-11-26,,São Paulo,CRB,4,0
Grp.B,1977-11-26,,Sport,CSA,3,1
Grp.F,1977-11-27,,Uberaba,Santos,4,1
Grp.F,1977-11-27,,Cruzeiro,Botafogo-SP,3,1
Grp.F,1977-11-27,,Paysandu,América Mineiro,4,1
Grp.F,1977-11-27,,Nacional-AM,Remo,0,2
Grp.E,1977-11-27,,Flamengo,Confiança,3,1
Grp.B,1977-11-27,,Santa Cruz,Palmeiras,1,2
Grp.C,1977-11-27,,Portuguesa,Ceará,2,1
Grp.B,1977-11-27,,Treze,Náutico,2,1
Grp.A,1977-11-27,,Joinville,Grêmio Maringá,2,1
Grp.A,1977-11-27,,Grêmio,Operário-MS,3,3
Grp.E,1977-11-27,,Bahia,Sergipe,3,0
Grp.C,1977-11-27,,River-PI,Sampaio Corrêa,0,0
Grp.C,1977-11-27,,Fortaleza,ABC,3,2
Grp.D,1977-11-27,,Vasco,Atlético Paranaense,0,0
Grp.E,1977-11-27,,Vitória-ES,Fluminense de Feira,1,1
Grp.D,1977-11-27,,Londrina,Goiás,1,1
Grp.D,1977-11-27,,Goiânia,Americano,1,3
Grp.C,1977-11-27,,Guarani,América-RN,1,0
Grp.A,1977-11-27,,Dom Bosco,Coritiba,2,3
Grp.A,1977-11-27,15:00,Avaí,Internacional,0,0
Grp.O,1977-11-30,,América-RN,Ceará,2,0
Grp.P,1977-12-01,,Atlético Paranaense,Goiás,3,3
Grp.P,1977-12-01,,Londrina,Goiânia,4,1
Grp.K,1977-12-01,,ABC,XV de Piracicaba,1,0
Grp.H,1977-12-01,,Portuguesa,Santos,1,2
Grp.Q,1977-12-01,,Volta Redonda,Desportiva Ferroviária,2,0
Grp.Q,1977-12-01,,Vitória,Vitória-ES,2,0
Grp.J,1977-12-01,,Operário-MS,Botafogo-SP,0,0
Grp.Q,1977-12-01,,Sergipe,Fluminense de Feira,1,1
Grp.R,1977-12-01,,América Mineiro,Paysandu,3,1
Grp.O,1977-12-01,,Flamengo-PI,Fortaleza,0,0
Grp.G,1977-12-01,,Brasília,America-RJ,2,3
Grp.L,1977-12-01,,Guarani,Atlético Mineiro,0,1
Grp.J,1977-12-04,,Operário-MS,Fluminense,2,1
Grp.M,1977-12-04,,Coritiba,Dom Bosco,4,0
Grp.N,1977-12-04,,Sport,Treze,4,0
Grp.N,1977-12-04,,CRB,Náutico,1,2
Grp.J,1977-12-04,,Botafogo-SP,Botafogo,2,2
Grp.P,1977-12-04,,Vila Nova,Goiânia,4,0
Grp.K,1977-12-04,,XV de Piracicaba,Grêmio Maringá,3,0
Grp.L,1977-12-04,,Atlético Mineiro,Santa Cruz,3,1
Grp.K,1977-12-04,,Flamengo,Cruzeiro,3,1
Grp.O,1977-12-04,,Fortaleza,América-RN,0,2
Grp.O,1977-12-04,,River-PI,Sampaio Corrêa,4,3
Grp.Q,1977-12-04,,Desportiva Ferroviária,Vitória,3,1
Grp.Q,1977-12-04,,Volta Redonda,Sergipe,3,2
Grp.R,1977-12-04,,Uberaba,Nacional-AM,2,0
Grp.H,1977-12-04,,Bahia,Portuguesa,2,0
Grp.R,1977-12-04,,Paysandu,Fast Clube,1,2
Grp.G,1977-12-04,,Internacional,Brasília,6,0
Grp.G,1977-12-04,,Corinthians,São Paulo,2,0
Grp.H,1977-12-04,,Goytacaz,Palmeiras,1,3
Grp.I,1977-12-04,,Vasco,Remo,1,0
Grp.I,1977-12-04,,Ponte Preta,Confiança,3,0
Grp.M,1977-12-04,15:00,Caxias,Avaí,5,1
Grp.R,1977-12-07,,América Mineiro,Nacional-AM,1,0
Grp.L,1977-12-07,,Americano,Grêmio,0,0
Grp.L,1977-12-07,,Santa Cruz,Guarani,1,0
Grp.O,1977-12-07,,Flamengo-PI,América-RN,1,1
Grp.G,1977-12-07,,America-RJ,Internacional,0,0
Grp.M,1977-12-07,,Juventude,Coritiba,3,0
Grp.G,1977-12-07,,São Paulo,Brasília,5,0
Grp.I,1977-12-07,,Confiança,Remo,2,1
Grp.Q,1977-12-07,,Volta Redonda,Vitória,1,1
Grp.Q,1977-12-07,,Vitória-ES,Fluminense de Feira,1,0
Grp.K,1977-12-07,,XV de Piracicaba,Flamengo,1,0
Grp.P,1977-12-07,,Goiânia,Atlético Paranaense,2,1
Grp.H,1977-12-07,,Santos,Bahia,0,1
Grp.N,1977-12-07,,Treze,CRB,0,0
Grp.N,1977-12-07,,Botafogo-PB,Sport,1,3
Grp.J,1977-12-07,,CSA,Fluminense,1,2
Grp.J,1977-12-07,,Botafogo,Operário-MS,1,1
Grp.O,1977-12-08,,River-PI,Fortaleza,2,1
Grp.H,1977-12-08,,Portuguesa,Goytacaz,0,1
Grp.O,1977-12-08,,Sampaio Corrêa,Ceará,1,1
Grp.I,1977-12-08,,Joinville,Ponte Preta,0,2
Grp.M,1977-12-08,20:00,Avaí,Dom Bosco,0,1
Grp.Q,1977-12-10,,Vitória,Sergipe,2,1
Grp.G,1977-12-10,,Brasília,Corinthians,0,5
Grp.R,1977-12-10,,América Mineiro,Uberaba,1,0
Grp.L,1977-12-10,16:00,Guarani,Americano,6,0
Grp.N,1977-12-11,,Sport,Náutico,1,0
Grp.N,1977-12-11,,Treze,Botafogo-PB,3,2
Grp.O,1977-12-11,,Sampaio Corrêa,América-RN,1,1
Grp.P,1977-12-11,,Londrina,Atlético Paranaense,2,3
Grp.Q,1977-12-11,,Fluminense de Feira,Volta Redonda,1,0
Grp.P,1977-12-11,,Vila Nova,Goiás,0,3
Grp.Q,1977-12-11,,Desportiva Ferroviária,Vitória-ES,2,1
Grp.O,1977-12-11,,Ceará,Fortaleza,2,1
Grp.R,1977-12-11,,Fast Clube,Nacional-AM,2,1
Grp.O,1977-12-11,,Flamengo-PI,River-PI,0,0
Grp.J,1977-12-11,,Botafogo-SP,CSA,2,2
Grp.K,1977-12-11,,Grêmio Maringá,Flamengo,0,1
Grp.K,1977-12-11,,ABC,Cruzeiro,2,2
Grp.H,1977-12-11,,Palmeiras,Santos,1,1
Grp.J,1977-12-11,,Fluminense,Botafogo,0,1
Grp.I,1977-12-11,,Ponte Preta,Vasco,0,0
Grp.I,1977-12-11,,Joinville,Confiança,3,0
Grp.H,1977-12-11,,Bahia,Goytacaz,2,0
Grp.L,1977-12-11,,Atlético Mineiro,Grêmio,3,1
Grp.G,1977-12-11,,Internacional,São Paulo,1,4
Grp.M,1977-12-11,,Coritiba,Avaí,2,3
Grp.M,1977-12-11,,Juventude,Caxias,1,1
Grp.H,1977-12-14,,Palmeiras,Portuguesa,2,1
Grp.Q,1977-12-14,,Vitória,Fluminense de Feira,2,0
Grp.H,1977-12-14,,Goytacaz,Santos,0,0
Grp.M,1977-12-14,,Avaí,Juventude,2,1
Grp.M,1977-12-14,,Dom Bosco,Caxias,1,1
Grp.J,1977-12-14,,Botafogo,CSA,3,1
Grp.N,1977-12-14,,CRB,Botafogo-PB,3,0
Grp.P,1977-12-14,,Goiás,Goiânia,3,2
Grp.Q,1977-12-14,,Vitória-ES,Volta Redonda,1,1
Grp.R,1977-12-14,,Paysandu,Uberaba,2,2
Grp.R,1977-12-14,,Fast Clube,América Mineiro,2,0
Grp.L,1977-12-14,,Santa Cruz,Americano,3,0
Grp.O,1977-12-14,,Sampaio Corrêa,Flamengo-PI,4,1
Grp.Q,1977-12-14,,Sergipe,Desportiva Ferroviária,1,1
Grp.K,1977-12-14,,Cruzeiro,XV de Piracicaba,2,0
Grp.K,1977-12-14,,Grêmio Maringá,ABC,3,0
Grp.L,1977-12-14,,Grêmio,Guarani,2,0
Grp.I,1977-12-15,,Remo,Joinville,1,0
Grp.I,1977-12-15,,Confiança,Vasco,0,1
Grp.J,1977-12-15,,Fluminense,Botafogo-SP,0,0
Grp.O,1977-12-15,,Ceará,River-PI,3,0
Grp.G,1977-12-15,,Corinthians,America-RJ,0,0
Grp.N,1977-12-15,,Náutico,Treze,5,0
Grp.P,1977-12-15,,Vila Nova,Londrina,0,1
Grp.O,1977-12-15,,Fortaleza,Sampaio Corrêa,2,0
Grp.K,1977-12-17,,Flamengo,ABC,1,0
Grp.M,1977-12-17,,Coritiba,Caxias,1,2
Grp.Q,1977-12-18,,Sergipe,Vitória-ES,0,1
Grp.M,1977-12-18,,Dom Bosco,Juventude,0,1
Grp.R,1977-12-18,,Uberaba,Fast Clube,1,0
Grp.Q,1977-12-18,,Desportiva Ferroviária,Fluminense de Feira,0,0
Grp.G,1977-12-18,,Corinthians,Internacional,1,0
Grp.G,1977-12-18,,America-RJ,São Paulo,0,0
Grp.R,1977-12-18,,Nacional-AM,Paysandu,1,1
Grp.P,1977-12-18,,Goiás,Londrina,1,2
Grp.H,1977-12-18,,Palmeiras,Bahia,1,0
Grp.K,1977-12-18,,Cruzeiro,Grêmio Maringá,0,0
Grp.L,1977-12-18,,Grêmio,Santa Cruz,2,3
Grp.N,1977-12-18,,Sport,CRB,1,0
Grp.N,1977-12-18,,Botafogo-PB,Náutico,3,1
Grp.O,1977-12-18,,América-RN,River-PI,5,0
Grp.L,1977-12-18,,Americano,Atlético Mineiro,0,2
Grp.I,1977-12-18,,Vasco,Joinville,1,1
Grp.O,1977-12-18,,Ceará,Flamengo-PI,0,0
Grp.I,1977-12-18,,Remo,Ponte Preta,1,0
Grp.P,1977-12-18,,Atlético Paranaense,Vila Nova,2,2
Grp.J,1977-12-18,,CSA,Operário-MS,0,2
Grp.U,1978-01-28,,São Paulo,XV de Piracicaba,4,2
Grp.T,1978-01-29,,Fast Clube,América-RN,0,0
Grp.U,1978-01-29,,Grêmio,Sport,1,0
Grp.T,1978-01-29,,Atlético Mineiro,Cruzeiro,2,1
Grp.V,1978-01-29,,Santa Cruz,America-RJ,2,2
Grp.T,1978-01-29,,Bahia,Botafogo,0,0
Grp.V,1978-01-29,,Remo,Palmeiras,3,0
Grp.U,1978-01-29,,Ponte Preta,Botafogo-SP,4,1
Grp.S,1978-01-29,,Flamengo,Vasco,0,0
Grp.S,1978-01-29,,Londrina,Caxias,2,0
Grp.S,1978-01-29,,Corinthians,Santos,1,1
Grp.S,1978-02-01,,Vasco,Santos,1,0
Grp.T,1978-02-01,,Fast Clube,Atlético Mineiro,1,2
Grp.T,1978-02-01,,Botafogo,América-RN,2,0
Grp.U,1978-02-01,,Ponte Preta,São Paulo,1,3
Grp.U,1978-02-01,,XV de Piracicaba,Grêmio,0,1
Grp.S,1978-02-01,,Corinthians,Caxias,1,0
Grp.V,1978-02-01,,Operário-MS,Santa Cruz,0,0
Grp.U,1978-02-01,,Sport,Botafogo-SP,1,2
Grp.S,1978-02-01,,Londrina,Flamengo,1,0
Grp.V,1978-02-02,,Palmeiras,Desportiva Ferroviária,4,1
Grp.S,1978-02-11,,Flamengo,Caxias,1,1
Grp.S,1978-02-11,,Santos,Londrina,1,2
Grp.V,1978-02-12,,Santa Cruz,Desportiva Ferroviária,2,0
Grp.V,1978-02-12,,Palmeiras,America-RJ,5,1
Grp.U,1978-02-12,,Botafogo-SP,São Paulo,1,0
Grp.U,1978-02-12,,Grêmio,Ponte Preta,1,0
Grp.U,1978-02-12,,XV de Piracicaba,Sport,0,1
Grp.T,1978-02-12,,Bahia,Cruzeiro,2,2
Grp.T,1978-02-12,,Botafogo,Atlético Mineiro,0,0
Grp.S,1978-02-12,,Corinthians,Vasco,0,0
Grp.U,1978-02-15,,Ponte Preta,XV de Piracicaba,1,0
Grp.U,1978-02-15,,Grêmio,Botafogo-SP,1,1
Grp.S,1978-02-15,,Caxias,Vasco,1,5
Grp.S,1978-02-15,,Santos,Flamengo,0,0
Grp.U,1978-02-15,,São Paulo,Sport,4,3
Grp.S,1978-02-15,,Londrina,Corinthians,1,0
Grp.V,1978-02-15,,Operário-MS,Desportiva Ferroviária,5,0
Grp.T,1978-02-15,,Cruzeiro,Fast Clube,5,4
Grp.V,1978-02-15,,America-RJ,Remo,1,1
Grp.T,1978-02-15,,América-RN,Bahia,0,0
Grp.V,1978-02-18,,America-RJ,Operário-MS,0,2
Grp.S,1978-02-18,,Caxias,Santos,3,3
Grp.V,1978-02-18,,Palmeiras,Santa Cruz,1,3
Grp.V,1978-02-18,,Desportiva Ferroviária,Remo,2,2
Grp.S,1978-02-19,,Flamengo,Corinthians,0,1
Grp.S,1978-02-19,,Vasco,Londrina,0,2
Grp.T,1978-02-19,,Cruzeiro,Botafogo,0,3
Grp.T,1978-02-19,,Atlético Mineiro,América-RN,6,0
Grp.T,1978-02-19,,Bahia,Fast Clube,2,0
Grp.U,1978-02-19,,São Paulo,Grêmio,3,1
Grp.U,1978-02-19,,Botafogo-SP,XV de Piracicaba,0,0
Grp.U,1978-02-19,,Sport,Ponte Preta,1,0
Grp.V,1978-02-20,,Remo,Operário-MS,2,0
Grp.V,1978-02-22,,Operário-MS,Palmeiras,2,0
Grp.T,1978-02-22,,Botafogo,Fast Clube,3,1
Grp.T,1978-02-22,,Atlético Mineiro,Bahia,4,0
Grp.T,1978-02-22,,América-RN,Cruzeiro,2,2
Grp.V,1978-02-23,,Santa Cruz,Remo,2,1
Grp.V,1978-02-23,,Desportiva Ferroviária,America-RJ,0,0
SF,1978-02-26,,São Paulo,Operário-MS,3,0
SF,1978-02-26,,Atlético Mineiro,Londrina,4,2
SF,1978-03-01,,Londrina,Atlético Mineiro,2,2
SF,1978-03-01,,Operário-MS,São Paulo,1,0
F,1978-03-05,,Atlético Mineiro,São Paulo,0 (2),0 (3)
Grp.F,1978-03-26,,Portuguesa,America-RJ,1,0
Grp.F,1978-03-26,,Fast Clube,Bangu,2,0
Grp.C,1978-03-26,,Rio Branco-ES,Mixto,0,0
Grp.C,1978-03-26,,Anapolina,Corinthians,0,0
Grp.C,1978-03-26,,Vila Nova,Dom Bosco,1,1
Grp.A,1978-03-26,,Juventude,Figueirense,0,0
Grp.F,1978-03-26,,Americano,Goytacaz,0,1
Grp.F,1978-03-26,,Flamengo,Fluminense,1,0
Grp.B,1978-03-26,,Uberlândia,Villa Nova-MG,1,3
Grp.B,1978-03-26,,América-RN,Botafogo-PB,2,0
Grp.B,1978-03-26,,Náutico,Santa Cruz,0,1
Grp.B,1978-03-26,,Uberaba,América Mineiro,2,0
Grp.B,1978-03-26,,Cruzeiro,Sport,1,2
Grp.F,1978-03-26,,Remo,Paysandu,0,0
Grp.E,1978-03-26,,América-SP,Flamengo-PI,3,0
Grp.D,1978-03-26,,Itabuna,Botafogo,0,2
Grp.C,1978-03-26,,Operário-MS,Brasília,0,2
Grp.E,1978-03-26,,River-PI,Sampaio Corrêa,0,0
Grp.D,1978-03-26,,Guarani,Vasco,1,3
Grp.E,1978-03-26,,Noroeste,Comercial,0,1
Grp.E,1978-03-26,,Botafogo-SP,Palmeiras,0,0
Grp.E,1978-03-26,,Ceará,Moto Club,1,0
Grp.D,1978-03-26,,Bahia,Ponte Preta,0,0
Grp.A,1978-03-26,,Grêmio,Caxias,2,2
Grp.A,1978-03-26,,GE Brasil,Joinville,0,1
Grp.A,1978-03-26,,Coritiba,Londrina,1,0
Grp.D,1978-03-26,,CRB,Sergipe,0,0
Grp.A,1978-03-26,,Grêmio Maringá,Internacional,0,1
Grp.D,1978-03-26,,Confiança,Vitória,1,2
Grp.B,1978-03-29,,Campinense,América-RN,1,1
Grp.B,1978-03-29,,Atlético Mineiro,Villa Nova-MG,1,0
Grp.B,1978-03-29,,Náutico,Botafogo-PB,3,1
Grp.B,1978-03-29,,Uberlândia,América Mineiro,1,1
Grp.B,1978-03-29,,ABC,Santa Cruz,1,1
Grp.B,1978-03-29,,Uberaba,Sport,0,0
Grp.F,1978-03-29,,XV de Piracicaba,America-RJ,1,3
Grp.D,1978-03-29,,CRB,Volta Redonda,2,0
Grp.C,1978-03-29,,Anapolina,Dom Bosco,1,1
Grp.C,1978-03-29,,Santos,Mixto,1,1
Grp.C,1978-03-29,,Brasília,Corinthians,0,1
Grp.D,1978-03-29,,Itabuna,Ponte Preta,0,4
Grp.E,1978-03-29,,América-SP,Sampaio Corrêa,2,1
Grp.F,1978-03-29,,Remo,Bangu,3,0
Grp.C,1978-03-29,,Desportiva Ferroviária,Goiás,0,0
Grp.E,1978-03-29,,Botafogo-SP,Flamengo-PI,3,0
Grp.F,1978-03-29,,Fast Clube,Flamengo,0,1
Grp.F,1978-03-29,,Fluminense,Americano,0,0
Grp.A,1978-03-29,,Caxias,Joinville,1,1
Grp.A,1978-03-29,,Londrina,Juventude,3,1
Grp.A,1978-03-29,,Grêmio,Figueirense,2,0
Grp.A,1978-03-29,,Colorado,Internacional,0,2
Grp.D,1978-03-30,,Guarani,Bahia,2,1
Grp.D,1978-03-30,,Vitória,Sergipe,2,0
Grp.E,1978-03-30,,São Paulo,Fortaleza,2,0
Grp.D,1978-03-30,,Vasco,CSA,4,0
Grp.A,1978-03-30,,Coritiba,GE Brasil,2,0
Grp.A,1978-03-30,,Chapecoense,Atlético Paranaense,2,0
Grp.B,1978-04-01,,Villa Nova-MG,América-RN,1,0
Grp.E,1978-04-01,,Palmeiras,Flamengo-PI,3,0
Grp.C,1978-04-02,,Desportiva Ferroviária,Rio Branco-ES,0,0
Grp.E,1978-04-02,,Noroeste,Fortaleza,3,1
Grp.F,1978-04-02,,Bangu,XV de Piracicaba,3,2
Grp.A,1978-04-02,,Figueirense,Atlético Paranaense,1,1
Grp.C,1978-04-02,,Dom Bosco,Santos,0,3
Grp.C,1978-04-02,,Comercial-MS,Mixto,2,2
Grp.B,1978-04-02,,Santa Cruz,Atlético Mineiro,3,0
Grp.B,1978-04-02,,Uberlândia,Uberaba,1,0
Grp.B,1978-04-02,,Campinense,Sport,0,0
Grp.B,1978-04-02,,Botafogo-PB,ABC,0,0
Grp.B,1978-04-02,,Cruzeiro,América Mineiro,4,1
Grp.A,1978-04-02,,Internacional,Joinville,3,1
Grp.C,1978-04-02,,Goiás,Corinthians,0,0
Grp.C,1978-04-02,,Anapolina,Operário-MS,1,1
Grp.A,1978-04-02,,Juventude,Grêmio,0,1
Grp.F,1978-04-02,,Nacional-AM,Goytacaz,0,1
Grp.F,1978-04-02,,Remo,Flamengo,0,1
Grp.D,1978-04-02,,Confiança,CRB,2,2
Grp.F,1978-04-02,,Portuguesa,Fluminense,2,0
Grp.E,1978-04-02,,Comercial,São Paulo,0,1
Grp.E,1978-04-02,,River-PI,Botafogo-SP,1,2
Grp.E,1978-04-02,,Moto Club,Sampaio Corrêa,2,0
Grp.A,1978-04-02,,Grêmio Maringá,Chapecoense,3,1
Grp.D,1978-04-02,,Botafogo,Bahia,1,1
Grp.D,1978-04-02,,Volta Redonda,CSA,0,0
Grp.D,1978-04-02,,Ponte Preta,Sergipe,2,0
Grp.A,1978-04-02,,Colorado,Caxias,1,2
Grp.D,1978-04-02,,Vitória,Itabuna,2,2
Grp.F,1978-04-05,,Fast Clube,Remo,0,3
Grp.B,1978-04-05,,Uberaba,América-RN,1,1
Grp.B,1978-04-05,,Campinense,Náutico,1,3
Grp.F,1978-04-05,,Portuguesa,Bangu,3,0
Grp.C,1978-04-05,,Comercial-MS,Santos,1,0
Grp.A,1978-04-06,,GE Brasil,Grêmio,1,3
Grp.A,1978-04-06,,Colorado,Chapecoense,1,0
Grp.A,1978-04-06,,Londrina,Atlético Paranaense,0,1
Grp.D,1978-04-06,,Botafogo,Sergipe,5,1
Grp.A,1978-04-06,,Grêmio Maringá,Caxias,0,0
Grp.D,1978-04-06,,Bahia,CRB,2,1
Grp.D,1978-04-06,,Guarani,CSA,2,0
Grp.D,1978-04-06,,Confiança,Itabuna,1,0
Grp.E,1978-04-06,,Comercial,Fortaleza,0,0
Grp.E,1978-04-06,,Ceará,América-SP,2,0
Grp.C,1978-04-06,,Dom Bosco,Brasília,3,1
Grp.C,1978-04-06,,Rio Branco-ES,Anapolina,1,0
Grp.E,1978-04-06,,São Paulo,River-PI,6,1
Grp.E,1978-04-06,,Moto Club,Botafogo-SP,2,2
Grp.C,1978-04-06,,Vila Nova,Operário-MS,0,1
Grp.A,1978-04-06,,Figueirense,Coritiba,2,4
Grp.F,1978-04-06,,Nacional-AM,America-RJ,1,2
Grp.B,1978-04-06,,ABC,Sport,2,2
Grp.B,1978-04-06,,Cruzeiro,Uberlândia,6,0
Grp.F,1978-04-06,,Paysandu,Goytacaz,2,0
Grp.F,1978-04-06,,XV de Piracicaba,Fluminense,1,1
Grp.B,1978-04-06,,Botafogo-PB,Atlético Mineiro,0,3
Grp.B,1978-04-06,,Santa Cruz,Villa Nova-MG,1,1
Grp.B,1978-04-08,,América Mineiro,América-RN,5,1
Grp.F,1978-04-08,,Americano,Bangu,1,0
Grp.C,1978-04-08,,Corinthians,Santos,0,0
Grp.B,1978-04-08,,Náutico,Uberaba,2,0
Grp.A,1978-04-09,,Internacional,Juventude,4,1
Grp.A,1978-04-09,,Joinville,Coritiba,1,1
Grp.A,1978-04-09,,Londrina,Grêmio,1,0
Grp.A,1978-04-09,,Figueirense,Chapecoense,1,0
Grp.E,1978-04-09,,Flamengo-PI,Ceará,0,1
Grp.D,1978-04-09,,Volta Redonda,Botafogo,0,1
Grp.D,1978-04-09,,Vasco,Ponte Preta,3,1
Grp.D,1978-04-09,,Vitória,Guarani,0,0
Grp.D,1978-04-09,,CSA,Bahia,0,2
Grp.D,1978-04-09,,Itabuna,CRB,1,3
Grp.E,1978-04-09,,Moto Club,América-SP,1,0
Grp.E,1978-04-09,,Noroeste,Palmeiras,0,0
Grp.C,1978-04-09,,Desportiva Ferroviária,Operário-MS,1,0
Grp.E,1978-04-09,,Comercial,River-PI,3,0
Grp.C,1978-04-09,,Brasília,Comercial-MS,2,2
Grp.C,1978-04-09,,Rio Branco-ES,Dom Bosco,0,3
Grp.C,1978-04-09,,Vila Nova,Anapolina,1,0
Grp.E,1978-04-09,,Fortaleza,Botafogo-SP,1,2
Grp.A,1978-04-09,,Atlético Paranaense,Colorado,1,0
Grp.F,1978-04-09,,Nacional-AM,Fluminense,0,2
Grp.B,1978-04-09,,Santa Cruz,Cruzeiro,2,2
Grp.F,1978-04-09,,Goytacaz,Flamengo,0,1
Grp.F,1978-04-09,,XV de Piracicaba,Portuguesa,0,2
Grp.F,1978-04-09,,Remo,America-RJ,2,0
Grp.B,1978-04-10,,ABC,Villa Nova-MG,0,2
Grp.B,1978-04-12,,Campinense,Cruzeiro,0,3
Grp.B,1978-04-12,,América-RN,Náutico,0,1
Grp.F,1978-04-12,,Paysandu,Fluminense,1,2
Grp.F,1978-04-12,,Portuguesa,Goytacaz,1,1
Grp.F,1978-04-12,,Fast Clube,Americano,0,0
Grp.C,1978-04-12,,Goiás,Comercial-MS,1,0
Grp.C,1978-04-12,,Operário-MS,Rio Branco-ES,3,0
Grp.E,1978-04-12,,Flamengo-PI,Moto Club,0,0
Grp.E,1978-04-12,,América-SP,São Paulo,1,0
Grp.B,1978-04-12,,Sport,Villa Nova-MG,0,1
Grp.E,1978-04-12,,Ceará,Comercial,1,2
Grp.B,1978-04-12,,Uberlândia,Atlético Mineiro,0,1
Grp.B,1978-04-12,,América Mineiro,Santa Cruz,1,2
Grp.D,1978-04-12,,Sergipe,Bahia,0,1
Grp.D,1978-04-12,,Vasco,Confiança,4,1
Grp.A,1978-04-12,,Internacional,Chapecoense,2,0
Grp.D,1978-04-12,,CRB,Guarani,1,1
Grp.A,1978-04-12,,Atlético Paranaense,Grêmio,0,0
Grp.A,1978-04-12,,Grêmio Maringá,Colorado,3,1
Grp.A,1978-04-12,,Joinville,Londrina,1,1
Grp.D,1978-04-12,,Ponte Preta,Volta Redonda,3,0
Grp.E,1978-04-12,,Noroeste,River-PI,2,0
Grp.E,1978-04-13,,Fortaleza,Sampaio Corrêa,2,0
Grp.B,1978-04-13,,ABC,Uberaba,1,1
Grp.B,1978-04-15,,América Mineiro,Campinense,2,2
Grp.E,1978-04-15,,Palmeiras,Ceará,4,0
Grp.C,1978-04-16,,Anapolina,Goiás,0,2
Grp.E,1978-04-16,,Moto Club,River-PI,0,0
Grp.E,1978-04-16,,América-SP,Botafogo-SP,1,0
Grp.C,1978-04-16,,Dom Bosco,Mixto,1,1
Grp.C,1978-04-16,,Brasília,Rio Branco-ES,1,0
Grp.B,1978-04-16,,Uberaba,Santa Cruz,0,1
Grp.E,1978-04-16,,Flamengo-PI,Comercial,1,1
Grp.D,1978-04-16,,Ponte Preta,Botafogo,0,1
Grp.C,1978-04-16,,Comercial-MS,Vila Nova,0,0
Grp.B,1978-04-16,,Náutico,Sport,1,0
Grp.B,1978-04-16,,ABC,Cruzeiro,1,2
Grp.F,1978-04-16,,Remo,Americano,1,1
Grp.A,1978-04-16,,Chapecoense,Juventude,0,3
Grp.D,1978-04-16,,Sergipe,Guarani,0,0
Grp.D,1978-04-16,,Volta Redonda,Confiança,0,0
Grp.C,1978-04-16,,Desportiva Ferroviária,Corinthians,0,1
Grp.A,1978-04-16,,Caxias,GE Brasil,1,0
Grp.F,1978-04-16,,Nacional-AM,Paysandu,0,2
Grp.A,1978-04-16,,Coritiba,Colorado,0,1
Grp.A,1978-04-16,,Londrina,Grêmio Maringá,2,3
Grp.A,1978-04-16,,Internacional,Atlético Paranaense,3,0
Grp.D,1978-04-16,,CSA,CRB,1,3
Grp.D,1978-04-16,,Bahia,Vasco,1,1
Grp.F,1978-04-16,,Flamengo,America-RJ,2,3
Grp.B,1978-04-16,,Botafogo-PB,Villa Nova-MG,1,1
Grp.F,1978-04-16,,XV de Piracicaba,Goytacaz,0,0
Grp.A,1978-04-16,,Joinville,Grêmio,0,0
Grp.F,1978-04-16,,Bangu,Fluminense,0,1
Grp.E,1978-04-19,,Flamengo-PI,Noroeste,0,0
Grp.B,1978-04-19,,Villa Nova-MG,Náutico,0,1
Grp.A,1978-04-19,,GE Brasil,Internacional,0,2
Grp.A,1978-04-19,,Caxias,Atlético Paranaense,2,0
Grp.A,1978-04-19,,Chapecoense,Grêmio,0,3
Grp.F,1978-04-19,,Paysandu,XV de Piracicaba,1,1
Grp.F,1978-04-20,,Nacional-AM,Portuguesa,1,3
Grp.A,1978-04-20,,Colorado,Figueirense,2,0
Grp.E,1978-04-20,,América-SP,Palmeiras,0,1
Grp.D,1978-04-20,,Itabuna,Vasco,0,1
Grp.D,1978-04-20,,Vitória,CSA,3,1
Grp.D,1978-04-20,,Sergipe,Volta Redonda,1,0
Grp.F,1978-04-20,,America-RJ,Goytacaz,1,1
Grp.F,1978-04-20,,Americano,Flamengo,0,1
Grp.B,1978-04-20,,Botafogo-PB,Santa Cruz,1,3
Grp.B,1978-04-20,,Sport,América Mineiro,2,0
Grp.B,1978-04-20,,Uberlândia,Campinense,2,0
Grp.E,1978-04-20,,Botafogo-SP,Ceará,1,2
Grp.D,1978-04-20,,Guarani,Confiança,5,0
Grp.C,1978-04-20,,Santos,Operário-MS,1,2
Grp.C,1978-04-20,,Mixto,Vila Nova,2,0
Grp.E,1978-04-20,,River-PI,Fortaleza,1,0
Grp.E,1978-04-20,,Sampaio Corrêa,Comercial,1,2
Grp.C,1978-04-20,,Goiás,Rio Branco-ES,2,0
Grp.C,1978-04-20,,Brasília,Anapolina,1,0
Grp.A,1978-04-20,,Joinville,Juventude,1,1
Grp.C,1978-04-20,,Desportiva Ferroviária,Dom Bosco,2,0
Grp.C,1978-04-22,,Brasília,Mixto,1,2
Grp.F,1978-04-22,,Remo,XV de Piracicaba,2,0
Grp.D,1978-04-23,,Itabuna,Volta Redonda,1,1
Grp.D,1978-04-23,,Guarani,Ponte Preta,2,1
Grp.D,1978-04-23,,Sergipe,CSA,1,2
Grp.F,1978-04-23,,Paysandu,Portuguesa,0,0
Grp.F,1978-04-23,,Nacional-AM,Fast Clube,0,2
Grp.D,1978-04-23,,Vasco,Botafogo,0,0
Grp.F,1978-04-23,,Bangu,Flamengo,1,4
Grp.F,1978-04-23,,Americano,America-RJ,0,0
Grp.D,1978-04-23,,Bahia,Vitória,0,1
Grp.C,1978-04-23,,Corinthians,Dom Bosco,4,0
Grp.E,1978-04-23,,Sampaio Corrêa,Noroeste,1,0
Grp.E,1978-04-23,,Ceará,Fortaleza,1,1
Grp.E,1978-04-23,,Comercial,Botafogo-SP,1,1
Grp.E,1978-04-23,,River-PI,Flamengo-PI,1,1
Grp.E,1978-04-23,,São Paulo,Palmeiras,0,0
Grp.A,1978-04-23,,GE Brasil,Colorado,2,0
Grp.B,1978-04-23,,Botafogo-PB,América Mineiro,1,0
Grp.B,1978-04-23,,Santa Cruz,Sport,1,0
Grp.B,1978-04-23,,América-RN,ABC,1,1
Grp.B,1978-04-23,,Atlético Mineiro,Cruzeiro,0,2
Grp.B,1978-04-23,,Uberaba,Campinense,1,1
Grp.B,1978-04-23,,Uberlândia,Náutico,1,1
Grp.C,1978-04-23,,Operário-MS,Comercial-MS,1,1
Grp.A,1978-04-23,,Internacional,Grêmio,2,3
Grp.A,1978-04-23,,Grêmio Maringá,Joinville,1,1
Grp.A,1978-04-23,,Caxias,Juventude,0,0
Grp.A,1978-04-23,,Londrina,Figueirense,2,1
Grp.C,1978-04-23,,Rio Branco-ES,Santos,2,2
Grp.C,1978-04-23,,Vila Nova,Goiás,0,1
Grp.A,1978-04-23,,Coritiba,Atlético Paranaense,1,0
Grp.B,1978-04-26,,ABC,América Mineiro,2,0
Grp.A,1978-04-26,,Juventude,Colorado,2,0
Grp.F,1978-04-26,,Fast Clube,XV de Piracicaba,1,0
Grp.A,1978-04-26,,Atlético Paranaense,Joinville,0,2
Grp.A,1978-04-26,,Chapecoense,Caxias,1,0
Grp.D,1978-04-26,,CRB,Vitória,2,0
Grp.E,1978-04-26,,Ceará,Noroeste,0,0
Grp.C,1978-04-26,,Rio Branco-ES,Comercial-MS,0,1
Grp.A,1978-04-26,,Grêmio Maringá,Coritiba,0,1
Grp.C,1978-04-26,,Operário-MS,Dom Bosco,2,1
Grp.D,1978-04-26,,Bahia,Volta Redonda,5,0
Grp.C,1978-04-26,,Goiás,Mixto,1,1
Grp.B,1978-04-26,,Uberaba,Cruzeiro,1,3
Grp.B,1978-04-26,,Atlético Mineiro,Náutico,2,0
Grp.B,1978-04-26,,Botafogo-PB,Sport,1,3
Grp.C,1978-04-26,,Santos,Desportiva Ferroviária,1,1
Grp.E,1978-04-27,,Moto Club,Fortaleza,0,0
Grp.E,1978-04-27,,Flamengo-PI,São Paulo,0,3
Grp.E,1978-04-27,,Palmeiras,Sampaio Corrêa,6,0
Grp.F,1978-04-27,,Flamengo,Nacional-AM,2,1
Grp.D,1978-04-27,,Confiança,Ponte Preta,1,2
Grp.B,1978-04-27,,Santa Cruz,Uberlândia,3,0
Grp.B,1978-04-27,,Villa Nova-MG,Campinense,2,3
Grp.A,1978-04-27,,Figueirense,GE Brasil,4,2
Grp.C,1978-04-27,,Vila Nova,Brasília,0,0
Grp.B,1978-04-29,,Náutico,América Mineiro,4,0
Grp.C,1978-04-29,,Corinthians,Comercial-MS,2,0
Grp.D,1978-04-30,,CSA,Ponte Preta,1,2
Grp.A,1978-04-30,,Grêmio,Coritiba,3,1
Grp.C,1978-04-30,,Operário-MS,Goiás,1,0
Grp.B,1978-04-30,,América-RN,Santa Cruz,0,0
Grp.C,1978-04-30,,Mixto,Anapolina,2,1
Grp.C,1978-04-30,,Desportiva Ferroviária,Brasília,0,0
Grp.F,1978-04-30,,Bangu,America-RJ,2,0
Grp.B,1978-04-30,,Cruzeiro,Villa Nova-MG,1,0
Grp.D,1978-04-30,,Vitória,Botafogo,0,3
Grp.B,1978-04-30,,Campinense,ABC,0,1
Grp.B,1978-04-30,,Sport,Atlético Mineiro,0,0
Grp.D,1978-04-30,,Volta Redonda,Vasco,0,2
Grp.E,1978-04-30,,Ceará,São Paulo,2,1
Grp.D,1978-04-30,,Guarani,Itabuna,7,0
Grp.E,1978-04-30,,Botafogo-SP,Sampaio Corrêa,4,1
Grp.F,1978-04-30,,Goytacaz,Remo,0,2
Grp.F,1978-04-30,,Flamengo,Portuguesa,2,1
Grp.F,1978-04-30,,XV de Piracicaba,Nacional-AM,2,0
Grp.F,1978-04-30,,Paysandu,Fast Clube,0,0
Grp.A,1978-04-30,,Atlético Paranaense,Grêmio Maringá,3,1
Grp.E,1978-04-30,,América-SP,Noroeste,2,0
Grp.A,1978-04-30,,Joinville,Figueirense,1,0
Grp.A,1978-04-30,,Caxias,Internacional,2,0
Grp.E,1978-04-30,,Palmeiras,Comercial,2,1
Grp.D,1978-04-30,,Confiança,Sergipe,1,1
Grp.A,1978-04-30,,Londrina,GE Brasil,4,0
Grp.B,1978-05-01,,Botafogo-PB,Uberlândia,6,3
Grp.F,1978-05-03,,Portuguesa,Remo,1,0
Grp.F,1978-05-03,,America-RJ,Fast Clube,2,1
Grp.B,1978-05-03,,Campinense,Atlético Mineiro,0,3
Grp.E,1978-05-03,,Sampaio Corrêa,São Paulo,2,2
Grp.E,1978-05-03,,Botafogo-SP,Noroeste,6,1
Grp.B,1978-05-03,,América Mineiro,Villa Nova-MG,0,1
Grp.F,1978-05-03,,Americano,Nacional-AM,0,0
Grp.B,1978-05-03,,América-RN,Uberlândia,4,2
Grp.A,1978-05-03,,Atlético Paranaense,GE Brasil,0,0
Grp.A,1978-05-03,,Juventude,Coritiba,0,0
Grp.A,1978-05-03,,Chapecoense,Joinville,1,1
Grp.C,1978-05-03,,Comercial-MS,Anapolina,1,1
Grp.D,1978-05-03,,Confiança,Botafogo,0,1
Grp.C,1978-05-03,,Dom Bosco,Goiás,0,2
Grp.C,1978-05-03,,Vila Nova,Desportiva Ferroviária,2,0
Grp.A,1978-05-04,,Colorado,Londrina,0,1
Grp.A,1978-05-04,,Figueirense,Grêmio Maringá,1,1
Grp.E,1978-05-04,,Moto Club,Palmeiras,1,0
Grp.E,1978-05-04,,Ceará,River-PI,2,0
Grp.D,1978-05-04,,CSA,Itabuna,2,0
Grp.C,1978-05-04,,Corinthians,Rio Branco-ES,4,1
Grp.C,1978-05-04,,Mixto,Operário-MS,0,0
Grp.F,1978-05-04,,Goytacaz,Fluminense,0,1
Grp.F,1978-05-04,,Flamengo,Paysandu,2,0
Grp.B,1978-05-04,,Náutico,ABC,4,2
Grp.B,1978-05-04,,Uberaba,Botafogo-PB,1,3
Grp.B,1978-05-06,,América-RN,Atlético Mineiro,0,0
Grp.B,1978-05-06,,Villa Nova-MG,Uberaba,1,0
Grp.A,1978-05-07,,Grêmio,Grêmio Maringá,3,2
Grp.A,1978-05-07,,Figueirense,Caxias,1,1
Grp.A,1978-05-07,,Coritiba,Internacional,1,1
Grp.E,1978-05-07,,Noroeste,Moto Club,2,0
Grp.A,1978-05-07,,GE Brasil,Juventude,0,0
Grp.B,1978-05-07,,Santa Cruz,Campinense,6,0
Grp.C,1978-05-07,,Anapolina,Desportiva Ferroviária,2,1
Grp.F,1978-05-07,,Americano,Paysandu,2,0
Grp.D,1978-05-07,,Ponte Preta,CRB,2,2
Grp.F,1978-05-07,,Fluminense,America-RJ,0,2
Grp.C,1978-05-07,,Vila Nova,Santos,1,3
Grp.C,1978-05-07,,Operário-MS,Corinthians,0,0
Grp.F,1978-05-07,,Portuguesa,Fast Clube,6,0
Grp.D,1978-05-07,,Bahia,Itabuna,3,1
Grp.C,1978-05-07,,Dom Bosco,Comercial-MS,1,1
Grp.F,1978-05-07,,XV de Piracicaba,Flamengo,1,2
Grp.A,1978-05-07,,Chapecoense,Londrina,1,0
Grp.E,1978-05-07,,Fortaleza,Palmeiras,1,1
Grp.D,1978-05-07,,Vasco,Vitória,1,1
Grp.D,1978-05-07,,CSA,Botafogo,0,0
Grp.E,1978-05-07,,Sampaio Corrêa,Flamengo-PI,1,0
Grp.E,1978-05-07,,Comercial,América-SP,0,1
Grp.B,1978-05-07,,Sport,Uberlândia,2,0
Grp.B,1978-05-07,,Cruzeiro,Botafogo-PB,4,3
Grp.E,1978-05-07,,São Paulo,Botafogo-SP,6,2
Grp.F,1978-05-07,,Bangu,Nacional-AM,0,1
Grp.B,1978-05-09,,Atlético Mineiro,América Mineiro,2,0
Grp.B,1978-05-09,,Campinense,Botafogo-PB,3,0
Grp.F,1978-05-09,,Fluminense,Remo,1,0
Grp.F,1978-05-10,,America-RJ,Paysandu,0,0
Grp.D,1978-05-10,,Volta Redonda,Guarani,2,0
Grp.D,1978-05-10,,Botafogo,CRB,1,0
Grp.A,1978-05-10,,Coritiba,Chapecoense,2,1
Grp.F,1978-05-10,,Portuguesa,Americano,0,0
Grp.C,1978-05-10,,Mixto,Corinthians,0,0
Grp.E,1978-05-10,,River-PI,Palmeiras,1,3
Grp.E,1978-05-10,,Noroeste,São Paulo,1,0
Grp.C,1978-05-10,,Brasília,Santos,2,1
Grp.B,1978-05-10,,Náutico,Cruzeiro,2,1
Grp.B,1978-05-10,,Sport,América-RN,2,0
Grp.C,1978-05-10,,Rio Branco-ES,Vila Nova,1,4
Grp.E,1978-05-10,,Fortaleza,América-SP,1,0
Grp.F,1978-05-11,,Goytacaz,Bangu,3,0
Grp.F,1978-05-11,,Fluminense,Fast Clube,1,2
Grp.A,1978-05-11,,GE Brasil,Grêmio Maringá,0,4
Grp.E,1978-05-11,,Comercial,Moto Club,0,0
Grp.B,1978-05-11,,Atlético Mineiro,Uberaba,0,0
Grp.B,1978-05-11,,Uberlândia,ABC,0,1
Grp.C,1978-05-11,,Comercial-MS,Desportiva Ferroviária,0,0
Grp.D,1978-05-11,,CSA,Confiança,3,1
Grp.D,1978-05-11,,Ponte Preta,Vitória,2,0
Grp.A,1978-05-11,,Atlético Paranaense,Juventude,1,3
Grp.D,1978-05-11,,Sergipe,Vasco,0,5
Grp.A,1978-05-11,,Caxias,Londrina,2,1
Grp.A,1978-05-11,,Figueirense,Internacional,1,1
Grp.A,1978-05-11,,Grêmio,Colorado,2,0
Grp.D,1978-05-14,,Itabuna,Sergipe,2,1
Grp.C,1978-05-14,,Mixto,Desportiva Ferroviária,3,0
Grp.D,1978-05-14,,Bahia,Confiança,1,0
Grp.D,1978-05-14,,Botafogo,Guarani,1,1
Grp.F,1978-05-14,,Goytacaz,Fast Clube,1,0
Grp.F,1978-05-14,,Remo,Nacional-AM,2,0
Grp.F,1978-05-14,,Bangu,Paysandu,4,0
Grp.C,1978-05-14,,Goiás,Brasília,4,0
Grp.D,1978-05-14,,CRB,Vasco,0,2
Grp.F,1978-05-14,,XV de Piracicaba,Americano,1,1
Grp.D,1978-05-14,,Volta Redonda,Vitória,0,1
Grp.A,1978-05-14,,Joinville,Colorado,0,1
Grp.E,1978-05-14,,Fortaleza,Flamengo-PI,3,0
Grp.A,1978-05-14,,Juventude,Grêmio Maringá,1,0
Grp.A,1978-05-14,,Internacional,Londrina,5,2
Grp.A,1978-05-14,,Coritiba,Caxias,2,0
Grp.C,1978-05-14,,Anapolina,Santos,1,1
Grp.E,1978-05-14,,Sampaio Corrêa,Ceará,1,1
Grp.A,1978-05-14,,GE Brasil,Chapecoense,1,2
Grp.E,1978-05-14,,River-PI,América-SP,3,2
Grp.B,1978-05-14,,América-RN,Cruzeiro,1,1
Grp.C,1978-05-14,,Corinthians,Vila Nova,3,0
Grp.B,1978-05-14,,Atlético Mineiro,ABC,5,0
Grp.E,1978-05-14,,São Paulo,Moto Club,2,0
Grp.K,1978-05-21,,Londrina,Atlético Paranaense,1,0
Grp.I,1978-05-21,,Sport,Comercial,0,0
Grp.K,1978-05-21,,Colorado,Grêmio Maringá,3,2
Grp.L,1978-05-21,,ABC,América-RN,1,1
Grp.L,1978-05-21,,Botafogo-PB,Campinense,4,0
Grp.J,1978-05-21,,Remo,Brasília,2,0
Grp.M,1978-05-21,,Dom Bosco,Anapolina,3,0
Grp.M,1978-05-21,,Desportiva Ferroviária,Vila Nova,2,0
Grp.L,1978-05-21,,Uberaba,Uberlândia,1,1
Grp.J,1978-05-21,,Coritiba,Portuguesa,0,2
Grp.I,1978-05-21,,Botafogo-SP,Operário-MS,3,0
Grp.I,1978-05-21,,Botafogo,America-RJ,2,0
Grp.N,1978-05-21,,CSA,CRB,0,0
Grp.J,1978-05-21,,Vasco,Villa Nova-MG,2,0
Grp.J,1978-05-21,,Guarani,São Paulo,1,1
Grp.H,1978-05-21,,Goiás,Bahia,3,0
Grp.H,1978-05-21,,Santa Cruz,Náutico,1,0
Grp.H,1978-05-21,,Fluminense,Santos,1,0
Grp.P,1978-05-21,,Bangu,Americano,0,0
Grp.O,1978-05-21,,Noroeste,Sampaio Corrêa,2,0
Grp.O,1978-05-21,,Fortaleza,Moto Club,2,1
Grp.N,1978-05-21,,Confiança,Sergipe,2,1
Grp.P,1978-05-21,,Fast Clube,Nacional-AM,1,0
Grp.P,1978-05-21,,XV de Piracicaba,Paysandu,2,1
Grp.O,1978-05-21,,River-PI,Flamengo-PI,0,1
Grp.G,1978-05-21,,América-SP,Ponte Preta,0,1
Grp.I,1978-05-21,,Corinthians,Flamengo,1,1
Grp.N,1978-05-21,,Volta Redonda,Itabuna,1,0
Grp.G,1978-05-21,,Cruzeiro,Atlético Mineiro,0,0
Grp.G,1978-05-21,,Vitória,Mixto,2,1
Grp.H,1978-05-24,,Ceará,Náutico,1,1
Grp.I,1978-05-24,,America-RJ,Comercial,2,0
Grp.H,1978-05-24,,Joinville,Santa Cruz,0,0
Grp.G,1978-05-24,,Atlético Mineiro,América-SP,2,2
Grp.H,1978-05-24,,Goiás,Santos,0,0
Grp.I,1978-05-24,,Flamengo,Sport,0,0
Grp.G,1978-05-24,,Mixto,Cruzeiro,0,1
Grp.I,1978-05-24,,Corinthians,Botafogo-SP,1,0
Grp.J,1978-05-24,,Brasília,Guarani,0,3
Grp.N,1978-05-24,,Itabuna,CSA,1,1
Grp.N,1978-05-24,,CRB,Confiança,1,0
Grp.L,1978-05-24,,Uberlândia,América-RN,2,0
Grp.K,1978-05-24,,Chapecoense,Grêmio Maringá,0,0
Grp.K,1978-05-24,,Figueirense,Londrina,0,1
Grp.O,1978-05-24,,River-PI,Noroeste,1,2
Grp.J,1978-05-24,,São Paulo,Coritiba,4,1
Grp.P,1978-05-25,,Americano,Nacional-AM,4,0
Grp.L,1978-05-27,,Uberlândia,América Mineiro,0,1
Grp.L,1978-05-27,,Uberaba,ABC,0,0
Grp.K,1978-05-27,,Atlético Paranaense,Colorado,0,1
Grp.P,1978-05-27,,Paysandu,Americano,0,0
Grp.J,1978-05-27,,Villa Nova-MG,Portuguesa,2,1
Grp.M,1978-05-28,,Vila Nova,Anapolina,1,0
Grp.M,1978-05-28,,Comercial-MS,Dom Bosco,3,1
Grp.M,1978-05-28,,Desportiva Ferroviária,Rio Branco-ES,2,1
Grp.L,1978-05-28,,América-RN,Campinense,2,2
Grp.K,1978-05-28,,GE Brasil,Londrina,2,3
Grp.N,1978-05-28,,Volta Redonda,Sergipe,1,0
Grp.N,1978-05-28,,Confiança,CSA,3,1
Grp.I,1978-05-28,,Botafogo-SP,Sport,1,0
Grp.I,1978-05-28,,Juventude,Operário-MS,1,3
Grp.I,1978-05-28,,Flamengo,Botafogo,1,1
Grp.I,1978-05-28,,Corinthians,America-RJ,0,1
Grp.N,1978-05-28,,CRB,Itabuna,1,0
Grp.O,1978-05-28,,Moto Club,Noroeste,1,0
Grp.O,1978-05-28,,Fortaleza,Flamengo-PI,2,0
Grp.P,1978-05-28,,Bangu,Nacional-AM,1,0
Grp.G,1978-05-28,,Cruzeiro,Internacional,1,1
Grp.P,1978-05-28,,XV de Piracicaba,Fast Clube,3,0
Grp.J,1978-05-28,,Brasília,Caxias,0,1
Grp.J,1978-05-28,,Coritiba,Vasco,0,2
Grp.J,1978-05-28,,Remo,Guarani,5,1
Grp.K,1978-05-28,,Grêmio Maringá,Figueirense,2,0
Grp.G,1978-05-28,,Ponte Preta,Atlético Mineiro,0,0
Grp.H,1978-05-28,,Grêmio,Santa Cruz,1,1
Grp.H,1978-05-28,,Náutico,Santos,2,0
Grp.H,1978-05-28,,Bahia,Fluminense,1,1
Grp.I,1978-05-30,,Flamengo,Juventude,2,0
Grp.L,1978-05-30,,América Mineiro,ABC,1,1
Grp.J,1978-05-30,,São Paulo,Villa Nova-MG,4,1
Grp.J,1978-05-30,,Vasco,Caxias,4,1
Grp.I,1978-05-30,,Botafogo-SP,America-RJ,3,1
Grp.J,1978-05-30,,Brasília,Portuguesa,1,2
Grp.I,1978-05-30,,Operário-MS,Sport,1,3
Grp.N,1978-05-30,,Sergipe,Itabuna,0,2
Grp.K,1978-05-31,,Chapecoense,Colorado,0,0
Grp.G,1978-05-31,,Palmeiras,América-SP,1,0
Grp.H,1978-05-31,,Santos,Santa Cruz,1,1
Grp.K,1978-05-31,,GE Brasil,Atlético Paranaense,2,0
Grp.O,1978-05-31,,Moto Club,Flamengo-PI,0,1
Grp.G,1978-05-31,,Ponte Preta,Goytacaz,1,1
Grp.G,1978-05-31,,Internacional,Vitória,2,0
Grp.G,1978-05-31,,Atlético Mineiro,Mixto,1,1
Grp.P,1978-05-31,,Americano,Fast Clube,1,0
Grp.H,1978-05-31,,Bahia,Náutico,1,0
Grp.H,1978-05-31,,Ceará,Grêmio,3,0
Grp.N,1978-05-31,,CSA,Volta Redonda,3,1
Grp.H,1978-06-01,,Fluminense,Joinville,1,1
Grp.J,1978-06-04,,Vasco,São Paulo,1,2
Grp.P,1978-06-04,,XV de Piracicaba,Bangu,0,1
Grp.O,1978-06-04,,Fortaleza,River-PI,1,0
Grp.J,1978-06-04,,Remo,Portuguesa,3,3
Grp.J,1978-06-04,,Coritiba,Villa Nova-MG,2,0
Grp.J,1978-06-04,,Guarani,Caxias,3,0
Grp.O,1978-06-04,,Sampaio Corrêa,Moto Club,0,0
Grp.P,1978-06-04,,Fast Clube,Paysandu,2,2
Grp.K,1978-06-04,,GE Brasil,Figueirense,0,2
Grp.G,1978-06-04,,Goytacaz,Vitória,0,1
Grp.H,1978-06-04,,Bahia,Santos,3,0
Grp.M,1978-06-04,,Rio Branco-ES,Dom Bosco,0,0
Grp.G,1978-06-04,,América-SP,Mixto,5,0
Grp.L,1978-06-04,,Uberlândia,Botafogo-PB,0,0
Grp.L,1978-06-04,,ABC,Campinense,2,0
Grp.K,1978-06-04,,Grêmio Maringá,Atlético Paranaense,2,1
Grp.G,1978-06-04,,Palmeiras,Cruzeiro,1,1
Grp.G,1978-06-04,,Internacional,Atlético Mineiro,2,1
Grp.L,1978-06-04,,América Mineiro,Uberaba,1,1
Grp.K,1978-06-04,,Londrina,Colorado,0,0
Grp.N,1978-06-04,,Confiança,Volta Redonda,0,3
Grp.I,1978-06-04,,Botafogo-SP,Botafogo,2,2
Grp.H,1978-06-04,,Goiás,Fluminense,2,1
Grp.I,1978-06-04,,Juventude,America-RJ,1,1
Grp.I,1978-06-04,,Operário-MS,Flamengo,1,0
Grp.H,1978-06-04,,Joinville,Ceará,1,0
Grp.H,1978-06-04,,Náutico,Grêmio,1,1
Grp.G,1978-06-07,,Vitória,Ponte Preta,1,1
Grp.I,1978-06-07,,Comercial,Corinthians,0,1
Grp.I,1978-06-07,,Flamengo,Botafogo-SP,2,0
Grp.H,1978-06-07,,Santos,Ceará,2,1
Grp.H,1978-06-07,,Santa Cruz,Bahia,2,1
Grp.J,1978-06-07,,São Paulo,Brasília,0,0
Grp.H,1978-06-07,,Joinville,Goiás,0,2
Grp.G,1978-06-08,,Internacional,Goytacaz,2,1
Grp.L,1978-06-08,,América Mineiro,Botafogo-PB,0,2
Grp.G,1978-06-08,,Palmeiras,Mixto,1,0
Grp.M,1978-06-08,,Dom Bosco,Vila Nova,2,0
Grp.J,1978-06-08,,Caxias,Villa Nova-MG,4,0
Grp.J,1978-06-08,,Vasco,Guarani,2,2
Grp.G,1978-06-08,,América-SP,Cruzeiro,0,1
Grp.I,1978-06-08,,Sport,Juventude,4,1
Grp.I,1978-06-10,,Botafogo,Corinthians,2,1
Grp.K,1978-06-10,,Colorado,GE Brasil,3,0
Grp.H,1978-06-10,,Bahia,Ceará,2,1
Grp.I,1978-06-10,,Operário-MS,America-RJ,1,1
Grp.I,1978-06-10,,Comercial,Flamengo,1,1
Grp.G,1978-06-10,,Ponte Preta,Internacional,1,2
Grp.J,1978-06-10,,Caxias,Coritiba,0,0
Grp.J,1978-06-10,,Remo,Vasco,0,5
Grp.H,1978-06-10,,Santos,Joinville,3,0
Grp.J,1978-06-10,,São Paulo,Portuguesa,1,2
Grp.H,1978-06-10,,Santa Cruz,Fluminense,1,0
Grp.G,1978-06-11,,Goytacaz,América-SP,1,1
Grp.H,1978-06-11,,Grêmio,Goiás,4,1
Grp.G,1978-06-11,,Atlético Mineiro,Palmeiras,0,1
Grp.L,1978-06-13,,Botafogo-PB,América-RN,1,0
Grp.I,1978-06-13,,Comercial,Juventude,2,2
Grp.I,1978-06-13,,Botafogo,Operário-MS,0,0
Grp.L,1978-06-13,,Campinense,Uberaba,1,1
Grp.M,1978-06-13,,Vila Nova,Comercial-MS,2,2
Grp.G,1978-06-13,,Goytacaz,Atlético Mineiro,1,1
Grp.G,1978-06-13,,Ponte Preta,Palmeiras,2,0
Grp.G,1978-06-13,,Vitória,Cruzeiro,0,1
Grp.G,1978-06-13,,Mixto,Internacional,1,2
Grp.N,1978-06-13,,Sergipe,CRB,0,2
Grp.H,1978-06-13,,Ceará,Fluminense,0,1
Grp.H,1978-06-13,,Grêmio,Bahia,0,0
Grp.O,1978-06-13,,Flamengo-PI,Sampaio Corrêa,2,0
Grp.K,1978-06-13,,Figueirense,Chapecoense,0,1
Grp.J,1978-06-13,,Villa Nova-MG,Remo,0,2
Grp.J,1978-06-13,,Portuguesa,Guarani,2,0
Grp.H,1978-06-13,,Náutico,Joinville,4,1
Grp.P,1978-06-13,,Nacional-AM,XV de Piracicaba,1,1
Grp.P,1978-06-13,,Paysandu,Bangu,2,2
Grp.P,1978-06-17,,Fast Clube,Bangu,1,5
Grp.P,1978-06-17,,Paysandu,Nacional-AM,4,0
Grp.O,1978-06-17,,Sampaio Corrêa,River-PI,2,0
Grp.N,1978-06-17,,CSA,Sergipe,3,1
Grp.N,1978-06-17,,Itabuna,Confiança,3,0
Grp.M,1978-06-17,,Desportiva Ferroviária,Anapolina,0,2
Grp.N,1978-06-17,,Volta Redonda,CRB,2,1
Grp.H,1978-06-17,,Ceará,Goiás,3,2
Grp.H,1978-06-17,,Santos,Grêmio,0,0
Grp.M,1978-06-17,,Comercial-MS,Rio Branco-ES,1,2
Grp.H,1978-06-17,,Joinville,Bahia,2,2
Grp.O,1978-06-17,,Noroeste,Fortaleza,2,1
Grp.P,1978-06-17,,Americano,XV de Piracicaba,3,1
Grp.K,1978-06-17,,Figueirense,Colorado,3,1
Grp.G,1978-06-17,,Internacional,Palmeiras,0,0
Grp.K,1978-06-17,,Londrina,Grêmio Maringá,3,1
Grp.J,1978-06-17,,Caxias,São Paulo,0,0
Grp.J,1978-06-17,,Vasco,Brasília,2,0
Grp.J,1978-06-17,,Coritiba,Remo,2,0
Grp.I,1978-06-17,,Flamengo,America-RJ,0,2
Grp.I,1978-06-17,,Sport,Botafogo,1,2
Grp.I,1978-06-17,,Botafogo-SP,Comercial,1,0
Grp.L,1978-06-17,,Botafogo-PB,Uberaba,1,0
Grp.L,1978-06-17,,ABC,Uberlândia,1,0
Grp.G,1978-06-18,,América-SP,Vitória,0,0
Grp.I,1978-06-18,,Corinthians,Juventude,2,0
Grp.G,1978-06-18,,Cruzeiro,Goytacaz,3,1
Grp.G,1978-06-18,,Mixto,Ponte Preta,2,1
Grp.K,1978-06-18,,Atlético Paranaense,Chapecoense,1,1
Grp.M,1978-06-20,,Anapolina,Rio Branco-ES,2,2
Grp.J,1978-06-20,,São Paulo,Remo,1,0
Grp.I,1978-06-20,,America-RJ,Sport,1,1
Grp.H,1978-06-20,,Grêmio,Joinville,2,1
Grp.M,1978-06-20,,Comercial-MS,Desportiva Ferroviária,1,0
Grp.L,1978-06-20,,América-RN,América Mineiro,1,1
Grp.H,1978-06-20,,Fluminense,Náutico,2,1
Grp.I,1978-06-20,,Juventude,Botafogo-SP,1,0
Grp.J,1978-06-20,,Portuguesa,Caxias,2,1
Grp.K,1978-06-20,,Chapecoense,GE Brasil,1,1
Grp.G,1978-06-20,,Mixto,Goytacaz,1,2
Grp.H,1978-06-20,,Santa Cruz,Goiás,1,0
Grp.J,1978-06-20,,Villa Nova-MG,Brasília,3,0
Grp.J,1978-06-20,,Guarani,Coritiba,0,0
Grp.L,1978-06-20,,Campinense,Uberlândia,0,0
Grp.G,1978-06-21,,Palmeiras,Vitória,0,0
Grp.I,1978-06-21,,Corinthians,Operário-MS,1,0
Grp.L,1978-06-22,,ABC,Botafogo-PB,2,2
Grp.L,1978-06-22,,Campinense,América Mineiro,1,0
Grp.I,1978-06-22,,Botafogo,Comercial,3,0
Grp.L,1978-06-22,,Uberaba,América-RN,3,2
Grp.M,1978-06-23,,Dom Bosco,Desportiva Ferroviária,2,1
Grp.G,1978-06-24,,Goytacaz,Palmeiras,2,1
Grp.G,1978-06-24,,Internacional,América-SP,2,1
Grp.G,1978-06-24,,Cruzeiro,Ponte Preta,1,0
Grp.I,1978-06-24,,Operário-MS,Comercial,1,0
Grp.I,1978-06-24,,Sport,Corinthians,3,0
Grp.J,1978-06-24,,Portuguesa,Vasco,1,1
Grp.G,1978-06-24,,Vitória,Atlético Mineiro,0,2
Grp.J,1978-06-24,,Brasília,Coritiba,0,3
Grp.K,1978-06-24,,Londrina,Chapecoense,3,1
Grp.I,1978-06-24,,Juventude,Botafogo,0,3
Grp.K,1978-06-24,,Grêmio Maringá,GE Brasil,4,0
Grp.M,1978-06-24,,Vila Nova,Rio Branco-ES,2,1
Grp.J,1978-06-24,,Guarani,Villa Nova-MG,2,0
Grp.M,1978-06-24,,Anapolina,Comercial-MS,0,0
Grp.H,1978-06-24,,Goiás,Náutico,3,0
Grp.K,1978-06-24,,Atlético Paranaense,Figueirense,1,1
Grp.O,1978-06-24,,Noroeste,Flamengo-PI,2,1
Grp.O,1978-06-24,,River-PI,Moto Club,4,2
Grp.J,1978-06-24,,Caxias,Remo,4,0
Grp.O,1978-06-24,,Sampaio Corrêa,Fortaleza,1,1
Grp.H,1978-06-24,,Santa Cruz,Ceará,4,2
Grp.H,1978-06-24,,Fluminense,Grêmio,0,0
Grp.R,1978-07-01,,Fluminense,Portuguesa,0,0
Grp.T,1978-07-03,,Caxias,Americano,3,0
Grp.T,1978-07-03,,Cruzeiro,Vasco,2,2
Grp.T,1978-07-03,,Grêmio Maringá,Vitória,3,0
Grp.S,1978-07-03,,Noroeste,Coritiba,0,1
Grp.T,1978-07-03,,Bahia,Corinthians,1,0
Grp.S,1978-07-03,,Flamengo,Botafogo,1,1
Grp.S,1978-07-03,,São Paulo,Grêmio,0,1
Grp.Q,1978-07-03,,Londrina,Botafogo-SP,2,1
Grp.S,1978-07-03,,Palmeiras,America-RJ,3,0
Grp.Q,1978-07-03,,Internacional,Guarani,0,3
Grp.Q,1978-07-03,,Santos,Goytacaz,4,0
Grp.Q,1978-07-03,,Botafogo-PB,Goiás,0,1
Grp.R,1978-07-03,,Dom Bosco,Operário-MS,0,2
Grp.R,1978-07-03,,Volta Redonda,Ponte Preta,0,0
Grp.R,1978-07-03,,Santa Cruz,Sport,3,0
Grp.R,1978-07-05,,Ponte Preta,Fluminense,0,0
Grp.T,1978-07-05,,Bahia,Americano,5,0
Grp.T,1978-07-05,,Cruzeiro,Caxias,2,1
Grp.T,1978-07-05,,Grêmio Maringá,Corinthians,1,2
Grp.T,1978-07-05,,Vitória,Vasco,0,2
Grp.S,1978-07-05,,São Paulo,Noroeste,2,2
Grp.S,1978-07-05,,Coritiba,Grêmio,0,1
Grp.S,1978-07-05,,Flamengo,Palmeiras,1,1
Grp.R,1978-07-05,,Operário-MS,Volta Redonda,1,0
Grp.Q,1978-07-05,,Botafogo-PB,Goytacaz,2,1
Grp.Q,1978-07-05,,Goiás,Guarani,1,1
Grp.Q,1978-07-05,,Botafogo-SP,Santos,2,1
Grp.R,1978-07-06,,Portuguesa,Santa Cruz,1,1
Grp.Q,1978-07-06,,Londrina,Internacional,1,2
Grp.R,1978-07-06,,Dom Bosco,Sport,2,3
Grp.S,1978-07-06,,Botafogo,America-RJ,3,1
Grp.Q,1978-07-08,,Guarani,Santos,2,1
Grp.T,1978-07-08,,Corinthians,Caxias,0,0
Grp.S,1978-07-09,,Coritiba,Botafogo,0,0
Grp.T,1978-07-09,,Vasco,Americano,3,0
Grp.T,1978-07-09,,Cruzeiro,Grêmio Maringá,0,0
Grp.Q,1978-07-09,,Goytacaz,Internacional,0,3
Grp.Q,1978-07-09,,Londrina,Botafogo-PB,1,2
Grp.S,1978-07-09,,São Paulo,Palmeiras,1,1
Grp.S,1978-07-09,,Noroeste,America-RJ,0,2
Grp.Q,1978-07-09,,Botafogo-SP,Goiás,4,0
Grp.T,1978-07-09,,Bahia,Vitória,4,0
Grp.S,1978-07-09,,Grêmio,Flamengo,5,2
Grp.R,1978-07-09,,Fluminense,Santa Cruz,1,1
Grp.R,1978-07-09,,Ponte Preta,Sport,0,0
Grp.R,1978-07-09,,Volta Redonda,Dom Bosco,1,1
Grp.R,1978-07-09,,Operário-MS,Portuguesa,1,0
Grp.T,1978-07-13,,Caxias,Grêmio Maringá,3,1
Grp.Q,1978-07-13,,Guarani,Botafogo-PB,1,0
Grp.S,1978-07-13,,São Paulo,Flamengo,0,0
Grp.Q,1978-07-13,,Goiás,Internacional,0,1
Grp.Q,1978-07-13,,Goytacaz,Botafogo-SP,0,2
Grp.Q,1978-07-13,,Santos,Londrina,0,0
Grp.S,1978-07-13,,Noroeste,Botafogo,1,1
Grp.R,1978-07-13,,Santa Cruz,Dom Bosco,2,1
Grp.R,1978-07-13,,Fluminense,Volta Redonda,3,0
Grp.R,1978-07-13,,Sport,Operário-MS,0,0
Grp.R,1978-07-13,,Portuguesa,Ponte Preta,0,0
Grp.T,1978-07-13,,Vasco,Bahia,1,0
Grp.T,1978-07-13,,Cruzeiro,Vitória,0,0
Grp.S,1978-07-13,,Grêmio,America-RJ,1,0
Grp.T,1978-07-13,,Corinthians,Americano,1,0
Grp.S,1978-07-13,,Coritiba,Palmeiras,0,0
Grp.T,1978-07-15,,Vitória,Caxias,0,2
Grp.S,1978-07-15,,Grêmio,Noroeste,6,0
Grp.S,1978-07-15,,Flamengo,Coritiba,3,1
Grp.S,1978-07-15,,America-RJ,São Paulo,2,1
Grp.R,1978-07-15,12:00,Portuguesa,Dom Bosco,2,0
Grp.T,1978-07-16,,Bahia,Cruzeiro,1,0
Grp.T,1978-07-16,,Vasco,Corinthians,3,1
Grp.T,1978-07-16,,Americano,Grêmio Maringá,2,0
Grp.S,1978-07-16,,Palmeiras,Botafogo,1,2
Grp.R,1978-07-16,,Fluminense,Operário-MS,2,1
Grp.R,1978-07-16,,Volta Redonda,Sport,0,3
Grp.Q,1978-07-16,,Internacional,Santos,1,0
Grp.R,1978-07-16,,Santa Cruz,Ponte Preta,2,2
Grp.Q,1978-07-16,,Botafogo-SP,Botafogo-PB,2,1
Grp.Q,1978-07-16,,Goiás,Londrina,5,0
Grp.Q,1978-07-16,,Guarani,Goytacaz,3,0
Grp.Q,1978-07-19,,Internacional,Botafogo-PB,3,0
Grp.T,1978-07-19,,Caxias,Vasco,1,1
Grp.Q,1978-07-19,,Guarani,Botafogo-SP,1,0
Grp.R,1978-07-19,,Sport,Portuguesa,2,1
Grp.Q,1978-07-19,,Santos,Goiás,3,0
Grp.Q,1978-07-19,,Goytacaz,Londrina,2,0
Grp.S,1978-07-19,,America-RJ,Flamengo,1,0
Grp.S,1978-07-19,,Coritiba,São Paulo,2,1
Grp.S,1978-07-19,,Palmeiras,Noroeste,4,0
Grp.T,1978-07-20,,Corinthians,Vitória,2,2
Grp.T,1978-07-20,,Americano,Cruzeiro,0,0
Grp.S,1978-07-20,,Botafogo,Grêmio,0,3
Grp.T,1978-07-20,,Grêmio Maringá,Bahia,1,2
Grp.R,1978-07-20,,Dom Bosco,Fluminense,2,1
Grp.R,1978-07-20,,Ponte Preta,Operário-MS,3,0
Grp.R,1978-07-20,,Santa Cruz,Volta Redonda,5,1
Grp.R,1978-07-23,,Sport,Fluminense,1,0
Grp.R,1978-07-23,,Portuguesa,Volta Redonda,2,1
Grp.R,1978-07-23,,Operário-MS,Santa Cruz,3,3
Grp.T,1978-07-23,,Americano,Vitória,1,0
Grp.T,1978-07-23,,Caxias,Bahia,1,1
Grp.T,1978-07-23,,Corinthians,Cruzeiro,1,1
Grp.Q,1978-07-23,,Londrina,Guarani,0,1
Grp.S,1978-07-23,,Grêmio,Palmeiras,1,1
Grp.T,1978-07-23,,Vasco,Grêmio Maringá,1,1
Grp.S,1978-07-23,,Noroeste,Flamengo,1,0
Grp.Q,1978-07-23,,Botafogo-PB,Santos,1,1
Grp.S,1978-07-23,,America-RJ,Coritiba,1,1
Grp.S,1978-07-23,,Botafogo,São Paulo,2,1
Grp.R,1978-07-23,,Ponte Preta,Dom Bosco,3,0
Grp.Q,1978-07-23,,Goiás,Goytacaz,2,0
Grp.Q,1978-07-23,,Internacional,Botafogo-SP,2,1
QF,1978-07-26,,Palmeiras,Bahia,2,1
QF,1978-07-26,,Internacional,Santa Cruz,1,0
QF,1978-07-27,,Vasco,Grêmio,1,1
QF,1978-07-27,,Sport,Guarani,0,2
QF,1978-07-30,,Guarani,Sport,4,0
QF,1978-07-30,,Bahia,Palmeiras,1,1
QF,1978-07-30,,Santa Cruz,Internacional,1,2
QF,1978-07-30,,Grêmio,Vasco,1,1
SF,1978-08-02,,Guarani,Vasco,2,0
SF,1978-08-03,,Palmeiras,Internacional,2,0
SF,1978-08-06,,Internacional,Palmeiras,1,1
SF,1978-08-06,,Vasco,Guarani,1,2
F,1978-08-10,,Palmeiras,Guarani,0,1
F,1978-08-13,,Guarani,Palmeiras,1,0