Fase,Data,Horário,Mandante,Visitante,Mandante Placar,Visitante Placar
1F,1971-08-07,,Bahia,Santos,0,0
1F,1971-08-07,,Atlético Mineiro,América-Mineiro,1,1
1F,1971-08-07,,Botafogo,America-RJ,0,0
1F,1971-08-07,,Santa Cruz,Corinthians,1,4
1F,1971-08-07,,Sport,Flamengo,1,0
1F,1971-08-07,,São Paulo,Grêmio,0,3
1F,1971-08-07,,Internacional,Fluminense,0,0
1F,1971-08-07,,Palmeiras,Portuguesa,1,0
1F,1971-08-07,,Ceará,Vasco,0,0
1F,1971-08-07,,Coritiba,Cruzeiro,0,2
1F,1971-08-11,,Sport,Santos,0,2
1F,1971-08-11,,Bahia,Flamengo,1,1
1F,1971-08-11,,America-RJ,Grêmio,0,2
1F,1971-08-11,,Ceará,Corinthians,0,1
1F,1971-08-11,,Cruzeiro,Portuguesa,2,1
1F,1971-08-12,,Santa Cruz,Vasco,1,0
1F,1971-08-14,,América Mineiro,America-RJ,1,1
1F,1971-08-14,,Grêmio,Atlético Mineiro,1,1
1F,1971-08-14,,Flamengo,Botafogo,1,1
1F,1971-08-14,,Santos,São Paulo,3,1
1F,1971-08-15,,Cruzeiro,Internacional,2,0
1F,1971-08-15,,Bahia,Sport,3,0
1F,1971-08-15,,Ceará,Santa Cruz,0,0
1F,1971-08-15,,Fluminense,Vasco,0,1
1F,1971-08-15,,Corinthians,Palmeiras,0,0
1F,1971-08-15,,Coritiba,Portuguesa,2,1
1F,1971-08-18,,América Mineiro,Grêmio,0,0
1F,1971-08-18,,Santos,Botafogo,0,0
1F,1971-08-18,,Fluminense,Coritiba,2,1
1F,1971-08-18,,Bahia,São Paulo,0,1
1F,1971-08-21,,Ceará,Fluminense,1,0
1F,1971-08-21,,Coritiba,Santa Cruz,1,0
1F,1971-08-21,,Flamengo,Atlético Mineiro,0,1
1F,1971-08-21,,Corinthians,Cruzeiro,0,0
1F,1971-08-21,,Internacional,Palmeiras,2,1
1F,1971-08-22,,Santos,America-RJ,0,0
1F,1971-08-22,,Grêmio,Botafogo,1,1
1F,1971-08-22,,Sport,São Paulo,0,0
1F,1971-08-22,,Vasco,Portuguesa,0,3
1F,1971-08-25,,Palmeiras,Cruzeiro,1,1
1F,1971-08-25,,Coritiba,Internacional,0,1
1F,1971-08-25,,Santa Cruz,Fluminense,2,2
1F,1971-08-25,,Atlético Mineiro,Bahia,4,0
1F,1971-08-25,,Grêmio,Sport,2,0
1F,1971-08-25,,Botafogo,América-Mineiro,2,1
1F,1971-08-26,,Flamengo,America-RJ,1,1
1F,1971-08-26,,Corinthians,Portuguesa,4,1
1F,1971-08-28,,Sport,Atlético Mineiro,1,1
1F,1971-08-29,,Bahia,América-Mineiro,0,0
1F,1971-08-29,,Coritiba,Vasco,0,2
1F,1971-08-29,,São Paulo,Flamengo,0,0
1F,1971-08-29,,Internacional,Portuguesa,0,1
1F,1971-08-29,,Santa Cruz,Palmeiras,2,2
1F,1971-08-29,,Cruzeiro,Ceará,6,0
1F,1971-08-29,,Fluminense,Corinthians,0,1
1F,1971-09-01,,Alético Mineiro,São Paulo,2,0
1F,1971-09-01,,Bahia,America-RJ,1,3
1F,1971-09-01,,Grêmio,Santos,1,0
1F,1971-09-01,,Vasco,Internacional,1,1
1F,1971-09-01,,Santa Cruz,Cruzeiro,1,0
1F,1971-09-01,,Ceará,Palmeiras,0,3
1F,1971-09-01,,Portuguesa,Fluminense,1,0
1F,1971-09-02,,Sport,Botafogo,0,1
1F,1971-09-02,,América Mineiro,Flamengo,1,1
1F,1971-09-04,,Cruzeiro,Vasco,0,0
1F,1971-09-04,,Palmeiras,Fluminense,1,0
1F,1971-09-05,,Atlético Mineiro,Santos,2,1
1F,1971-09-05,,Bahia,Botafogo,0,1
1F,1971-09-05,,Flamengo,Grêmio,1,1
1F,1971-09-05,,Sport,America-RJ,0,3
1F,1971-09-05,,São Paulo,América-Mineiro,1,1
1F,1971-09-05,,Internacional,Corinthians,2,2
1F,1971-09-05,,Coritiba,Ceará,2,1
1F,1971-09-07,,Vasco,Palmeiras,1,0
1F,1971-09-08,,America-RJ,Atlético Mineiro,2,0
1F,1971-09-08,,Ceará,Internacional,0,0
1F,1971-09-08,,Santa Cruz,Portuguesa,3,2
1F,1971-09-08,,Corinthians,Coritiba,2,3
1F,1971-09-09,,Botafogo,São Paulo,2,1
1F,1971-09-09,,Santos,América-Mineiro,3,0
1F,1971-09-11,,Corinthians,Vasco,1,0
1F,1971-09-11,,Coritiba,Palmeiras,0,1
1F,1971-09-11,,Ceará,Portuguesa,0,0
1F,1971-09-11,,Fluminense,Cruzeiro,0,1
1F,1971-09-11,,Santa Cruz,Internacional,2,2
1F,1971-09-12,,Sport,América-Mineiro,1,0
1F,1971-09-12,,Flamengo,Santos,1,0
1F,1971-09-12,,Grêmio,Bahia,0,0
1F,1971-09-12,,Atlético Mineiro,Botafogo,2,2
1F,1971-09-12,,São Paulo,America-RJ,2,1
1F,1971-09-18,,Santos,Portuguesa,0,0
1F,1971-09-18,,Sport,Corinthians,0,1
1F,1971-09-18,,Vasco,São Paulo,0,0
1F,1971-09-19,,Palmeiras,Flamengo,1,2
1F,1971-09-19,,Santa Cruz,Botafogo,0,0
1F,1971-09-19,,Coritiba,Grêmio,2,0
1F,1971-09-19,,Fluminense,America-RJ,0,0
1F,1971-09-19,,Internacional,América-Mineiro,1,0
1F,1971-09-19,,Ceará,Atlético Mineiro,0,2
1F,1971-09-22,,Corinthians,Atlético Mineiro,0,0
1F,1971-09-25,,Flamengo,Coritiba,1,1
1F,1971-09-25,,Atlético Mineiro,Santa Cruz,2,2
1F,1971-09-25,,Grêmio,Ceará,1,0
1F,1971-09-25,,Portuguesa,America-RJ,0,3
1F,1971-09-26,,Sport,Vasco,0,1
1F,1971-09-26,,América Mineiro,Palmeiras,1,2
1F,1971-09-26,,Internacional,Santos,1,1
1F,1971-09-26,,Fluminense,Botafogo,0,0
1F,1971-09-26,,Bahia,Corinthians,1,2
1F,1971-09-26,,São Paulo,Cruzeiro,1,1
1F,1971-09-29,,America-RJ,Cruzeiro,2,1
1F,1971-10-02,,Internacional,America-RJ,2,0
1F,1971-10-02,,Corinthians,América-Mineiro,3,1
1F,1971-10-03,,Ceará,São Paulo,0,2
1F,1971-10-03,,Cruzeiro,Santos,0,1
1F,1971-10-03,,Palmeiras,Botafogo,3,1
1F,1971-10-03,,Flamengo,Vasco,0,0
1F,1971-10-03,,Grêmio,Portuguesa,1,0
1F,1971-10-03,,Coritiba,Atlético Mineiro,1,0
1F,1971-10-03,,Sport,Fluminense,0,1
1F,1971-10-03,,Bahia,Santa Cruz,2,0
1F,1971-10-06,,São Paulo,Internacional,1,1
1F,1971-10-06,,Santa Cruz,Grêmio,1,1
1F,1971-10-06,,Vasco,América-Mineiro,2,0
1F,1971-10-09,,América Mineiro,Santa Cruz,0,0
1F,1971-10-09,,Botafogo,Corinthians,1,0
1F,1971-10-10,,Sport,Palmeiras,0,2
1F,1971-10-10,,Fluminense,Flamengo,1,0
1F,1971-10-10,,Atlético Mineiro,Cruzeiro,1,1
1F,1971-10-10,,Ceará,Santos,0,0
1F,1971-10-10,,Grêmio,Vasco,1,0
1F,1971-10-10,,São Paulo,Portuguesa,0,1
1F,1971-10-10,,Bahia,Internacional,1,1
1F,1971-10-10,,Coritiba,America-RJ,2,1
1F,1971-10-13,,América Mineiro,Coritiba,2,0
1F,1971-10-13,,Flamengo,Portuguesa,1,0
1F,1971-10-16,,Fluminense,Atlético Mineiro,2,0
1F,1971-10-16,,Palmeiras,Santos,0,1
1F,1971-10-17,,Santa Cruz,Flamengo,1,1
1F,1971-10-17,,Internacional,Grêmio,1,0
1F,1971-10-17,,São Paulo,Corinthians,2,0
1F,1971-10-17,,Vasco,America-RJ,2,2
1F,1971-10-17,,Coritiba,Bahia,2,0
1F,1971-10-17,,Cruzeiro,Sport,5,1
1F,1971-10-17,,Ceará,Botafogo,1,0
1F,1971-10-20,,Sport,Coritiba,2,1
1F,1971-10-20,,Bahia,Ceará,3,1
1F,1971-10-23,,São Paulo,Palmeiras,1,1
1F,1971-10-23,,Atlético Mineiro,Portuguesa,5,1
1F,1971-10-23,,Botafogo,Internacional,0,0
1F,1971-10-24,,Flamengo,Corinthians,1,3
1F,1971-10-24,,Grêmio,Fluminense,1,0
1F,1971-10-24,,Sport,Santa Cruz,1,1
1F,1971-10-24,,Ceará,America-RJ,0,1
1F,1971-10-24,,Cruzeiro,América-Mineiro,0,0
1F,1971-10-24,,Santos,Vasco,2,0
1F,1971-10-27,,Portuguesa,Botafogo,3,1
1F,1971-10-27,,Coritiba,Santos,1,0
1F,1971-10-27,,Fluminense,América-Mineiro,0,0
1F,1971-10-30,,Corinthians,Santos,1,1
1F,1971-10-30,,Santa Cruz,São Paulo,0,2
1F,1971-10-30,,Cruzeiro,Grêmio,2,1
1F,1971-10-30,16:00,America-RJ,Palmeiras,2,0
1F,1971-10-31,,Ceará,Flamengo,0,1
1F,1971-10-31,,Bahia,Fluminense,0,0
,1971-10-31,,Vasco,Botafogo,1,0
,1971-10-31,,Sport,Portuguesa,0,0
,1971-10-31,,Atlético Mineiro,Internacional,3,1
,1971-11-06,,Internacional,Sport,2,1
1F,1971-11-06,,Vasco,Atlético Mineiro,0,0
1F,1971-11-06,,São Paulo,Fluminense,2,1
1F,1971-11-07,,Corinthians,America-RJ,3,1
1F,1971-11-07,,Flamengo,Cruzeiro,0,0
1F,1971-11-07,,Santa Cruz,Santos,0,1
1F,1971-11-07,,Grêmio,Palmeiras,0,1
1F,1971-11-07,,Bahia,Portuguesa,1,0
1F,1971-11-07,,Coritiba,Botafogo,0,0
1F,1971-11-07,,América Mineiro,Ceará,2,0
1F,1971-11-10,,Palmeiras,Bahia,0,0
1F,1971-11-13,,Fluminense,Santos,3,1
1F,1971-11-13,,Portuguesa,América-Mineiro,1,0
1F,1971-11-14,,Internacional,Flamengo,3,0
1F,1971-11-14,,Coritiba,São Paulo,2,0
1F,1971-11-14,,Corinthians,Grêmio,1,1
1F,1971-11-14,,Atlético Mineiro,Palmeiras,0,0
1F,1971-11-14,,Bahia,Vasco,1,0
1F,1971-11-14,,Botafogo,Cruzeiro,2,2
1F,1971-11-14,,Ceará,Sport,1,2
1F,1971-11-14,,Santa Cruz,America-RJ,0,0
Grp.B,1971-11-20,,Internacional,Santos,1,1
Grp.C,1971-11-20,,Palmeiras,Coritiba,1,1
Grp.A,1971-11-21,,America-RJ,Cruzeiro,0,0
Grp.B,1971-11-21,,Atlético Mineiro,Vasco,2,1
Grp.C,1971-11-21,,Grêmio,Botafogo,1,1
Grp.A,1971-11-21,,São Paulo,Corinthians,1,0
Grp.A,1971-11-24,,Cruzeiro,São Paulo,0,2
Grp.A,1971-11-24,,Corinthians,America-RJ,1,0
Grp.C,1971-11-24,,Botafogo,Palmeiras,3,3
Grp.C,1971-11-24,,Coritiba,Grêmio,0,1
Grp.B,1971-11-25,,Vasco,Internacional,2,0
Grp.B,1971-11-25,,Santos,Atlético Mineiro,2,1
Grp.A,1971-11-27,,São Paulo,America-RJ,1,0
Grp.C,1971-11-28,,Palmeiras,Grêmio,3,1
Grp.B,1971-11-28,,Internacional,Atlético Mineiro,1,4
Grp.C,1971-11-28,,Coritiba,Botafogo,1,0
Grp.B,1971-11-28,,Vasco,Santos,0,0
Grp.A,1971-11-28,,Cruzeiro,Corinthians,1,0
Grp.A,1971-12-01,,São Paulo,Cruzeiro,1,1
Grp.A,1971-12-01,,America-RJ,Corinthians,3,1
Grp.B,1971-12-01,,Internacional,Vasco,3,0
Grp.B,1971-12-01,,Atlético Mineiro,Santos,2,0
Grp.C,1971-12-02,,Palmeiras,Botafogo,0,1
Grp.C,1971-12-02,,Grêmio,Coritiba,2,0
Grp.A,1971-12-04,,Corinthians,São Paulo,0,0
Grp.B,1971-12-04,,Vasco,Atlético Mineiro,1,1
Grp.C,1971-12-05,,Botafogo,Grêmio,3,1
Grp.C,1971-12-05,,Coritiba,Palmeiras,0,0
Grp.B,1971-12-05,,Santos,Internacional,0,1
Grp.A,1971-12-05,,Cruzeiro,America-RJ,0,0
Grp.A,1971-12-08,,São Paulo,America-RJ,1,1
Grp.A,1971-12-08,,Corinthians,Cruzeiro,2,0
Grp.B,1971-12-09,,Santos,Vasco,4,0
Grp.B,1971-12-09,,Atlético Mineiro,Internacional,0,1
Grp.C,1971-12-09,,Grêmio,Palmeiras,0,0
Grp.C,1971-12-09,,Botafogo,Coritiba,3,0
Grp.A,1971-12-12,,Atlético Mineiro,São Paulo,1,0
Grp.A,1971-12-15,,São Paulo,Botafogo,4,1
Grp.A,1971-12-19,,Botafogo,Atlético Mineiro,0,1
1F,1972-09-09,,Cruzeiro,América Mineiro,0,0
1F,1972-09-09,,Vitória,Remo,0,0
1F,1972-09-09,,Botafogo,Santos,1,1
1F,1972-09-10,,Atlético Mineiro,Vasco,0,1
1F,1972-09-10,,Grêmio,São Paulo,2,0
1F,1972-09-10,,Flamengo,America-RJ,1,1
1F,1972-09-10,,Bahia,Nacional-AM,1,0
1F,1972-09-10,,Náutico,Santa Cruz,0,0
1F,1972-09-10,,Corinthians,Fluminense,1,1
1F,1972-09-10,,Coritiba,Palmeiras,1,0
1F,1972-09-10,,Sergipe,Ceará,1,3
1F,1972-09-10,,ABC,CRB,0,0
1F,1972-09-13,,Ceará,Internacional,3,1
1F,1972-09-13,,CRB,Fluminense,0,2
1F,1972-09-13,,ABC,São Paulo,0,3
1F,1972-09-13,,Náutico,Cruzeiro,1,2
1F,1972-09-13,,Sergipe,Santos,0,1
1F,1972-09-13,,Grêmio,Atlético Mineiro,1,0
1F,1972-09-13,,Portuguesa,Santa Cruz,0,1
1F,1972-09-13,,Coritiba,Botafogo,0,0
1F,1972-09-13,,América Mineiro,Corinthians,0,0
1F,1972-09-13,,Remo,Vasco,0,0
1F,1972-09-13,,Bahia,America-RJ,0,0
1F,1972-09-13,,Nacional-AM,Flamengo,0,0
1F,1972-09-14,,Vitória,Palmeiras,0,3
1F,1972-09-16,,Náutico,Fluminense,0,1
1F,1972-09-17,,CRB,Cruzeiro,1,4
1F,1972-09-17,,América Mineiro,Portuguesa,2,2
1F,1972-09-17,,Vitória,Santos,1,0
1F,1972-09-17,,Corinthians,Atlético Mineiro,1,1
1F,1972-09-17,,Santa Cruz,America-RJ,1,1
1F,1972-09-17,,Botafogo,Grêmio,1,2
1F,1972-09-17,,Ceará,São Paulo,1,1
1F,1972-09-17,,Coritiba,Bahia,1,0
1F,1972-09-17,,ABC,Internacional,1,2
1F,1972-09-17,,Remo,Flamengo,1,0
1F,1972-09-17,,Sergipe,Palmeiras,1,1
1F,1972-09-17,,Nacional-AM,Vasco,1,3
1F,1972-09-20,,Santa Cruz,Sergipe,0,0
1F,1972-09-20,,Cruzeiro,Corinthians,0,1
1F,1972-09-20,,CRB,Náutico,0,0
1F,1972-09-20,,ABC,Nacional-AM,3,3
1F,1972-09-20,,Coritiba,Santos,0,0
1F,1972-09-20,,Vasco,America-RJ,3,0
1F,1972-09-20,,Ceará,Vitória,0,0
1F,1972-09-20,,Internacional,Grêmio,1,0
1F,1972-09-20,,Palmeiras,Botafogo,2,2
1F,1972-09-20,,Bahia,Remo,1,1
1F,1972-09-21,,São Paulo,Portuguesa,1,1
1F,1972-09-21,,Flamengo,Atlético Mineiro,1,0
1F,1972-09-21,,América Mineiro,Fluminense,0,0
1F,1972-09-23,,Palmeiras,Santa Cruz,3,0
1F,1972-09-23,,Vasco,Internacional,1,2
1F,1972-09-24,,CRB,Portuguesa,0,0
1F,1972-09-24,,Ceará,Grêmio,0,0
1F,1972-09-24,,Coritiba,Sergipe,2,0
1F,1972-09-24,,Cruzeiro,Bahia,1,0
1F,1972-09-24,,São Paulo,Flamengo,0,0
1F,1972-09-24,,Fluminense,Santos,2,1
1F,1972-09-24,,Nacional-AM,Corinthians,2,0
1F,1972-09-24,,Vitória,América Mineiro,0,0
1F,1972-09-24,,Náutico,America-RJ,1,1
1F,1972-09-24,,ABC,Atlético Mineiro,1,2
1F,1972-09-24,,Remo,Botafogo,1,1
1F,1972-09-27,,Náutico,Portuguesa,2,1
1F,1972-09-27,,Coritiba,Vitória,3,0
1F,1972-09-27,,CRB,America-RJ,0,1
1F,1972-09-27,,Sergipe,América Mineiro,0,2
1F,1972-09-27,,Nacional-AM,Botafogo,1,2
1F,1972-09-27,,Ceará,Atlético Mineiro,1,3
1F,1972-09-27,,Palmeiras,Internacional,1,1
1F,1972-09-27,,Bahia,Flamengo,0,1
1F,1972-09-27,,Remo,Corinthians,2,2
1F,1972-09-27,,Fluminense,Cruzeiro,1,2
1F,1972-09-27,,ABC,Grêmio,1,1
1F,1972-09-28,,Santa Cruz,Vasco,2,0
1F,1972-09-28,,Santos,São Paulo,1,0
1F,1972-09-30,,Náutico,Palmeiras,1,2
1F,1972-09-30,,Bahia,Grêmio,0,0
1F,1972-10-01,,Nacional-AM,Internacional,2,2
1F,1972-10-01,,Atlético Mineiro,Coritiba,2,0
1F,1972-10-01,,Botafogo,America-RJ,0,2
1F,1972-10-01,,Santa Cruz,América Mineiro,4,1
1F,1972-10-01,,Ceará,Flamengo,1,3
1F,1972-10-01,,Remo,São Paulo,0,1
1F,1972-10-01,,Vitória,Fluminense,0,0
1F,1972-10-01,,Sergipe,Cruzeiro,0,1
1F,1972-10-01,,ABC,Vasco,1,2
1F,1972-10-01,,Corinthians,Portuguesa,3,2
1F,1972-10-01,,CRB,Santos,1,3
1F,1972-10-04,,Nacional-AM,São Paulo,1,1
1F,1972-10-04,,Grêmio,Portuguesa,1,1
1F,1972-10-04,,Coritiba,América Mineiro,2,0
1F,1972-10-04,,CRB,Palmeiras,1,3
1F,1972-10-04,,Bahia,Botafogo,1,1
1F,1972-10-04,,Sergipe,Fluminense,1,1
1F,1972-10-04,,ABC,Flamengo,0,0
1F,1972-10-04,,Ceará,Vasco,0,0
1F,1972-10-04,,Remo,Internacional,0,0
1F,1972-10-04,,Náutico,Santos,1,1
1F,1972-10-04,,Cruzeiro,Vitória,4,0
1F,1972-10-04,,America-RJ,Atlético Mineiro,2,0
1F,1972-10-05,,Santa Cruz,Corinthians,3,3
1F,1972-10-07,,Náutico,Corinthians,0,1
1F,1972-10-07,,Remo,America-RJ,0,1
1F,1972-10-08,,Atlético Mineiro,Vitória,5,0
1F,1972-10-08,,Nacional-AM,Portuguesa,2,0
1F,1972-10-08,,Internacional,Santos,0,0
1F,1972-10-08,,Bahia,São Paulo,1,0
1F,1972-10-08,,Vasco,Flamengo,1,2
1F,1972-10-08,,ABC,Coritiba,0,0
1F,1972-10-08,,Palmeiras,Cruzeiro,2,2
1F,1972-10-08,,Sergipe,Grêmio,0,2
1F,1972-10-08,,CRB,Botafogo,3,2
1F,1972-10-08,,Ceará,América Mineiro,2,0
1F,1972-10-08,,Santa Cruz,Fluminense,1,2
1F,1972-10-11,,Sergipe,Atlético Mineiro,0,1
1F,1972-10-11,,Cruzeiro,Santos,2,0
1F,1972-10-11,,Grêmio,Vitória,0,0
1F,1972-10-11,,Nacional-AM,America-RJ,0,0
1F,1972-10-11,,Ceará,Coritiba,0,0
1F,1972-10-11,,Remo,Portuguesa,2,0
1F,1972-10-11,,Flamengo,Santa Cruz,1,0
1F,1972-10-11,,CRB,Corinthians,0,0
1F,1972-10-11,,São Paulo,Vasco,0,1
1F,1972-10-11,,ABC,América Mineiro,1,0
1F,1972-10-11,,Náutico,Botafogo,1,2
1F,1972-10-12,,Fluminense,Palmeiras,0,1
1F,1972-10-12,,Bahia,Internacional,0,0
1F,1972-10-14,,Vitória,CRB,1,0
1F,1972-10-14,,Flamengo,Corinthians,0,0
1F,1972-10-14,,Santos,Grêmio,3,2
1F,1972-10-14,,Cruzeiro,America-RJ,2,0
1F,1972-10-15,,ABC,Remo,0,1
1F,1972-10-15,,Bahia,Santa Cruz,1,1
1F,1972-10-15,,Palmeiras,Portuguesa,1,0
1F,1972-10-15,,Coritiba,São Paulo,4,0
1F,1972-10-15,,Náutico,Sergipe,1,0
1F,1972-10-15,,Ceará,Nacional-AM,1,0
1F,1972-10-15,,Vasco,Botafogo,0,0
1F,1972-10-15,,Atlético Mineiro,Fluminense,2,0
1F,1972-10-15,,Internacional,América Mineiro,0,0
1F,1972-10-18,,Vitória,Náutico,0,1
1F,1972-10-18,,CRB,Bahia,0,0
1F,1972-10-18,,Grêmio,Cruzeiro,1,1
1F,1972-10-18,,Coritiba,Flamengo,2,1
1F,1972-10-18,,São Paulo,Corinthians,3,1
1F,1972-10-18,,Fluminense,Portuguesa,2,2
1F,1972-10-18,,Santa Cruz,Nacional-AM,2,1
1F,1972-10-18,,Atlético Mineiro,Palmeiras,0,3
1F,1972-10-18,,Sergipe,ABC,0,1
1F,1972-10-18,,Remo,Ceará,1,1
1F,1972-10-19,,América Mineiro,Vasco,0,0
1F,1972-10-19,,America-RJ,Santos,0,2
1F,1972-10-19,,Internacional,Botafogo,0,0
1F,1972-10-21,,Atlético Mineiro,Portuguesa,1,0
1F,1972-10-21,,São Paulo,Fluminense,0,3
1F,1972-10-21,,Coritiba,America-RJ,3,3
1F,1972-10-21,,CRB,Nacional-AM,1,2
1F,1972-10-21,,Sergipe,Vitória,0,2
1F,1972-10-21,,Cruzeiro,Internacional,1,1
1F,1972-10-21,,Flamengo,Palmeiras,0,1
1F,1972-10-21,,Ceará,ABC,1,0
1F,1972-10-22,,Corinthians,Botafogo,0,0
1F,1972-10-22,,Náutico,Bahia,0,0
1F,1972-10-22,,Vasco,Santos,1,1
1F,1972-10-22,,Grêmio,América Mineiro,1,0
1F,1972-10-22,,Remo,Santa Cruz,4,0
1F,1972-10-25,,Nacional-AM,América Mineiro,1,1
1F,1972-10-25,,Remo,Coritiba,0,0
1F,1972-10-25,,Santa Cruz,São Paulo,2,2
1F,1972-10-25,,Palmeiras,Santos,0,1
1F,1972-10-25,,Sergipe,Corinthians,1,3
1F,1972-10-25,,Ceará,Portuguesa,1,4
1F,1972-10-25,,CRB,Grêmio,0,2
1F,1972-10-25,,ABC,America-RJ,0,1
1F,1972-10-25,,Vitória,Botafogo,1,0
1F,1972-10-25,,Vasco,Cruzeiro,1,0
1F,1972-10-25,,Internacional,Flamengo,0,0
1F,1972-10-26,,Bahia,Fluminense,1,0
1F,1972-10-26,,Náutico,Atlético Mineiro,3,0
1F,1972-10-28,,Vitória,Corinthians,1,2
1F,1972-10-28,,Náutico,Grêmio,1,1
1F,1972-10-28,,Vasco,Palmeiras,0,0
1F,1972-10-29,,ABC,Portuguesa,2,1
1F,1972-10-29,,São Paulo,Cruzeiro,2,1
1F,1972-10-29,,Ceará,America-RJ,1,1
1F,1972-10-29,,Remo,América Mineiro,0,0
1F,1972-10-29,,Flamengo,Fluminense,0,1
1F,1972-10-29,,Nacional-AM,Coritiba,1,2
1F,1972-10-29,,Sergipe,Botafogo,0,1
1F,1972-10-29,,Santa Cruz,Internacional,2,3
1F,1972-10-29,,Bahia,Santos,0,2
1F,1972-10-29,,CRB,Atlético Mineiro,1,1
1F,1972-11-01,,Vitória,Nacional-AM,0,0
1F,1972-11-01,,Internacional,America-RJ,0,1
1F,1972-11-01,,América Mineiro,Santos,1,1
1F,1972-11-01,,Santa Cruz,CRB,1,1
1F,1972-11-01,,Botafogo,Cruzeiro,1,1
1F,1972-11-01,,Coritiba,Fluminense,2,0
1F,1972-11-01,,Ceará,Náutico,2,1
1F,1972-11-01,,Sergipe,Remo,3,0
1F,1972-11-01,,Palmeiras,Corinthians,0,1
1F,1972-11-01,,ABC,Bahia,0,1
1F,1972-11-02,,Portuguesa,Flamengo,0,1
1F,1972-11-02,,Grêmio,Vasco,0,1
1F,1972-11-02,,Atlético Mineiro,São Paulo,1,2
1F,1972-11-05,,Nacional-AM,Palmeiras,0,0
1F,1972-11-05,,Ceará,Cruzeiro,1,1
1F,1972-11-05,,Atlético Mineiro,Botafogo,2,0
1F,1972-11-05,,Bahia,América Mineiro,2,1
1F,1972-11-05,,CRB,Internacional,2,3
1F,1972-11-05,,Flamengo,Vitória,1,0
1F,1972-11-05,,ABC,Fluminense,0,1
1F,1972-11-05,,Coritiba,Corinthians,0,1
1F,1972-11-05,,Náutico,São Paulo,0,6
1F,1972-11-05,,Sergipe,Vasco,0,2
1F,1972-11-05,,Remo,Santos,1,1
1F,1972-11-05,,Grêmio,Santa Cruz,0,1
1F,1972-11-05,,Portuguesa,America-RJ,1,0
1F,1972-11-08,,ABC,Cruzeiro,0,2
1F,1972-11-08,,Bahia,Atlético Mineiro,1,3
1F,1972-11-08,,Coritiba,Portuguesa,1,1
1F,1972-11-08,,Santa Cruz,Botafogo,3,2
1F,1972-11-08,,Corinthians,Grêmio,1,0
1F,1972-11-08,,Sergipe,Flamengo,0,2
1F,1972-11-08,,Ceará,Fluminense,3,0
1F,1972-11-08,,Remo,Palmeiras,0,2
1F,1972-11-08,,CRB,São Paulo,2,6
1F,1972-11-08,,America-RJ,América Mineiro,3,0
1F,1972-11-08,,Nacional-AM,Santos,0,0
1F,1972-11-09,,Vitória,Vasco,2,0
1F,1972-11-09,,Náutico,Internacional,0,1
1F,1972-11-11,,América Mineiro,Flamengo,2,0
1F,1972-11-11,,Botafogo,São Paulo,3,2
1F,1972-11-12,,Fluminense,America-RJ,0,0
1F,1972-11-12,,Grêmio,Palmeiras,0,1
1F,1972-11-12,,Náutico,Remo,2,2
1F,1972-11-12,,Ceará,CRB,2,2
1F,1972-11-12,,Sergipe,Nacional-AM,0,0
1F,1972-11-12,,Cruzeiro,Atlético Mineiro,0,0
1F,1972-11-12,,Bahia,Vitória,0,0
1F,1972-11-12,,ABC,Santa Cruz,2,0
1F,1972-11-12,,Portuguesa,Santos,2,0
1F,1972-11-12,,Corinthians,Vasco,1,1
1F,1972-11-12,,Coritiba,Internacional,1,1
1F,1972-11-15,,Botafogo,Flamengo,6,0
1F,1972-11-16,,Coritiba,Vasco,1,0
1F,1972-11-16,,Atlético Mineiro,Santos,0,1
1F,1972-11-16,,Cruzeiro,Portuguesa,2,0
1F,1972-11-16,,Internacional,Corinthians,2,0
1F,1972-11-16,,ABC,Náutico,3,4
1F,1972-11-16,,São Paulo,América Mineiro,2,1
1F,1972-11-16,,Fluminense,Grêmio,2,0
1F,1972-11-16,,Ceará,Bahia,0,0
1F,1972-11-16,,Palmeiras,America-RJ,2,0
1F,1972-11-16,,Santa Cruz,Vitória,1,1
1F,1972-11-16,,CRB,Sergipe,0,3
1F,1972-11-16,,Remo,Nacional-AM,1,0
1F,1972-11-18,,Internacional,Atlético Mineiro,1,1
1F,1972-11-18,,Vasco,Portuguesa,3,1
1F,1972-11-19,,Botafogo,Fluminense,2,1
1F,1972-11-19,,Ceará,Corinthians,0,1
1F,1972-11-19,,Nacional-AM,Náutico,2,3
1F,1972-11-19,,ABC,Vitória,0,0
1F,1972-11-19,,Santa Cruz,Santos,2,4
1F,1972-11-19,,Grêmio,Flamengo,1,0
1F,1972-11-19,,CRB,Remo,1,1
1F,1972-11-19,,América Mineiro,Palmeiras,1,2
1F,1972-11-19,,Coritiba,Cruzeiro,2,3
1F,1972-11-19,,Sergipe,Bahia,1,2
1F,1972-11-19,,São Paulo,America-RJ,2,0
1F,1972-11-21,,Internacional,Portuguesa,5,1
1F,1972-11-22,,Vasco,Bahia,0,0
1F,1972-11-22,,Cruzeiro,Santa Cruz,1,0
1F,1972-11-22,,Remo,Grêmio,0,1
1F,1972-11-22,,Palmeiras,São Paulo,0,0
1F,1972-11-22,,ABC,Corinthians,0,3
1F,1972-11-22,,Nacional-AM,Atlético Mineiro,2,4
1F,1972-11-22,,Ceará,Botafogo,0,0
1F,1972-11-22,,Náutico,América Mineiro,3,2
1F,1972-11-22,,CRB,Coritiba,0,3
1F,1972-11-22,,Sergipe,America-RJ,0,1
1F,1972-11-23,,Santos,Flamengo,0,0
1F,1972-11-23,,Fluminense,Internacional,0,0
1F,1972-11-23,,Vitória,Portuguesa,0,0
1F,1972-11-24,,Palmeiras,Bahia,4,1
1F,1972-11-24,,Náutico,Coritiba,1,1
1F,1972-11-25,,Internacional,São Paulo,3,1
1F,1972-11-25,,Santos,Corinthians,4,0
1F,1972-11-25,,Cruzeiro,Flamengo,1,1
1F,1972-11-25,,Nacional-AM,Grêmio,0,2
1F,1972-11-25,,Santa Cruz,Ceará,1,1
1F,1972-11-25,,ABC,Botafogo,0,1
1F,1972-11-25,,CRB,América Mineiro,0,0
1F,1972-11-25,,Remo,Atlético Mineiro,1,1
1F,1972-11-25,20:00,Vitória,America-RJ,2,0
1F,1972-11-25,20:00,Vasco,Fluminense,0,0
1F,1972-11-25,20:00,Sergipe,Portuguesa,1,1
1F,1972-11-29,,Atlético Mineiro,América Mineiro,1,1
1F,1972-11-29,,CRB,Vasco,0,0
1F,1972-11-29,,Sergipe,São Paulo,0,5
1F,1972-11-29,,Remo,Fluminense,0,0
1F,1972-11-29,,Santa Cruz,Coritiba,1,2
1F,1972-11-29,,Corinthians,Bahia,3,1
1F,1972-11-29,,Internacional,Vitória,1,0
1F,1972-11-29,,ABC,Santos,0,2
1F,1972-11-29,,Grêmio,America-RJ,0,0
1F,1972-11-29,,Nacional-AM,Cruzeiro,2,1
1F,1972-11-29,,Náutico,Flamengo,0,1
1F,1972-11-29,,Portuguesa,Botafogo,1,1
1F,1972-11-29,,Ceará,Palmeiras,0,3
1F,1972-12-02,,Náutico,Vasco,1,2
1F,1972-12-03,,Coritiba,Grêmio,1,2
1F,1972-12-03,,Bahia,Portuguesa,2,3
1F,1972-12-03,,São Paulo,Vitória,5,2
1F,1972-12-03,,Remo,Cruzeiro,2,2
1F,1972-12-03,,Santa Cruz,Atlético Mineiro,2,0
1F,1972-12-03,,Sergipe,Internacional,2,4
1F,1972-12-03,,Ceará,Santos,2,1
1F,1972-12-03,,America-RJ,Corinthians,0,0
1F,1972-12-03,,América Mineiro,Botafogo,3,1
1F,1972-12-03,,ABC,Palmeiras,2,2
1F,1972-12-03,,CRB,Flamengo,2,5
1F,1972-12-03,,Nacional-AM,Fluminense,0,1
Grp.4,1972-12-09,,Grêmio,Botafogo,0,0
Grp.4,1972-12-09,,Santos,Santa Cruz,2,0
Grp.3,1972-12-09,,Fluminense,Ceará,0,0
Grp.2,1972-12-10,,São Paulo,Palmeiras,2,0
Grp.2,1972-12-10,,Coritiba,America-RJ,2,1
Grp.1,1972-12-10,,Internacional,Cruzeiro,3,2
Grp.1,1972-12-10,,Flamengo,Vasco,1,1
Grp.3,1972-12-10,,Atlético Mineiro,Corinthians,0,0
Grp.3,1972-12-13,,Fluminense,Atlético Mineiro,2,3
Grp.2,1972-12-13,,São Paulo,Coritiba,2,0
Grp.2,1972-12-13,,Palmeiras,America-RJ,3,1
Grp.4,1972-12-13,,Botafogo,Santa Cruz,4,1
Grp.3,1972-12-14,,Corinthians,Ceará,1,0
Grp.4,1972-12-14,,Santos,Grêmio,0,1
Grp.1,1972-12-14,,Flamengo,Internacional,1,3
Grp.1,1972-12-14,,Vasco,Cruzeiro,3,1
Grp.2,1972-12-16,,Palmeiras,Coritiba,3,0
Grp.2,1972-12-16,,America-RJ,São Paulo,1,0
Grp.4,1972-12-16,20:00,Botafogo,Santos,2,1
Grp.4,1972-12-16,20:00,Santa Cruz,Grêmio,2,1
Grp.3,1972-12-17,,Ceará,Atlético Mineiro,1,1
Grp.1,1972-12-17,,Internacional,Vasco,1,1
Grp.3,1972-12-17,,Corinthians,Fluminense,0,0
Grp.1,1972-12-17,,Cruzeiro,Flamengo,1,1
SF,1972-12-20,,Botafogo,Corinthians,2,1
SF,1972-12-20,,Palmeiras,Internacional,1,1
F,1972-12-23,,Palmeiras,Botafogo,0,0
1F,1973-08-25,,Atlético Paranaense,Vitória,0,0
1F,1973-08-25,,América-RN,Rio Negro-AM,0,0
1F,1973-08-25,,Remo,Palmeiras,0,2
1F,1973-08-25,,Corinthians,America-RJ,0,0
1F,1973-08-25,,Sport,Fortaleza,0,0
1F,1973-08-25,,Comercial-MS,Flamengo,0,1
1F,1973-08-25,,Paysandu,Internacional,2,1
1F,1973-08-25,,CRB,América Mineiro,0,1
1F,1973-08-25,,CEUB,Botafogo,0,0
1F,1973-08-25,20:00,Goiás,Olaria,0,0
1F,1973-08-25,20:00,Grêmio,Santa Cruz,4,0
1F,1973-08-26,,Bahia,São Paulo,1,1
1F,1973-08-26,,Figueirense,Coritiba,0,0
1F,1973-08-26,,Nacional-AM,Guarani,1,1
1F,1973-08-26,,Tiradentes-PI,Fluminense,0,0
1F,1973-08-26,,Desportiva Ferroviária,Sergipe,2,0
1F,1973-08-26,,Moto Club,Cruzeiro,0,3
1F,1973-08-27,,Ceará,Náutico,2,2
1F,1973-08-29,,Vitória,Santos,2,0
1F,1973-08-29,,Rio Negro-AM,Palmeiras,1,2
1F,1973-08-29,,Remo,Portuguesa,1,0
1F,1973-08-29,,Comercial-MS,Olaria,2,1
1F,1973-08-29,,América-RN,Grêmio,1,1
1F,1973-08-29,,Goiás,Flamengo,1,0
1F,1973-08-29,,Santa Cruz,Ceará,1,1
1F,1973-08-29,,Desportiva Ferroviária,Atlético Mineiro,2,0
1F,1973-08-29,,Fortaleza,Bahia,1,1
1F,1973-08-29,,Figueirense,Botafogo,2,2
1F,1973-08-29,,Sergipe,Vasco,0,3
1F,1973-08-29,,CRB,São Paulo,0,1
1F,1973-08-29,,Tiradentes-PI,Cruzeiro,1,1
1F,1973-08-29,,Coritiba,CEUB,2,1
1F,1973-08-29,,América Mineiro,Sport,4,1
1F,1973-08-29,,Moto Club,Fluminense,1,4
1F,1973-08-29,21:00,Guarani,Corinthians,0,1
1F,1973-08-30,,Paysandu,America-RJ,0,0
1F,1973-08-30,,Náutico,Atlético Paranaense,1,0
1F,1973-08-30,,Nacional-AM,Internacional,0,0
1F,1973-08-31,,América Mineiro,Fortaleza,1,0
1F,1973-08-31,20:00,Rio Negro-AM,Portuguesa,1,3
1F,1973-09-01,,CEUB,Figueirense,2,1
1F,1973-09-02,,Santa Cruz,Flamengo,3,1
1F,1973-09-02,,Atlético Mineiro,Grêmio,0,0
1F,1973-09-02,,Santos,Palmeiras,0,0
1F,1973-09-02,,América-RN,Sergipe,2,0
1F,1973-09-02,,Vitória,Vasco,0,0
1F,1973-09-02,,Comercial-MS,Goiás,0,2
1F,1973-09-02,,Ceará,Atlético Paranaense,0,1
1F,1973-09-02,,Desportiva Ferroviária,Remo,0,1
1F,1973-09-02,,Coritiba,Corinthians,3,0
1F,1973-09-02,,Botafogo,Fluminense,4,0
1F,1973-09-02,,Moto Club,Tiradentes-PI,0,1
1F,1973-09-02,,Nacional-AM,America-RJ,1,1
1F,1973-09-02,,Sport,São Paulo,0,3
1F,1973-09-02,,CRB,Bahia,0,1
1F,1973-09-02,,Internacional,Cruzeiro,0,1
1F,1973-09-02,,Paysandu,Guarani,0,2
1F,1973-09-05,,Santos,Grêmio,0,0
1F,1973-09-05,,Olaria,Flamengo,0,1
1F,1973-09-05,,Comercial-MS,Atlético Mineiro,1,2
1F,1973-09-05,,Goiás,Sergipe,3,0
1F,1973-09-05,,Desportiva Ferroviária,Vasco,0,1
1F,1973-09-05,,América-RN,Ceará,2,0
1F,1973-09-05,,Remo,Náutico,1,0
1F,1973-09-05,,Rio Negro-AM,Santa Cruz,1,0
1F,1973-09-05,,Atlético Paranaense,Palmeiras,1,1
1F,1973-09-05,,Moto Club,Botafogo,0,2
1F,1973-09-05,,Bahia,Fluminense,0,1
1F,1973-09-05,,Fortaleza,Coritiba,3,2
1F,1973-09-05,,Figueirense,Corinthians,1,1
1F,1973-09-05,,Guarani,São Paulo,1,1
1F,1973-09-05,,CRB,Nacional-AM,1,1
1F,1973-09-05,,Tiradentes-PI,Paysandu,2,0
1F,1973-09-05,,Sport,Internacional,0,1
1F,1973-09-05,,CEUB,Cruzeiro,2,0
1F,1973-09-06,,America-RJ,América Mineiro,1,0
1F,1973-09-08,,Portuguesa,Olaria,4,2
1F,1973-09-08,,Nacional-AM,Coritiba,0,1
1F,1973-09-08,,Vasco,Ceará,1,1
1F,1973-09-09,,Náutico,Santa Cruz,0,0
1F,1973-09-09,,Atlético Paranaense,Atlético Mineiro,0,1
1F,1973-09-09,,Grêmio,Palmeiras,0,0
1F,1973-09-09,,Sergipe,Remo,1,0
1F,1973-09-09,,Rio Negro-AM,Vitória,0,0
1F,1973-09-09,,Flamengo,Santos,0,1
1F,1973-09-09,,Comercial-MS,Desportiva Ferroviária,0,0
1F,1973-09-09,,Goiás,América-RN,0,0
1F,1973-09-09,,Corinthians,São Paulo,1,0
1F,1973-09-09,,CRB,Fluminense,1,2
1F,1973-09-09,,Moto Club,America-RJ,1,1
1F,1973-09-09,,Fortaleza,Figueirense,2,0
1F,1973-09-09,,Guarani,CEUB,3,1
1F,1973-09-09,,Tiradentes-PI,Botafogo,0,0
1F,1973-09-09,,Cruzeiro,América Mineiro,1,0
1F,1973-09-09,,Paysandu,Sport,2,2
1F,1973-09-09,,Bahia,Internacional,1,2
1F,1973-09-12,,Comercial-MS,Santos,1,0
1F,1973-09-12,,Vitória,Olaria,0,0
1F,1973-09-12,,Goiás,Portuguesa,0,0
1F,1973-09-12,,América-RN,Vasco,1,1
1F,1973-09-12,,Desportiva Ferroviária,Náutico,1,0
1F,1973-09-12,,CEUB,Bahia,0,0
1F,1973-09-12,,Santa Cruz,Remo,2,1
1F,1973-09-12,,Rio Negro-AM,Atlético Mineiro,1,2
1F,1973-09-12,,Sergipe,Flamengo,0,1
1F,1973-09-12,,Tiradentes-PI,America-RJ,0,0
1F,1973-09-12,,Fortaleza,Botafogo,0,2
1F,1973-09-12,,Paysandu,Coritiba,0,1
1F,1973-09-12,,Moto Club,Corinthians,0,0
1F,1973-09-12,,São Paulo,América Mineiro,1,0
1F,1973-09-12,,Sport,Nacional-AM,1,2
1F,1973-09-12,,CRB,Internacional,0,1
1F,1973-09-12,,Figueirense,Cruzeiro,0,1
1F,1973-09-12,,Fluminense,Guarani,3,0
1F,1973-09-13,,Ceará,Palmeiras,0,2
1F,1973-09-15,,Grêmio,Olaria,2,0
1F,1973-09-15,,CEUB,CRB,1,2
1F,1973-09-15,,Cruzeiro,Bahia,1,0
1F,1973-09-15,,Coritiba,Sport,3,0
1F,1973-09-16,,Atlético Paranaense,Santos,0,2
1F,1973-09-16,,Portuguesa,Palmeiras,1,1
1F,1973-09-16,,Atlético Mineiro,Flamengo,3,0
1F,1973-09-16,,América-RN,Santa Cruz,2,2
1F,1973-09-16,,Remo,Goiás,1,0
1F,1973-09-16,,Comercial-MS,Sergipe,1,0
1F,1973-09-16,,Vitória,Ceará,0,1
1F,1973-09-16,,Desportiva Ferroviária,Rio Negro-AM,0,1
1F,1973-09-16,,Náutico,Vasco,2,1
1F,1973-09-16,,Fluminense,America-RJ,2,0
1F,1973-09-16,,Moto Club,América Mineiro,0,0
1F,1973-09-16,,Tiradentes-PI,Corinthians,1,0
1F,1973-09-16,,Internacional,Botafogo,0,1
1F,1973-09-16,,Fortaleza,São Paulo,0,0
1F,1973-09-16,,Figueirense,Guarani,1,1
1F,1973-09-16,,Nacional-AM,Paysandu,2,1
1F,1973-09-19,,Atlético Mineiro,Santos,0,0
1F,1973-09-19,,Vasco,Portuguesa,0,1
1F,1973-09-22,,CEUB,Sport,1,1
1F,1973-09-22,,Rio Negro-AM,Goiás,1,0
1F,1973-09-22,,América Mineiro,Tiradentes-PI,0,0
1F,1973-09-22,,Fortaleza,America-RJ,2,1
1F,1973-09-22,,Corinthians,Internacional,1,0
1F,1973-09-22,,Palmeiras,Olaria,1,0
1F,1973-09-23,,Santa Cruz,Vitória,1,0
1F,1973-09-23,,Sergipe,Atlético Mineiro,0,4
1F,1973-09-23,,Grêmio,Portuguesa,1,0
1F,1973-09-23,,Comercial-MS,Náutico,1,2
1F,1973-09-23,,Ceará,Santos,2,0
1F,1973-09-23,,Atlético Paranaense,Desportiva Ferroviária,1,0
1F,1973-09-23,,Remo,América-RN,1,2
1F,1973-09-23,,Cruzeiro,Coritiba,0,0
1F,1973-09-23,,São Paulo,Fluminense,2,2
1F,1973-09-23,,Vasco,Flamengo,2,2
1F,1973-09-23,,Guarani,Moto Club,1,0
1F,1973-09-23,,Nacional-AM,Botafogo,1,1
1F,1973-09-23,,CRB,Paysandu,3,2
1F,1973-09-23,,Bahia,Figueirense,1,0
1F,1973-09-26,,América-RN,Santos,1,6
1F,1973-09-26,,Palmeiras,Náutico,2,0
1F,1973-09-26,,Santa Cruz,Olaria,1,0
1F,1973-09-26,,Desportiva Ferroviária,Portuguesa,1,1
1F,1973-09-26,,Ceará,Flamengo,1,1
1F,1973-09-26,,Goiás,Atlético Paranaense,1,0
1F,1973-09-26,,Sergipe,Grêmio,1,2
1F,1973-09-26,,Vitória,Atlético Mineiro,0,1
1F,1973-09-26,,Cruzeiro,Guarani,1,1
1F,1973-09-26,,Coritiba,America-RJ,2,0
1F,1973-09-26,,Paysandu,Botafogo,0,1
1F,1973-09-26,,Comercial-MS,Rio Negro-AM,1,1
1F,1973-09-26,,Figueirense,Fluminense,1,0
1F,1973-09-26,,CEUB,São Paulo,0,0
1F,1973-09-26,,Tiradentes-PI,CRB,1,1
1F,1973-09-26,,Moto Club,Fortaleza,0,0
1F,1973-09-26,,Nacional-AM,Bahia,2,2
1F,1973-09-27,,Remo,Vasco,0,1
1F,1973-09-27,,Sport,Corinthians,1,2
1F,1973-09-29,,Atlético Paranaense,Santa Cruz,0,0
1F,1973-09-29,,Nacional-AM,CEUB,1,0
1F,1973-09-30,,Palmeiras,Atlético Mineiro,1,0
1F,1973-09-30,,Desportiva Ferroviária,Olaria,1,1
1F,1973-09-30,,América-RN,Flamengo,0,3
1F,1973-09-30,,Náutico,Santos,0,3
1F,1973-09-30,,Ceará,Portuguesa,1,1
1F,1973-09-30,,Sergipe,Vitória,0,1
1F,1973-09-30,,Remo,Comercial-MS,1,0
1F,1973-09-30,,Goiás,Grêmio,0,2
1F,1973-09-30,,Rio Negro-AM,Vasco,0,0
1F,1973-09-30,,Bahia,Paysandu,3,0
1F,1973-09-30,,CRB,Corinthians,0,3
1F,1973-09-30,,Coritiba,América Mineiro,0,2
1F,1973-09-30,,Cruzeiro,Fluminense,0,0
1F,1973-09-30,,Internacional,America-RJ,0,0
1F,1973-09-30,,Botafogo,São Paulo,1,0
1F,1973-09-30,,Guarani,Fortaleza,2,2
1F,1973-09-30,,Figueirense,Tiradentes-PI,1,0
1F,1973-09-30,,Moto Club,Sport,0,2
1F,1973-10-03,,Sergipe,Santos,0,3
1F,1973-10-03,,Santa Cruz,Vasco,0,2
1F,1973-10-03,,América-RN,Portuguesa,1,1
1F,1973-10-03,,Tiradentes-PI,Coritiba,2,1
1F,1973-10-03,,Atlético Paranaense,Rio Negro-AM,1,0
1F,1973-10-03,,Figueirense,Nacional-AM,0,0
1F,1973-10-03,,Desportiva Ferroviária,Goiás,0,0
1F,1973-10-03,,Comercial-MS,Grêmio,1,0
1F,1973-10-03,,Flamengo,Náutico,4,1
1F,1973-10-03,,Bahia,Corinthians,0,1
1F,1973-10-03,,Guarani,Botafogo,1,1
1F,1973-10-03,,CRB,Sport,0,3
1F,1973-10-03,,Moto Club,São Paulo,1,4
1F,1973-10-03,,CEUB,America-RJ,1,0
1F,1973-10-03,,Paysandu,Cruzeiro,1,2
1F,1973-10-03,,América Mineiro,Fluminense,0,0
1F,1973-10-03,,Fortaleza,Internacional,0,0
1F,1973-10-04,,Vitória,Palmeiras,1,2
1F,1973-10-04,,Atlético Mineiro,Olaria,1,1
1F,1973-10-04,,Ceará,Remo,0,0
1F,1973-10-06,,Atlético Paranaense,Portuguesa,0,0
1F,1973-10-06,,CEUB,Internacional,0,1
1F,1973-10-06,,Fluminense,Sport,1,0
1F,1973-10-06,,América Mineiro,Guarani,1,1
1F,1973-10-07,,Santa Cruz,Santos,3,2
1F,1973-10-07,,Sergipe,Olaria,1,0
1F,1973-10-07,,Flamengo,Palmeiras,0,2
1F,1973-10-07,,Atlético Mineiro,Remo,3,0
1F,1973-10-07,,Goiás,Náutico,1,0
1F,1973-10-07,,Desportiva Ferroviária,América-RN,2,1
1F,1973-10-07,,Comercial-MS,Vitória,0,1
1F,1973-10-07,,Ceará,Rio Negro-AM,0,1
1F,1973-10-07,,Grêmio,Vasco,1,0
1F,1973-10-07,,Corinthians,Botafogo,1,1
1F,1973-10-07,,Coritiba,Moto Club,4,0
1F,1973-10-07,,Tiradentes-PI,São Paulo,0,2
1F,1973-10-07,,Bahia,America-RJ,2,1
1F,1973-10-07,,Nacional-AM,Cruzeiro,2,2
1F,1973-10-07,,Paysandu,Figueirense,1,2
1F,1973-10-07,,CRB,Fortaleza,1,3
1F,1973-10-10,,Atlético Paranaense,Grêmio,1,1
1F,1973-10-10,,Internacional,América Mineiro,1,1
1F,1973-10-13,,Atlético Paranaense,Olaria,0,2
1F,1973-10-13,,Portuguesa,Flamengo,3,0
1F,1973-10-13,,CEUB,Moto Club,1,2
1F,1973-10-13,,Paysandu,Corinthians,0,2
1F,1973-10-13,,Botafogo,America-RJ,0,1
1F,1973-10-14,,Grêmio,Remo,3,0
1F,1973-10-14,,Atlético Mineiro,Ceará,0,0
1F,1973-10-14,,Rio Negro-AM,Náutico,1,0
1F,1973-10-14,,Comercial-MS,América-RN,4,3
1F,1973-10-14,,Goiás,Santa Cruz,5,1
1F,1973-10-14,,Sergipe,Palmeiras,0,0
1F,1973-10-14,,Vitória,Desportiva Ferroviária,2,1
1F,1973-10-14,,São Paulo,Cruzeiro,2,1
1F,1973-10-14,,Guarani,CRB,1,1
1F,1973-10-14,,Coritiba,Fluminense,1,0
1F,1973-10-14,,Tiradentes-PI,Internacional,1,2
1F,1973-10-14,,Vasco,Santos,1,1
1F,1973-10-14,,Figueirense,América Mineiro,0,0
1F,1973-10-14,,Fortaleza,Nacional-AM,2,2
1F,1973-10-14,,Sport,Bahia,0,0
1F,1973-10-17,,Goiás,Santos,0,0
1F,1973-10-17,,Comercial-MS,Vasco,1,1
1F,1973-10-17,,Vitória,Portuguesa,1,0
1F,1973-10-17,,Náutico,Olaria,0,0
1F,1973-10-17,,Santa Cruz,Palmeiras,0,1
1F,1973-10-17,,Atlético Paranaense,Remo,1,0
1F,1973-10-17,,Rio Negro-AM,Grêmio,1,1
1F,1973-10-17,,Sergipe,Ceará,0,0
1F,1973-10-17,,América-RN,Atlético Mineiro,2,1
1F,1973-10-17,,Desportiva Ferroviária,Flamengo,1,0
1F,1973-10-17,,Nacional-AM,Corinthians,1,2
1F,1973-10-17,,Guarani,America-RJ,3,1
1F,1973-10-17,,Coritiba,Botafogo,1,0
1F,1973-10-17,,América Mineiro,Bahia,1,2
1F,1973-10-17,,Figueirense,São Paulo,0,1
1F,1973-10-17,,CRB,Cruzeiro,0,1
1F,1973-10-17,,Fortaleza,Paysandu,2,0
1F,1973-10-17,,CEUB,Fluminense,0,1
1F,1973-10-17,,Tiradentes-PI,Sport,0,1
1F,1973-10-17,,Moto Club,Internacional,0,2
1F,1973-10-20,,Náutico,Portuguesa,3,2
1F,1973-10-20,,Vitória,Goiás,3,3
1F,1973-10-20,,América Mineiro,Botafogo,1,1
1F,1973-10-20,,CEUB,Fortaleza,1,2
1F,1973-10-21,,Atlético Paranaense,Vasco,1,2
1F,1973-10-21,,Santos,Olaria,1,2
1F,1973-10-21,,Remo,Flamengo,2,1
1F,1973-10-21,,América-RN,Palmeiras,0,1
1F,1973-10-21,,Santa Cruz,Atlético Mineiro,1,1
1F,1973-10-21,,Ceará,Comercial-MS,1,0
1F,1973-10-21,,Rio Negro-AM,Sergipe,5,0
1F,1973-10-21,,Desportiva Ferroviária,Grêmio,0,1
1F,1973-10-21,,Tiradentes-PI,Nacional-AM,0,0
1F,1973-10-21,,Cruzeiro,America-RJ,2,1
1F,1973-10-21,,Figueirense,CRB,1,0
1F,1973-10-21,,Internacional,São Paulo,2,2
1F,1973-10-21,,Fluminense,Corinthians,1,3
1F,1973-10-21,,Bahia,Coritiba,2,0
1F,1973-10-21,,Moto Club,Paysandu,1,1
1F,1973-10-21,,Guarani,Sport,4,1
1F,1973-10-24,,Comercial-MS,Portuguesa,2,2
1F,1973-10-24,,Ceará,Olaria,1,0
1F,1973-10-24,,Goiás,Atlético Mineiro,3,1
1F,1973-10-24,,Sergipe,Atlético Paranaense,2,0
1F,1973-10-24,,Palmeiras,Vasco,0,0
1F,1973-10-24,,América-RN,Vitória,1,1
1F,1973-10-24,,Grêmio,Náutico,1,0
1F,1973-10-24,,Desportiva Ferroviária,Santos,1,3
1F,1973-10-24,,Sport,America-RJ,1,2
1F,1973-10-24,,Botafogo,Cruzeiro,2,1
1F,1973-10-24,,Paysandu,São Paulo,0,2
1F,1973-10-24,,Figueirense,Internacional,0,2
1F,1973-10-24,,Bahia,Tiradentes-PI,1,0
1F,1973-10-24,,Moto Club,Nacional-AM,0,1
1F,1973-10-24,,Coritiba,CRB,2,0
1F,1973-10-25,,Corinthians,América Mineiro,1,1
1F,1973-10-25,,Fortaleza,Fluminense,1,0
1F,1973-10-27,,Desportiva Ferroviária,Palmeiras,0,1
1F,1973-10-27,,Vasco,Olaria,0,1
1F,1973-10-27,,Vitória,Remo,1,0
1F,1973-10-27,,Rio Negro-AM,Santos,1,1
1F,1973-10-27,,Sergipe,Santa Cruz,0,0
1F,1973-10-27,,Atlético Paranaense,Comercial-MS,4,1
1F,1973-10-27,,Goiás,Ceará,4,1
1F,1973-10-27,,América-RN,Náutico,2,0
1F,1973-10-27,,Atlético Mineiro,Portuguesa,1,1
1F,1973-10-27,,Flamengo,Grêmio,1,2
1F,1973-10-27,,Fortaleza,Corinthians,1,1
1F,1973-10-27,,CRB,America-RJ,1,0
1F,1973-10-27,,Paysandu,Fluminense,1,1
1F,1973-10-27,,CEUB,América Mineiro,0,1
1F,1973-10-27,,São Paulo,Nacional-AM,0,0
1F,1973-10-27,,Bahia,Botafogo,0,0
1F,1973-10-27,,Tiradentes-PI,Guarani,0,1
1F,1973-10-27,,Figueirense,Moto Club,0,0
1F,1973-10-27,,Internacional,Coritiba,1,0
1F,1973-10-27,,Sport,Cruzeiro,0,3
1F,1973-10-31,,Remo,Santos,0,1
1F,1973-10-31,,Comercial-MS,Palmeiras,0,4
1F,1973-10-31,,Sergipe,Portuguesa,1,3
1F,1973-10-31,,Vitória,Flamengo,0,0
1F,1973-10-31,,Atlético Paranaense,América-RN,2,1
1F,1973-10-31,,Moto Club,Bahia,0,0
1F,1973-10-31,,Desportiva Ferroviária,Santa Cruz,0,0
1F,1973-10-31,,Náutico,Atlético Mineiro,3,1
1F,1973-10-31,,Goiás,Vasco,1,0
1F,1973-10-31,,CEUB,Corinthians,2,1
1F,1973-10-31,,America-RJ,São Paulo,0,0
1F,1973-10-31,,CRB,Botafogo,0,2
1F,1973-10-31,,Internacional,Guarani,2,1
1F,1973-10-31,,Fortaleza,Cruzeiro,0,0
1F,1973-10-31,,América Mineiro,Paysandu,2,0
1F,1973-10-31,,Figueirense,Sport,0,1
1F,1973-10-31,,Nacional-AM,Fluminense,0,0
1F,1973-11-01,,Ceará,Grêmio,0,0
1F,1973-11-01,,Rio Negro-AM,Olaria,0,0
1F,1973-11-03,,São Paulo,Coritiba,0,0
1F,1973-11-03,,Paysandu,CEUB,0,1
1F,1973-11-03,,Fluminense,Internacional,0,1
1F,1973-11-04,,Grêmio,Vitória,1,0
1F,1973-11-04,,Santos,Portuguesa,3,2
1F,1973-11-04,,Comercial-MS,Santa Cruz,0,0
1F,1973-11-04,,Ceará,Desportiva Ferroviária,0,0
1F,1973-11-04,,Atlético Paranaense,Flamengo,1,0
1F,1973-11-04,,Remo,Olaria,0,3
1F,1973-11-04,,Sergipe,Náutico,0,0
1F,1973-11-04,,Goiás,Palmeiras,0,1
1F,1973-11-04,,Cruzeiro,Corinthians,0,0
1F,1973-11-04,,Figueirense,America-RJ,1,1
1F,1973-11-04,,Vasco,Atlético Mineiro,2,0
1F,1973-11-04,,Bahia,Guarani,0,0
1F,1973-11-04,,Nacional-AM,América Mineiro,0,0
1F,1973-11-04,,Sport,Botafogo,1,0
1F,1973-11-04,,Moto Club,CRB,1,1
1F,1973-11-04,,Tiradentes-PI,Fortaleza,1,0
1F,1973-11-07,,América-RN,Olaria,0,2
1F,1973-11-07,,Santa Cruz,Portuguesa,0,4
1F,1973-11-07,,Vitória,Náutico,3,1
1F,1973-11-07,,Remo,Rio Negro-AM,1,0
1F,1973-11-07,,Tiradentes-PI,CEUB,2,1
1F,1973-11-07,,Coritiba,Guarani,0,0
1F,1973-11-10,,São Paulo,Coritiba,2,2
1F,1973-11-10,,América Mineiro,Vasco,0,0
1F,1973-11-10,,Santa Cruz,Remo,3,0
1F,1973-11-10,,Botafogo,Olaria,2,2
1F,1973-11-11,,Ceará,Fortaleza,0,0
1F,1973-11-11,,CRB,América-RN,0,3
1F,1973-11-11,,Rio Negro-AM,Tiradentes-PI,0,1
1F,1973-11-11,,Náutico,Sport,0,0
1F,1973-11-11,,Sergipe,Nacional-AM,2,1
1F,1973-11-11,,Comercial-MS,Moto Club,2,0
1F,1973-11-11,,Desportiva Ferroviária,CEUB,1,0
1F,1973-11-11,,Goiás,Paysandu,0,2
1F,1973-11-11,,Cruzeiro,Atlético Mineiro,0,0
1F,1973-11-11,,Fluminense,America-RJ,2,1
1F,1973-11-11,,Bahia,Vitória,0,1
1F,1973-11-11,,Palmeiras,Portuguesa,2,0
1F,1973-11-11,,Figueirense,Flamengo,0,1
1F,1973-11-11,,Guarani,Corinthians,1,0
1F,1973-11-11,,Atlético Paranaense,Santos,0,1
1F,1973-11-11,,Internacional,Grêmio,1,1
1F,1973-11-14,,América-RN,Fortaleza,0,0
1F,1973-11-14,,Sergipe,Rio Negro-AM,0,1
1F,1973-11-14,,Vitória,CRB,1,1
1F,1973-11-14,,Tiradentes-PI,Ceará,1,1
1F,1973-11-14,,Paysandu,Desportiva Ferroviária,0,2
1F,1973-11-14,,Comercial-MS,Remo,1,1
1F,1973-11-14,,Sport,CEUB,3,0
1F,1973-11-14,,Moto Club,Náutico,1,1
1F,1973-11-14,,Goiás,Santa Cruz,0,0
1F,1973-11-14,,Coritiba,Atlético Paranaense,2,1
1F,1973-11-14,,Figueirense,Fluminense,0,0
1F,1973-11-14,,Vasco,Olaria,1,1
1F,1973-11-14,,Nacional-AM,Bahia,2,1
1F,1973-11-14,,América Mineiro,Botafogo,1,0
1F,1973-11-14,,Flamengo,Cruzeiro,1,2
1F,1973-11-14,,São Paulo,Portuguesa,1,1
1F,1973-11-14,,Guarani,Santos,1,1
1F,1973-11-14,,Grêmio,Corinthians,0,0
1F,1973-11-15,,Palmeiras,Internacional,1,0
1F,1973-11-15,,Atlético Mineiro,America-RJ,2,3
1F,1973-11-17,,Náutico,CEUB,2,0
1F,1973-11-17,,Comercial-MS,Sport,1,0
1F,1973-11-17,,Remo,Paysandu,1,1
1F,1973-11-17,,Desportiva Ferroviária,Goiás,0,0
1F,1973-11-17,,Moto Club,Santa Cruz,1,1
1F,1973-11-17,,Cruzeiro,Olaria,2,0
1F,1973-11-17,,Flamengo,América Mineiro,1,1
1F,1973-11-17,,Portuguesa,Atlético Paranaense,0,0
1F,1973-11-17,,Grêmio,Guarani,1,0
1F,1973-11-18,,Ceará,Vitória,1,0
1F,1973-11-18,,Bahia,América-RN,2,1
1F,1973-11-18,,Nacional-AM,Rio Negro-AM,0,0
1F,1973-11-18,,Tiradentes-PI,CRB,2,0
1F,1973-11-18,,Internacional,São Paulo,1,2
1F,1973-11-18,,Sergipe,Fortaleza,1,1
1F,1973-11-18,,Botafogo,Fluminense,1,1
1F,1973-11-18,,Coritiba,Santos,1,2
1F,1973-11-18,,Atlético Mineiro,Vasco,2,1
1F,1973-11-18,,Figueirense,America-RJ,1,0
1F,1973-11-18,,Corinthians,Palmeiras,1,2
1F,1973-11-21,,Rio Negro-AM,Flamengo,1,2
1F,1973-11-24,,América Mineiro,Fluminense,1,0
1F,1973-11-24,,Corinthians,Santos,1,0
1F,1973-11-24,,Botafogo,Atlético Mineiro,2,1
1F,1973-11-25,,Ceará,Rio Negro-AM,2,1
1F,1973-11-25,,Vitória,Fortaleza,0,0
1F,1973-11-25,,Nacional-AM,América-RN,3,1
1F,1973-11-25,,CRB,Sergipe,2,1
1F,1973-11-25,,Santa Cruz,Sport,1,1
1F,1973-11-25,,CEUB,Comercial-MS,2,1
1F,1973-11-25,,Moto Club,Paysandu,0,0
1F,1973-11-25,,Remo,Goiás,2,0
1F,1973-11-25,,Internacional,Coritiba,1,0
1F,1973-11-25,,Cruzeiro,America-RJ,0,2
1F,1973-11-25,,Tiradentes-PI,Bahia,1,1
1F,1973-11-25,,Figueirense,Olaria,2,2
1F,1973-11-25,,Vasco,Flamengo,0,2
1F,1973-11-25,,Atlético Paranaense,Grêmio,2,0
1F,1973-11-25,,Guarani,Portuguesa,3,1
1F,1973-11-25,,Palmeiras,São Paulo,1,2
1F,1973-11-28,,CRB,Fortaleza,1,1
1F,1973-11-28,,América-RN,Tiradentes-PI,2,1
1F,1973-11-28,,Sergipe,Ceará,1,4
1F,1973-11-28,,Goiás,CEUB,3,0
1F,1973-11-28,,Bahia,Rio Negro-AM,1,0
1F,1973-11-28,,Moto Club,Desportiva Ferroviária,1,1
1F,1973-11-28,,Remo,Sport,4,1
1F,1973-11-28,,Santa Cruz,Comercial-MS,5,1
1F,1973-11-28,,Vasco,Cruzeiro,3,1
1F,1973-11-28,,Coritiba,Portuguesa,2,0
1F,1973-11-28,,América Mineiro,America-RJ,1,1
1F,1973-11-28,,Figueirense,Botafogo,0,0
1F,1973-11-28,,Guarani,Palmeiras,2,0
1F,1973-11-28,,São Paulo,Grêmio,0,0
1F,1973-11-28,,Internacional,Santos,0,2
1F,1973-11-29,,Paysandu,Náutico,0,0
1F,1973-11-29,,Atlético Paranaense,Corinthians,2,2
1F,1973-11-29,,Atlético Mineiro,Flamengo,2,1
1F,1973-11-29,,Fluminense,Olaria,1,2
1F,1973-12-01,,CEUB,Paysandu,3,1
1F,1973-12-01,,Rio Negro-AM,CRB,1,1
1F,1973-12-01,,Botafogo,America-RJ,2,1
1F,1973-12-01,,Coritiba,Guarani,1,0
1F,1973-12-01,,Santos,Portuguesa,0,0
1F,1973-12-02,,América-RN,Vitória,0,1
1F,1973-12-02,,Fortaleza,Bahia,2,1
1F,1973-12-02,,Sergipe,Tiradentes-PI,0,2
1F,1973-12-02,,Desportiva Ferroviária,Comercial-MS,0,3
1F,1973-12-02,,Goiás,Sport,0,0
1F,1973-12-02,,Santa Cruz,Náutico,2,1
1F,1973-12-02,,Remo,Moto Club,5,0
1F,1973-12-02,,Nacional-AM,Ceará,3,1
1F,1973-12-02,,Atlético Mineiro,Olaria,1,1
1F,1973-12-02,,Fluminense,Flamengo,2,1
1F,1973-12-02,,Internacional,Atlético Paranaense,0,0
1F,1973-12-02,,América Mineiro,Cruzeiro,2,2
1F,1973-12-02,,Figueirense,Vasco,0,0
1F,1973-12-02,,Corinthians,São Paulo,0,0
1F,1973-12-02,,Grêmio,Palmeiras,1,0
1F,1973-12-05,,Vitória,Nacional-AM,2,0
1F,1973-12-05,,Desportiva Ferroviária,Náutico,2,0
1F,1973-12-07,,America-RJ,Olaria,0,2
1F,1973-12-08,,América-RN,Rio Negro-AM,1,0
1F,1973-12-08,,Fortaleza,Nacional-AM,4,1
1F,1973-12-08,,Bahia,Sergipe,3,0
1F,1973-12-08,,Paysandu,Santa Cruz,2,0
1F,1973-12-08,,Náutico,Remo,0,0
1F,1973-12-08,,Comercial-MS,Goiás,1,1
1F,1973-12-08,,CEUB,Moto Club,1,0
1F,1973-12-08,,Desportiva Ferroviária,Sport,1,1
1F,1973-12-08,,Ceará,CRB,3,0
1F,1973-12-08,,Atlético Paranaense,São Paulo,0,0
1F,1973-12-08,,Atlético Mineiro,América Mineiro,1,2
1F,1973-12-08,,Vitória,Tiradentes-PI,0,0
1F,1973-12-08,,Flamengo,Botafogo,1,0
1F,1973-12-08,,Vasco,Fluminense,1,0
1F,1973-12-08,,Corinthians,Portuguesa,1,2
1F,1973-12-08,,Figueirense,Cruzeiro,0,3
1F,1973-12-08,,Grêmio,Coritiba,1,0
1F,1973-12-08,,Palmeiras,Santos,1,1
1F,1973-12-08,,Internacional,Guarani,1,1
1F,1973-12-12,,Rio Negro-AM,Fortaleza,0,0
1F,1973-12-12,,Tiradentes-PI,Nacional-AM,1,0
1F,1973-12-12,,Ceará,América-RN,1,0
1F,1973-12-12,,Moto Club,Goiás,0,2
1F,1973-12-12,,Sergipe,Vitória,0,1
1F,1973-12-12,,Remo,Desportiva Ferroviária,2,1
1F,1973-12-12,,Sport,Paysandu,0,0
1F,1973-12-12,,CEUB,Santa Cruz,2,2
1F,1973-12-12,,América Mineiro,Figueirense,4,0
1F,1973-12-12,,Flamengo,Olaria,2,1
1F,1973-12-12,,CRB,Bahia,3,2
1F,1973-12-12,,Coritiba,Corinthians,2,1
1F,1973-12-12,,Vasco,America-RJ,2,1
1F,1973-12-12,,Internacional,Portuguesa,1,0
1F,1973-12-12,,Guarani,São Paulo,0,0
1F,1973-12-12,,Santos,Grêmio,4,0
1F,1973-12-13,,Atlético Paranaense,Palmeiras,0,2
1F,1973-12-13,,Náutico,Comercial-MS,1,0
1F,1973-12-13,,Cruzeiro,Botafogo,2,1
1F,1973-12-13,,Fluminense,Atlético Mineiro,0,1
1F,1973-12-15,,Sport,Moto Club,2,1
1F,1973-12-15,,Corinthians,Internacional,2,2
1F,1973-12-15,,CEUB,Remo,0,0
1F,1973-12-15,,América Mineiro,Olaria,2,1
1F,1973-12-15,,Flamengo,America-RJ,3,2
1F,1973-12-16,,CRB,Nacional-AM,3,1
1F,1973-12-16,,Rio Negro-AM,Vitória,0,1
1F,1973-12-16,,América-RN,Sergipe,3,0
1F,1973-12-16,,Santa Cruz,Desportiva Ferroviária,1,0
1F,1973-12-16,,Comercial-MS,Paysandu,4,1
1F,1973-12-16,,Goiás,Náutico,2,0
1F,1973-12-16,,Fortaleza,Tiradentes-PI,3,0
1F,1973-12-16,,Bahia,Ceará,1,1
1F,1973-12-16,,Cruzeiro,Fluminense,1,1
1F,1973-12-16,,Vasco,Botafogo,1,0
1F,1973-12-16,,Figueirense,Atlético Mineiro,1,3
1F,1973-12-16,,Guarani,Atlético Paranaense,2,1
1F,1973-12-16,,Coritiba,Palmeiras,0,1
1F,1973-12-16,,Grêmio,Portuguesa,1,0
1F,1973-12-17,,Santos,São Paulo,1,0
Grp.1,1974-01-12,,Corinthians,Bahia,2,2
Grp.2,1974-01-12,,Cruzeiro,Fortaleza,1,0
Grp.2,1974-01-13,,Vitória,Botafogo,1,2
Grp.2,1974-01-13,,Goiás,São Paulo,2,2
Grp.2,1974-01-13,,Santa Cruz,Santos,1,1
Grp.2,1974-01-13,,Grêmio,Guarani,0,1
Grp.1,1974-01-13,,Vasco,América Mineiro,1,2
Grp.1,1974-01-13,,Ceará,Tiradentes-PI,0,2
Grp.1,1974-01-13,,Palmeiras,Coritiba,0,0
Grp.1,1974-01-13,,Atlético Mineiro,Internacional,0,0
Grp.2,1974-01-16,,Guarani,Vitória,1,1
Grp.1,1974-01-16,,Tiradentes-PI,Atlético Mineiro,0,0
Grp.2,1974-01-16,,Botafogo,Santa Cruz,4,1
Grp.2,1974-01-16,,Goiás,Cruzeiro,0,1
Grp.2,1974-01-16,,Fortaleza,Grêmio,0,1
Grp.1,1974-01-16,,América Mineiro,Ceará,4,1
Grp.1,1974-01-16,,Bahia,Palmeiras,0,0
Grp.1,1974-01-16,,Corinthians,Coritiba,1,0
Grp.1,1974-01-17,,Vasco,Internacional,1,2
Grp.2,1974-01-17,,Santos,São Paulo,1,2
Grp.1,1974-01-19,,Bahia,Ceará,2,1
Grp.2,1974-01-19,,Cruzeiro,Santa Cruz,0,0
Grp.1,1974-01-20,,Tiradentes-PI,América Mineiro,0,2
Grp.2,1974-01-20,,Botafogo,Santos,0,3
Grp.1,1974-01-20,,Atlético Mineiro,Corinthians,2,0
Grp.2,1974-01-20,,Guarani,Goiás,1,1
Grp.2,1974-01-20,,Vitória,Fortaleza,2,1
Grp.2,1974-01-20,,São Paulo,Grêmio,1,0
Grp.1,1974-01-20,,Coritiba,Vasco,0,0
Grp.1,1974-01-20,,Internacional,Palmeiras,0,0
Grp.1,1974-01-23,,Internacional,Tiradentes-PI,2,1
Grp.1,1974-01-23,,Coritiba,Ceará,4,2
Grp.2,1974-01-23,,São Paulo,Guarani,3,0
Grp.2,1974-01-23,,Grêmio,Goiás,1,0
Grp.2,1974-01-23,,Cruzeiro,Botafogo,1,1
Grp.2,1974-01-23,,Fortaleza,Santos,1,5
Grp.1,1974-01-23,,Bahia,Atlético Mineiro,0,0
Grp.1,1974-01-23,,Palmeiras,América Mineiro,3,1
Grp.1,1974-01-24,,Corinthians,Vasco,1,1
Grp.2,1974-01-24,,Vitória,Santa Cruz,2,1
Grp.2,1974-01-26,,Santa Cruz,São Paulo,0,2
Grp.1,1974-01-26,,Ceará,Internacional,1,1
Grp.1,1974-01-26,,Vasco,Tiradentes-PI,2,0
Grp.2,1974-01-26,,Cruzeiro,Vitória,6,1
Grp.1,1974-01-26,,Coritiba,Bahia,1,1
Grp.2,1974-01-26,,Grêmio,Santos,1,0
Grp.2,1974-01-26,,Goiás,Botafogo,2,0
Grp.2,1974-01-26,,Fortaleza,Guarani,1,2
Grp.1,1974-01-26,,América Mineiro,Atlético Mineiro,1,2
Grp.1,1974-01-26,,Palmeiras,Corinthians,0,0
Grp.2,1974-01-30,,Santa Cruz,Goiás,1,0
Grp.1,1974-01-30,,Vasco,Atlético Mineiro,1,1
Grp.2,1974-01-30,,Grêmio,Cruzeiro,1,1
Grp.1,1974-01-30,,Coritiba,Internacional,1,0
Grp.1,1974-01-30,,Palmeiras,Ceará,3,0
Grp.1,1974-01-30,,Tiradentes-PI,Bahia,0,0
Grp.1,1974-01-30,,América Mineiro,Corinthians,1,0
Grp.2,1974-01-31,,São Paulo,Fortaleza,1,0
Grp.2,1974-01-31,,Santos,Vitória,1,0
Grp.2,1974-01-31,,Botafogo,Guarani,2,1
Grp.1,1974-02-02,,Atlético Mineiro,Coritiba,2,1
Grp.2,1974-02-02,,Fortaleza,Santa Cruz,2,3
Grp.2,1974-02-03,,Botafogo,Grêmio,3,0
Grp.1,1974-02-03,,Internacional,América Mineiro,1,0
Grp.2,1974-02-03,,Cruzeiro,São Paulo,1,0
Grp.2,1974-02-03,,Santos,Guarani,2,0
Grp.2,1974-02-03,,Goiás,Vitória,1,2
Grp.1,1974-02-03,,Bahia,Vasco,1,2
Grp.1,1974-02-03,,Ceará,Corinthians,0,1
Grp.1,1974-02-03,,Tiradentes-PI,Palmeiras,0,5
Grp.2,1974-02-06,,Vitória,São Paulo,0,2
Grp.2,1974-02-06,,Botafogo,Fortaleza,6,1
Grp.2,1974-02-06,,Santa Cruz,Grêmio,0,1
Grp.2,1974-02-06,,Santos,Goiás,4,4
Grp.1,1974-02-06,,Corinthians,Tiradentes-PI,3,0
Grp.1,1974-02-06,,Internacional,Bahia,2,1
Grp.1,1974-02-06,,Ceará,Vasco,0,2
Grp.1,1974-02-06,,América Mineiro,Coritiba,0,1
Grp.1,1974-02-07,,Palmeiras,Atlético Mineiro,3,0
Grp.2,1974-02-07,,Guarani,Cruzeiro,1,2
Grp.2,1974-02-09,,São Paulo,Botafogo,0,0
Grp.2,1974-02-09,,Grêmio,Vitória,1,0
Grp.2,1974-02-10,,Fortaleza,Goiás,0,0
Grp.1,1974-02-10,,Atlético Mineiro,Ceará,2,0
Grp.2,1974-02-10,,Santa Cruz,Guarani,2,1
Grp.1,1974-02-10,,Bahia,América Mineiro,2,2
Grp.2,1974-02-10,,Santos,Cruzeiro,0,0
Grp.1,1974-02-10,,Coritiba,Tiradentes-PI,0,0
Grp.1,1974-02-10,,Vasco,Palmeiras,0,1
Grp.1,1974-02-10,,Internacional,Corinthians,0,0
Grp.A,1974-02-13,,Cruzeiro,Palmeiras,0,1
Grp.A,1974-02-13,,São Paulo,Internacional,4,1
Grp.A,1974-02-17,,Cruzeiro,São Paulo,1,0
Grp.A,1974-02-17,,Palmeiras,Internacional,2,1
Grp.A,1974-02-20,,Palmeiras,São Paulo,0,0
Grp.A,1974-02-20,,Internacional,Cruzeiro,1,0
Grp.B,1974-03-09,,Palmeiras,Santa Cruz,4,3
Grp.A,1974-03-09,,Bahia,Paysandu,2,1
Grp.B,1974-03-09,,Ceará,Rio Negro-AM,1,1
Grp.A,1974-03-09,,Vasco,Coritiba,2,0
Grp.B,1974-03-10,,Náutico,Atlético Mineiro,2,0
Grp.B,1974-03-10,,Cruzeiro,Guarani,0,0
Grp.B,1974-03-10,,Santos,Portuguesa,1,2
Grp.B,1974-03-10,,Nacional-AM,São Paulo,0,1
Grp.B,1974-03-10,,Operário-MS,CSA,3,2
Grp.B,1974-03-10,,Goiás,Sport,1,0
Grp.B,1974-03-10,,Fortaleza,América Mineiro,2,0
Grp.B,1974-03-10,,CEUB,Corinthians,1,2
Grp.A,1974-03-10,,Desportiva Ferroviária,Itabaiana,1,0
Grp.A,1974-03-10,,Fluminense,America-RJ,1,1
Grp.A,1974-03-10,,América-RN,Avaí,1,1
Grp.A,1974-03-10,,Atlético Paranaense,Internacional,1,0
Grp.A,1974-03-10,,Grêmio,Olaria,1,0
Grp.A,1974-03-10,,Remo,Botafogo,2,2
Grp.A,1974-03-10,,Sampaio Corrêa,Flamengo,1,2
Grp.A,1974-03-10,,Vitória,Tiradentes-PI,1,2
Grp.B,1974-03-13,,Cruzeiro,Náutico,1,0
Grp.B,1974-03-13,,Sport,Atlético Mineiro,1,0
Grp.B,1974-03-13,,Rio Negro-AM,São Paulo,2,4
Grp.B,1974-03-13,,Goiás,Corinthians,0,0
Grp.A,1974-03-13,,Grêmio,Atlético Paranaense,2,0
Grp.A,1974-03-13,,Avaí,Internacional,1,2
Grp.A,1974-03-13,,Fluminense,Itabaiana,2,1
Grp.B,1974-03-13,,Operário-MS,Palmeiras,1,0
Grp.A,1974-03-13,,Tiradentes-PI,America-RJ,0,1
Grp.A,1974-03-13,,Sampaio Corrêa,Bahia,2,2
Grp.A,1974-03-13,,América-RN,Flamengo,0,2
Grp.A,1974-03-13,,Vitória,Olaria,0,0
Grp.B,1974-03-13,,CEUB,Fortaleza,1,0
Grp.A,1974-03-13,,Paysandu,Botafogo,3,1
Grp.A,1974-03-13,,Desportiva Ferroviária,Vasco,0,0
Grp.B,1974-03-14,,Nacional-AM,Santa Cruz,1,1
Grp.A,1974-03-14,,Remo,Coritiba,2,3
Grp.A,1974-03-16,,Vitória,Atlético Paranaense,2,2
Grp.A,1974-03-16,,Coritiba,Grêmio,0,2
Grp.B,1974-03-16,,São Paulo,Guarani,1,1
Grp.A,1974-03-16,,Botafogo,Olaria,0,0
Grp.B,1974-03-16,,Atlético Mineiro,Rio Negro-AM,0,0
Grp.A,1974-03-17,,Flamengo,Vasco,1,1
Grp.A,1974-03-17,,Internacional,Paysandu,5,1
Grp.B,1974-03-17,,Santa Cruz,Cruzeiro,1,3
Grp.B,1974-03-17,,América Mineiro,Santos,0,2
Grp.B,1974-03-17,,CEUB,Portuguesa,0,0
Grp.B,1974-03-17,,Goiás,CSA,4,0
Grp.B,1974-03-17,,Operário-MS,Sport,1,1
Grp.B,1974-03-17,,Nacional-AM,Ceará,1,1
Grp.B,1974-03-17,,Fortaleza,Náutico,2,1
Grp.A,1974-03-17,,Tiradentes-PI,Fluminense,0,0
Grp.A,1974-03-17,,Sampaio Corrêa,America-RJ,1,0
Grp.A,1974-03-17,,Desportiva Ferroviária,Avaí,1,0
Grp.A,1974-03-17,,América-RN,Itabaiana,2,0
Grp.A,1974-03-17,,Bahia,Remo,1,1
Grp.B,1974-03-17,,Corinthians,Palmeiras,0,0
Grp.A,1974-03-20,,Sampaio Corrêa,Fluminense,3,1
Grp.A,1974-03-20,,Itabaiana,Internacional,1,2
Grp.A,1974-03-20,,Remo,Vasco,1,2
Grp.A,1974-03-20,,Bahia,Olaria,1,0
Grp.A,1974-03-20,,Coritiba,América-RN,0,1
Grp.A,1974-03-20,,Avaí,Grêmio,0,1
Grp.B,1974-03-20,,São Paulo,Náutico,1,1
Grp.B,1974-03-20,,Sport,Cruzeiro,0,0
Grp.B,1974-03-20,,Portuguesa,Fortaleza,2,1
Grp.B,1974-03-20,,Santa Cruz,Goiás,2,1
Grp.B,1974-03-20,,CSA,Atlético Mineiro,0,5
Grp.B,1974-03-20,,CEUB,Santos,1,3
Grp.B,1974-03-20,,Ceará,Guarani,0,1
Grp.B,1974-03-20,,América Mineiro,Rio Negro-AM,2,0
Grp.A,1974-03-20,,Botafogo,Atlético Paranaense,3,1
Grp.A,1974-03-20,,America-RJ,Vitória,1,2
Grp.A,1974-03-23,,Flamengo,Tiradentes-PI,4,0
Grp.A,1974-03-23,,Itabaiana,Remo,1,0
Grp.A,1974-03-23,,Atlético Paranaense,Desportiva Ferroviária,1,0
Grp.B,1974-03-23,,Corinthians,América Mineiro,3,1
Grp.B,1974-03-23,,Guarani,Santos,2,2
Grp.A,1974-03-23,,América-RN,America-RJ,1,3
Grp.A,1974-03-23,,Sampaio Corrêa,Avaí,1,0
Grp.A,1974-03-23,,Grêmio,Internacional,1,2
Grp.A,1974-03-23,,Fluminense,Olaria,2,3
Grp.A,1974-03-23,,Coritiba,Botafogo,3,2
Grp.A,1974-03-23,,Bahia,Vitória,1,1
Grp.A,1974-03-23,,Paysandu,Vasco,0,0
Grp.B,1974-03-23,,Cruzeiro,Atlético Mineiro,1,2
Grp.B,1974-03-23,,Náutico,Operário-MS,2,0
Grp.B,1974-03-23,,CSA,Nacional-AM,1,2
Grp.B,1974-03-23,,Goiás,Portuguesa,0,0
Grp.B,1974-03-23,,Santa Cruz,São Paulo,0,0
Grp.B,1974-03-23,,Rio Negro-AM,Palmeiras,0,4
Grp.B,1974-03-23,,Ceará,Fortaleza,1,1
Grp.B,1974-03-23,,CEUB,Sport,1,0
Grp.B,1974-03-27,,Portuguesa,Operário-MS,3,0
Grp.B,1974-03-27,,América Mineiro,Ceará,2,1
Grp.A,1974-03-27,,Tiradentes-PI,América-RN,3,0
Grp.A,1974-03-27,,America-RJ,Desportiva Ferroviária,2,0
Grp.B,1974-03-27,,Santa Cruz,CSA,3,0
Grp.B,1974-03-27,,Nacional-AM,Palmeiras,2,1
Grp.A,1974-03-30,,Itabaiana,America-RJ,1,3
Grp.B,1974-03-30,,CSA,Portuguesa,0,0
Grp.A,1974-03-30,,Internacional,Tiradentes-PI,2,0
Grp.A,1974-03-30,,Sampaio Corrêa,Coritiba,0,2
Grp.A,1974-03-30,,Paysandu,Grêmio,1,1
Grp.A,1974-03-30,,Avaí,Remo,3,0
Grp.A,1974-03-30,,Atlético Paranaense,Fluminense,3,0
Grp.B,1974-03-30,,Atlético Mineiro,América Mineiro,1,1
Grp.B,1974-03-30,,Guarani,Goiás,3,0
Grp.A,1974-03-30,,Bahia,Flamengo,0,2
Grp.A,1974-03-30,,Vasco,Botafogo,0,0
Grp.B,1974-03-30,,CEUB,Santa Cruz,1,1
Grp.B,1974-03-30,,Náutico,Santos,1,1
Grp.A,1974-03-30,,Desportiva Ferroviária,Vitória,1,1
Grp.B,1974-03-30,,Ceará,Corinthians,0,1
Grp.B,1974-03-30,,Operário-MS,Fortaleza,1,0
Grp.B,1974-03-31,,Rio Negro-AM,Cruzeiro,0,0
Grp.A,1974-04-03,,Vasco,Bahia,0,0
Grp.B,1974-04-03,,Náutico,Nacional-AM,0,0
Grp.B,1974-04-03,,Fortaleza,Guarani,3,0
Grp.B,1974-04-03,,Santa Cruz,América Mineiro,2,3
Grp.B,1974-04-03,,São Paulo,Ceará,2,0
Grp.B,1974-04-06,,CEUB,Atlético Mineiro,2,4
Grp.A,1974-04-06,,Coritiba,Tiradentes-PI,3,2
Grp.A,1974-04-06,,Grêmio,Remo,1,0
Grp.B,1974-04-06,,Rio Negro-AM,Náutico,2,1
Grp.A,1974-04-06,,Avaí,Fluminense,2,2
Grp.A,1974-04-06,,Vitória,América-RN,1,1
Grp.A,1974-04-06,,Sampaio Corrêa,Internacional,1,1
Grp.A,1974-04-06,,Paysandu,Atlético Paranaense,1,1
Grp.B,1974-04-06,,CSA,Guarani,0,1
Grp.A,1974-04-06,,Flamengo,America-RJ,2,1
Grp.B,1974-04-06,,Corinthians,Portuguesa,2,2
Grp.B,1974-04-06,,Operário-MS,São Paulo,0,2
Grp.B,1974-04-06,,Sport,Santos,1,1
Grp.B,1974-04-06,,Fortaleza,Goiás,2,1
Grp.A,1974-04-06,,Desportiva Ferroviária,Botafogo,2,3
Grp.B,1974-04-06,,Cruzeiro,Nacional-AM,3,0
Grp.B,1974-04-10,,Cruzeiro,Portuguesa,1,1
Grp.B,1974-04-10,,São Paulo,Sport,2,1
Grp.A,1974-04-10,,Olaria,América-RN,1,2
Grp.B,1974-04-10,,Ceará,CEUB,2,1
Grp.B,1974-04-13,,Santos,Cruzeiro,1,0
Grp.B,1974-04-13,,Guarani,Nacional-AM,2,1
Grp.A,1974-04-13,,Avaí,Atlético Paranaense,1,0
Grp.A,1974-04-13,,Remo,Olaria,2,2
Grp.B,1974-04-13,,Atlético Mineiro,Corinthians,2,1
Grp.A,1974-04-13,,Itabaiana,Botafogo,2,1
Grp.A,1974-04-13,,Desportiva Ferroviária,Paysandu,0,0
Grp.B,1974-04-13,,Operário-MS,Rio Negro-AM,1,1
Grp.A,1974-04-13,,Internacional,Flamengo,1,1
Grp.A,1974-04-13,,Vitória,Vasco,0,0
Grp.A,1974-04-13,,Fluminense,Grêmio,0,1
Grp.A,1974-04-13,,Coritiba,America-RJ,0,1
Grp.B,1974-04-13,,Fortaleza,Palmeiras,2,1
Grp.B,1974-04-13,,Santa Cruz,Portuguesa,0,0
Grp.B,1974-04-13,,CSA,CEUB,1,0
Grp.A,1974-04-14,,Tiradentes-PI,Bahia,3,0
Grp.B,1974-04-16,,Portuguesa,América Mineiro,0,0
Grp.A,1974-04-16,,Botafogo,Avaí,5,1
Grp.B,1974-04-16,,Sport,Náutico,1,0
Grp.B,1974-04-17,,Nacional-AM,CEUB,0,2
Grp.A,1974-04-20,,Internacional,Desportiva Ferroviária,3,0
Grp.B,1974-04-20,,Palmeiras,Santos,0,4
Grp.B,1974-04-20,,Atlético Mineiro,Operário-MS,1,0
Grp.A,1974-04-20,,Paysandu,Olaria,2,0
Grp.A,1974-04-20,,Sampaio Corrêa,Vitória,0,3
Grp.B,1974-04-20,,Goiás,Cruzeiro,0,1
Grp.B,1974-04-20,,Ceará,Santa Cruz,1,0
Grp.A,1974-04-20,,América-RN,Grêmio,0,2
Grp.A,1974-04-20,,Tiradentes-PI,Remo,0,0
Grp.B,1974-04-20,,Náutico,Corinthians,2,0
Grp.B,1974-04-21,,Rio Negro-AM,Guarani,1,0
Grp.B,1974-04-21,,CSA,São Paulo,0,0
Grp.A,1974-04-21,,Bahia,Coritiba,1,1
Grp.A,1974-04-21,,Avaí,America-RJ,0,2
Grp.A,1974-04-21,,Vasco,Fluminense,1,2
Grp.A,1974-04-21,,Atlético Paranaense,Flamengo,1,2
Grp.B,1974-04-23,,Corinthians,Operário-MS,1,0
Grp.B,1974-04-24,,América Mineiro,Nacional-AM,0,1
Grp.B,1974-04-24,,Rio Negro-AM,Fortaleza,1,0
Grp.B,1974-04-24,,Sport,Portuguesa,1,1
Grp.A,1974-04-24,,Flamengo,Desportiva Ferroviária,4,0
Grp.A,1974-04-24,,Paysandu,Vitória,1,2
Grp.B,1974-04-27,,São Paulo,Portuguesa,0,0
Grp.A,1974-04-27,,Desportiva Ferroviária,Tiradentes-PI,1,0
Grp.B,1974-04-27,,Guarani,Santa Cruz,1,0
Grp.B,1974-04-27,,Cruzeiro,CEUB,1,0
Grp.A,1974-04-27,,Itabaiana,Atlético Paranaense,1,0
Grp.B,1974-04-27,,Sport,Corinthians,1,4
Grp.A,1974-04-27,,Grêmio,Sampaio Corrêa,2,0
Grp.A,1974-04-27,,Botafogo,America-RJ,1,1
Grp.B,1974-04-27,,Ceará,Atlético Mineiro,1,2
Grp.A,1974-04-27,,Coritiba,Olaria,1,1
Grp.A,1974-04-27,,Avaí,Flamengo,0,1
Grp.A,1974-04-27,,Remo,Fluminense,1,1
Grp.A,1974-04-27,,Bahia,Internacional,0,0
Grp.A,1974-04-27,,América-RN,Vasco,2,3
Grp.B,1974-04-27,,Operário-MS,América Mineiro,1,0
Grp.B,1974-04-27,,CSA,Náutico,0,1
Grp.B,1974-04-28,,Nacional-AM,Santos,0,1
Grp.B,1974-05-02,,Santos,Rio Negro-AM,3,0
Grp.A,1974-05-02,,Fluminense,Paysandu,2,0
Grp.B,1974-05-04,,Corinthians,Guarani,1,1
Grp.B,1974-05-04,,América Mineiro,São Paulo,0,0
Grp.B,1974-05-04,,Náutico,Ceará,2,1
Grp.B,1974-05-04,,CSA,Palmeiras,0,2
Grp.B,1974-05-04,,Nacional-AM,Atlético Mineiro,0,2
Grp.B,1974-05-04,,Operário-MS,Santa Cruz,3,0
Grp.B,1974-05-04,,CEUB,Goiás,0,0
Grp.B,1974-05-04,,Fortaleza,Sport,3,3
Grp.A,1974-05-04,,Vitória,Avaí,3,0
Grp.A,1974-05-04,,Remo,Internacional,1,0
Grp.A,1974-05-04,,Atlético Paranaense,Bahia,1,0
Grp.A,1974-05-04,,Grêmio,America-RJ,2,1
Grp.A,1974-05-04,,Flamengo,Olaria,0,0
Grp.A,1974-05-04,,Tiradentes-PI,Botafogo,2,1
Grp.A,1974-05-04,,Sampaio Corrêa,América-RN,0,0
Grp.A,1974-05-04,,Itabaiana,Vasco,0,3
Grp.A,1974-05-04,,Desportiva Ferroviária,Coritiba,0,1
Grp.B,1974-05-08,,Operário-MS,CEUB,0,0
Grp.B,1974-05-08,,América Mineiro,Goiás,0,1
Grp.B,1974-05-08,,Sport,Nacional-AM,0,2
Grp.A,1974-05-08,,Vasco,Olaria,1,1
Grp.B,1974-05-08,,Palmeiras,Guarani,0,0
Grp.A,1974-05-08,,Tiradentes-PI,Paysandu,0,0
Grp.A,1974-05-08,,Coritiba,Itabaiana,3,0
Grp.A,1974-05-08,,Desportiva Ferroviária,Sampaio Corrêa,2,1
Grp.B,1974-05-11,,Corinthians,Cruzeiro,0,1
Grp.B,1974-05-11,,Sport,América Mineiro,2,2
Grp.B,1974-05-11,,Goiás,Santos,3,2
Grp.A,1974-05-11,,Sampaio Corrêa,Botafogo,1,1
Grp.B,1974-05-11,,Ceará,Portuguesa,2,1
Grp.A,1974-05-11,,Avaí,Tiradentes-PI,0,0
Grp.A,1974-05-11,,Flamengo,Grêmio,1,0
Grp.A,1974-05-11,,Internacional,Vitória,1,1
Grp.A,1974-05-11,,Atlético Paranaense,Remo,2,0
Grp.A,1974-05-11,,Bahia,America-RJ,1,0
Grp.A,1974-05-11,,Paysandu,Coritiba,1,0
Grp.A,1974-05-11,,América-RN,Fluminense,1,0
Grp.B,1974-05-12,,Rio Negro-AM,Santa Cruz,2,0
Grp.B,1974-05-12,,Atlético Mineiro,Fortaleza,0,1
Grp.B,1974-05-15,,Fortaleza,Santos,0,2
Grp.B,1974-05-15,,Náutico,Guarani,1,1
Grp.B,1974-05-15,,Rio Negro-AM,Corinthians,1,1
Grp.B,1974-05-15,,CSA,Cruzeiro,0,1
Grp.B,1974-05-15,,São Paulo,Atlético Mineiro,1,2
Grp.B,1974-05-15,,Goiás,Ceará,3,1
Grp.A,1974-05-15,,Itabaiana,Grêmio,0,1
Grp.A,1974-05-15,,Atlético Paranaense,Olaria,4,0
Grp.A,1974-05-15,,Botafogo,Internacional,2,3
Grp.A,1974-05-15,,Vitória,Fluminense,0,0
Grp.A,1974-05-15,,Paysandu,Flamengo,0,0
Grp.A,1974-05-15,,Tiradentes-PI,Vasco,0,1
Grp.A,1974-05-15,,América-RN,Bahia,0,1
Grp.A,1974-05-16,,Remo,Sampaio Corrêa,2,0
Grp.B,1974-05-16,,Palmeiras,América Mineiro,1,0
Grp.A,1974-05-18,,America-RJ,Internacional,3,0
Grp.A,1974-05-18,,Grêmio,Tiradentes-PI,4,0
Grp.B,1974-05-18,,Náutico,Santa Cruz,0,0
Grp.B,1974-05-18,,Cruzeiro,América Mineiro,2,2
Grp.B,1974-05-18,,Guarani,Sport,1,1
Grp.B,1974-05-18,,Nacional-AM,Rio Negro-AM,1,1
Grp.B,1974-05-18,,CEUB,Palmeiras,1,1
Grp.B,1974-05-18,,CSA,Ceará,1,3
Grp.B,1974-05-18,,Goiás,Operário-MS,0,0
Grp.B,1974-05-18,,Corinthians,Santos,1,1
Grp.B,1974-05-18,,Portuguesa,Atlético Mineiro,2,2
Grp.A,1974-05-18,,Vitória,Botafogo,3,1
Grp.A,1974-05-18,,Avaí,Olaria,0,2
Grp.A,1974-05-18,,Coritiba,Atlético Paranaense,0,1
Grp.A,1974-05-18,,Remo,Paysandu,0,0
Grp.A,1974-05-18,,Sampaio Corrêa,Vasco,2,0
Grp.A,1974-05-18,,Itabaiana,Bahia,0,1
Grp.A,1974-05-18,,América-RN,Desportiva Ferroviária,0,0
Grp.A,1974-05-18,,Flamengo,Fluminense,0,0
Grp.B,1974-05-18,,Fortaleza,São Paulo,1,1
Grp.B,1974-05-22,,Guarani,CEUB,2,0
Grp.B,1974-05-22,,Sport,Rio Negro-AM,1,1
Grp.B,1974-05-22,,Santos,CSA,1,0
Grp.B,1974-05-22,,Goiás,Palmeiras,1,1
Grp.A,1974-05-22,,Olaria,Sampaio Corrêa,2,0
Grp.A,1974-05-22,,Vitória,Itabaiana,2,0
Grp.A,1974-05-22,,América-RN,Atlético Paranaense,0,1
Grp.A,1974-05-25,,Tiradentes-PI,Atlético Paranaense,2,2
Grp.A,1974-05-25,,Itabaiana,Sampaio Corrêa,2,1
Grp.A,1974-05-25,,Bahia,Fluminense,1,0
Grp.A,1974-05-25,,América-RN,Botafogo,1,0
Grp.A,1974-05-25,,Coritiba,Flamengo,2,1
Grp.A,1974-05-25,,Desportiva Ferroviária,Grêmio,0,5
Grp.A,1974-05-25,,Internacional,Olaria,2,0
Grp.A,1974-05-25,,Avaí,Paysandu,1,2
Grp.A,1974-05-25,,Remo,Vitória,3,1
Grp.B,1974-05-25,,Santa Cruz,Corinthians,0,0
Grp.B,1974-05-25,,Operário-MS,Cruzeiro,0,0
Grp.B,1974-05-25,,Atlético Mineiro,Guarani,0,1
Grp.B,1974-05-25,,Ceará,Santos,1,1
Grp.B,1974-05-25,,Palmeiras,Portuguesa,2,2
Grp.B,1974-05-26,,Goiás,São Paulo,0,3
Grp.A,1974-05-26,,Vasco,America-RJ,0,1
Grp.B,1974-05-26,,Nacional-AM,Fortaleza,2,0
Grp.B,1974-05-29,,Goiás,Rio Negro-AM,2,0
Grp.B,1974-05-29,,Sport,Palmeiras,1,1
Grp.B,1974-05-29,,América Mineiro,Náutico,0,3
Grp.B,1974-05-29,,Fortaleza,CSA,1,0
Grp.A,1974-05-29,,América-RN,Paysandu,0,0
Grp.B,1974-05-29,,CEUB,São Paulo,1,1
Grp.A,1974-05-29,,Vasco,Avaí,1,0
Grp.A,1974-05-30,,Olaria,Itabaiana,4,0
Grp.B,1974-06-01,,Corinthians,Nacional-AM,5,0
Grp.A,1974-06-01,,Flamengo,Remo,3,0
Grp.A,1974-06-02,,Sampaio Corrêa,Atlético Paranaense,0,1
Grp.A,1974-06-02,,Tiradentes-PI,Olaria,2,0
Grp.A,1974-06-02,,Bahia,Desportiva Ferroviária,1,1
Grp.A,1974-06-02,,Grêmio,Vasco,1,0
Grp.A,1974-06-02,,Coritiba,Internacional,1,1
Grp.A,1974-06-02,,Itabaiana,Avaí,2,0
Grp.A,1974-06-02,,Paysandu,America-RJ,0,1
Grp.B,1974-06-02,,Santos,São Paulo,1,1
Grp.B,1974-06-02,,CEUB,Náutico,0,2
Grp.B,1974-06-02,,CSA,Sport,0,1
Grp.B,1974-06-02,,Rio Negro-AM,Portuguesa,0,1
Grp.B,1974-06-02,,Ceará,Operário-MS,0,0
Grp.B,1974-06-02,,Cruzeiro,Palmeiras,0,0
Grp.B,1974-06-02,,Santa Cruz,Atlético Mineiro,3,3
Grp.B,1974-06-02,,Guarani,América Mineiro,3,3
Grp.A,1974-06-02,,Botafogo,Fluminense,1,0
Grp.B,1974-06-05,,Palmeiras,Ceará,1,1
Grp.A,1974-06-05,,Desportiva Ferroviária,Fluminense,1,1
Grp.B,1974-06-05,,Atlético Mineiro,Goiás,3,1
Grp.B,1974-06-05,,Fortaleza,Cruzeiro,0,2
Grp.B,1974-06-05,,Nacional-AM,Portuguesa,0,1
Grp.A,1974-06-05,,Itabaiana,Flamengo,0,1
Grp.A,1974-06-05,,Remo,America-RJ,2,4
Grp.A,1974-06-05,,Botafogo,Bahia,0,0
Grp.A,1974-06-05,,Internacional,América-RN,3,0
Grp.A,1974-06-05,,Avaí,Coritiba,1,2
Grp.A,1974-06-05,,Vitória,Grêmio,1,0
Grp.B,1974-06-05,,CSA,Corinthians,0,3
Grp.B,1974-06-05,,Santa Cruz,Sport,0,3
Grp.B,1974-06-05,,Operário-MS,Santos,1,0
Grp.B,1974-06-08,,Rio Negro-AM,CSA,3,1
Grp.B,1974-06-08,,CEUB,América Mineiro,0,2
Grp.A,1974-06-08,,Paysandu,Itabaiana,2,0
Grp.B,1974-06-08,,Santa Cruz,Fortaleza,0,0
Grp.A,1974-06-08,,Coritiba,Vitória,1,1
Grp.A,1974-06-08,,America-RJ,Olaria,2,0
Grp.B,1974-06-09,,Náutico,Palmeiras,0,1
Grp.B,1974-06-09,,Atlético Mineiro,Santos,2,1
Grp.B,1974-06-09,,Ceará,Cruzeiro,1,1
Grp.B,1974-06-09,,Nacional-AM,Operário-MS,1,2
Grp.B,1974-06-09,,Guarani,Portuguesa,1,0
Grp.A,1974-06-09,,Bahia,Grêmio,0,1
Grp.B,1974-06-09,,São Paulo,Corinthians,1,1
Grp.A,1974-06-09,,Remo,Desportiva Ferroviária,3,1
Grp.A,1974-06-09,,Botafogo,Flamengo,0,2
Grp.A,1974-06-09,,Tiradentes-PI,Sampaio Corrêa,2,0
Grp.A,1974-06-09,,Atlético Paranaense,Vasco,1,1
Grp.B,1974-06-12,,Santos,Santa Cruz,1,1
Grp.A,1974-06-12,,Fluminense,Coritiba,1,1
Grp.B,1974-06-12,,Sport,Ceará,1,1
Grp.A,1974-06-12,,Paysandu,Sampaio Corrêa,1,0
Grp.B,1974-06-12,,Palmeiras,São Paulo,1,0
Grp.B,1974-06-12,,Goiás,Náutico,0,0
Grp.B,1974-06-12,,Rio Negro-AM,CEUB,1,0
Grp.B,1974-06-13,,América Mineiro,CSA,1,0
Grp.B,1974-06-13,,Nacional-AM,Goiás,0,3
Grp.B,1974-06-13,,Náutico,Portuguesa,3,1
Grp.B,1974-06-13,,Palmeiras,Atlético Mineiro,1,2
Grp.B,1974-06-13,,Cruzeiro,São Paulo,0,1
Grp.A,1974-06-13,,Vasco,Internacional,3,1
Grp.B,1974-06-13,,Fortaleza,Corinthians,2,0
Grp.B,1974-06-13,,Operário-MS,Guarani,1,0
Grp.A,1974-06-13,,Grêmio,Botafogo,2,2
Grp.A,1974-06-13,,Tiradentes-PI,Itabaiana,1,0
Grp.A,1974-06-13,,Desportiva Ferroviária,Olaria,0,1
Grp.A,1974-06-13,,Vitória,Flamengo,1,0
Grp.A,1974-06-13,,Remo,América-RN,2,0
Grp.A,1974-06-13,,Avaí,Bahia,0,2
Grp.A,1974-06-13,,Atlético Paranaense,America-RJ,1,2
Grp.A,1974-06-19,,Internacional,Fluminense,1,1
Grp.2,1974-06-29,,Vasco,Operário-MS,3,0
Grp.1,1974-06-29,,Cruzeiro,Palmeiras,2,1
Grp.1,1974-06-29,,Flamengo,Guarani,3,0
Grp.3,1974-06-29,,Fortaleza,America-RJ,3,0
Grp.1,1974-06-29,,Bahia,Paysandu,1,1
Grp.3,1974-06-29,,Grêmio,Náutico,2,1
Grp.3,1974-06-29,,Santos,Coritiba,2,1
Grp.2,1974-06-30,,Nacional-AM,Vitória,1,0
Grp.4,1974-06-30,,Internacional,Atlético Paranaense,1,1
Grp.2,1974-06-30,,Corinthians,Atlético Mineiro,1,0
Grp.4,1974-06-30,,Goiás,Portuguesa,0,1
Grp.4,1974-06-30,,Fluminense,São Paulo,0,1
Grp.1,1974-07-02,,Guarani,Bahia,3,1
Grp.1,1974-07-02,,Palmeiras,Flamengo,3,1
Grp.2,1974-07-03,,Nacional-AM,Vasco,0,0
Grp.2,1974-07-03,,Vitória,Corinthians,1,0
Grp.1,1974-07-03,,Cruzeiro,Paysandu,4,1
Grp.2,1974-07-03,,Operário-MS,Atlético Mineiro,1,3
Grp.4,1974-07-03,,Atlético Paranaense,Portuguesa,1,1
Grp.4,1974-07-03,,Goiás,São Paulo,1,1
Grp.4,1974-07-03,,Internacional,Fluminense,2,0
Grp.3,1974-07-03,,America-RJ,Santos,0,2
Grp.3,1974-07-03,,Náutico,Coritiba,4,2
Grp.3,1974-07-03,,Fortaleza,Grêmio,1,3
Grp.1,1974-07-06,,Cruzeiro,Guarani,1,0
Grp.4,1974-07-06,,Fluminense,Atlético Paranaense,0,1
Grp.4,1974-07-06,,Internacional,Goiás,1,1
Grp.2,1974-07-06,,Operário-MS,Vitória,0,2
Grp.1,1974-07-06,,Bahia,Flamengo,1,1
Grp.1,1974-07-06,,Paysandu,Palmeiras,1,2
Grp.2,1974-07-06,,Corinthians,Nacional-AM,2,2
Grp.3,1974-07-07,,Grêmio,Santos,0,1
Grp.3,1974-07-07,,Coritiba,America-RJ,2,0
Grp.3,1974-07-07,,Fortaleza,Náutico,0,0
Grp.4,1974-07-07,,São Paulo,Portuguesa,1,1
Grp.1,1974-07-10,,Palmeiras,Guarani,2,1
Grp.3,1974-07-10,,America-RJ,Grêmio,0,1
Grp.2,1974-07-10,,Atlético Mineiro,Vasco,0,2
Grp.2,1974-07-11,,Corinthians,Operário-MS,0,0
Grp.1,1974-07-13,,Palmeiras,Bahia,2,0
Grp.4,1974-07-13,,São Paulo,Atlético Paranaense,0,0
Grp.3,1974-07-13,,Coritiba,Fortaleza,0,0
Grp.1,1974-07-13,,Flamengo,Cruzeiro,1,3
Grp.2,1974-07-14,,Vasco,Corinthians,2,0
Grp.2,1974-07-14,,Nacional-AM,Operário-MS,0,1
Grp.1,1974-07-14,,Paysandu,Guarani,0,1
Grp.2,1974-07-14,,Atlético Mineiro,Vitória,2,2
Grp.4,1974-07-14,,Portuguesa,Internacional,0,1
Grp.4,1974-07-14,,Goiás,Fluminense,1,1
Grp.3,1974-07-15,,Náutico,Santos,0,2
Grp.4,1974-07-17,,Atlético Paranaense,Goiás,2,1
Grp.4,1974-07-17,,São Paulo,Internacional,0,1
Grp.3,1974-07-17,,Grêmio,Coritiba,1,0
Grp.3,1974-07-17,,Náutico,America-RJ,2,2
Grp.2,1974-07-17,,Atlético Mineiro,Nacional-AM,3,0
Grp.1,1974-07-17,,Flamengo,Paysandu,6,0
Grp.1,1974-07-17,,Bahia,Cruzeiro,0,1
Grp.4,1974-07-18,,Fluminense,Portuguesa,3,1
Grp.3,1974-07-18,,Santos,Fortaleza,1,1
Grp.2,1974-07-18,,Vitória,Vasco,0,0
Grp.A,1974-07-21,,Internacional,Cruzeiro,1,1
Grp.A,1974-07-21,,Vasco,Santos,2,1
Grp.A,1974-07-24,,Santos,Internacional,2,1
Grp.A,1974-07-24,,Cruzeiro,Vasco,1,1
Grp.A,1974-07-28,,Santos,Cruzeiro,1,3
Grp.A,1974-07-28,,Vasco,Internacional,2,2
F,1974-08-01,,Vasco,Cruzeiro,2,1