Clube,Nome Completo,Apelido,Cidade,UF,Formacao,Fundacao,Série A,R_a,Série B,P_b,R_b,Série C,P_c,R_c,Série D,P_d
Grêmio,Grêmio Foot-Ball Porto Alegrense,Rei de Copas,Porto Alegre,RS,1903-09-15,1903-09-15,62,2,2,2,–,0,–,–,0,–
Santos,-,-,Santos,SP,-,-,61,–,0,–,–,0,–,–,0,–
Cruzeiro,-,-,Belo Horizonte,MG,-,-,59,1,2,–,–,0,–,–,0,–
Palmeiras,Sociedade Esportiva Palmeiras,Periquito,São Paulo,SP,1914-08-26,1914-08-26,58,2,4,3,–,0,–,–,0,–
Atlético Mineiro,-,-,Belo Horizonte,MG,-,-,58,1,1,1,–,0,–,–,0,–
Botafogo,Botafogo de Futebol e Regatas,A Estrela Solitária,Rio de Janeiro,RJ,1904-08-12,1904-08-12,56,3,3,2,–,0,–,–,0,–
Flamengo,Clube de Regatas do Flamengo,Rubro-Negro,Rio de Janeiro,RJ,1895-11-15,1895-11-15,56,–,0,–,–,0,–,–,0,–
Fluminense,-,-,Rio de Janeiro,RJ,-,-,55,1,1,–,1,1,1,–,0,–
Internacional,Sport Club Internacional,Clube do Povo,Porto Alegre,RS,1909-04-04,1909-04-04,55,1,1,1,–,0,–,–,0,–
São Paulo,-,-,São Paulo,SP,-,-,54,–,0,–,–,0,–,–,0,–
Vasco da Gama,-,-,Rio de Janeiro,RJ,-,-,53,4,4,3,–,0,–,–,0,–
Corinthians,Sport Club Corinthians Paulista,Coringão,São Paulo,SP,1910-09-01,1910-09-01,53,1,2,2,–,0,–,–,0,–
Bahia,Esporte Clube Bahia,Esquadrão de aço,Salvador,BA,1931-01-01,1931-01-01,49,3,10,4,1,2,1,–,0,–
Athletico Paranaense,Club Athletico Paranaense,Furacão,Curitiba,PR,1924-03-26,1924-03-26,45,3,6,4,–,0,–,–,0,–
Sport,Sport Club do Recife,Leão da Ilha,Recife,PE,1905-05-13,1905-05-13,42,5,12,6,–,0,–,–,0,–
Goiás,Goiás Esporte Clube,Verdão,Goiânia,GO,1943-04-06,1943-04-06,41,6,10,4,–,0,–,–,0,–
Coritiba,Coritiba Foot Ball Club,Glorioso,Curitiba,PR,1909-10-12,1909-10-12,40,6,13,5,–,0,–,–,0,–
Vitória,Esporte Clube Vitória,Rubro-negro,Salvador,BA,1899-05-13,1899-05-13,39,6,11,4,1,1,1,–,0,–
Portuguesa,Associação Portuguesa de Desportos,Rubro-Verde,São Paulo,SP,1920-08-14,1920-08-14,35,3,11,2,1,2,–,1,2,–
Náutico,Clube Náutico Capibaribe,Timbu,Recife,PE,1901-04-07,1901-04-07,34,4,22,4,2,3,2,–,0,–
Guarani,-,-,Campinas,SP,-,-,29,3,15,4,2,6,2,–,0,–
Paysandu,Paysandu Sport Club,Alviceleste,Belém,PA,1914-02-02,1914-02-02,27,3,18,2,3,11,2,–,0,–
Ceará,Ceará Sporting Club,Alvinegro Cearense,Fortaleza,CE,1914-06-02,1914-06-02,25,2,30,3,–,0,–,–,0,–
Santa Cruz,Santa Cruz Futebol Clube,Tricolor das Repúblicas Independentes do Arruda,Recife,PE,1914-02-03,1914-02-03,24,5,20,4,2,7,1,–,3,1
Ponte Preta,Associação Atlética Ponte Preta,A Veterana,Campinas,SP,1900-08-11,1900-08-11,24,3,20,3,1,1,–,–,0,–
Fortaleza,Fortaleza Esporte Clube,Clube da Garotada,Fortaleza,CE,1918-10-18,1918-10-18,23,4,18,4,2,14,2,–,0,–
CSA,Centro Sportivo Alagoano,Azulão das Alagoas &#39;&#39;,Maceió,AL,1913-09-07,1913-09-07,19,3,11,2,–,13,2,–,5,1
America,America Football Club,Rubro Carioca,Rio de Janeiro,RJ,1904-09-18,1904-09-18,19,1,5,1,–,11,–,–,1,–
América Mineiro,-,-,Belo Horizonte,MG,-,-,17,6,26,7,1,5,1,–,0,–
Figueirense,-,-,Florianópolis,SC,-,-,17,3,13,3,1,9,1,–,0,–
Juventude,Esporte Clube Juventude,Papo,Caxias do Sul,RS,1913-06-29,1913-06-29,17,1,13,2,2,5,2,1,3,1
Remo,Clube do Remo,Rei da Amazônia,Belém,PA,1905-02-05,1905-02-05,16,1,22,3,2,7,2,–,4,1
Paraná,Paraná Clube,Tricolor da Vila,Curitiba,PR,1989-12-19,1989-12-19,16,3,15,3,1,2,1,–,0,–
Nacional-AM,-,-,Manaus,AM,-,-,16,1,6,–,1,10,–,–,7,–
América de Natal,-,-,Natal,RN,-,-,15,3,24,2,4,6,2,1,5,–
Desportiva Ferroviária [DFE],Associação Desportiva Ferroviária Vale do Rio Doce,Locomotiva Grená,Cariacica,ES,1963-06-17,1963-06-17,15,2,15,1,2,2,–,–,2,–
ABC,ABC Futebol Clube,O Mais Querido,Natal,RN,1915-06-29,1915-06-29,14,–,21,–,4,11,4,1,2,–
Criciúma,Criciúma Esporte Clube,Tigre,Criciúma,SC,1947-05-13,1947-05-13,13,4,24,4,4,5,2,–,0,–
Joinville,Joinville Esporte Clube,O Coelho,Joinville,SC,1976-01-29,1976-01-29,12,3,20,1,2,8,1,1,4,1
Sampaio Corrêa,Sampaio Corrêa Futebol Clube,Bolívia Querida,São Luís,MA,1923-03-25,1923-03-25,12,–,18,–,3,12,4,1,3,1
Atlético Goianiense,Atlético Clube Goianiense,Dragão,Goiânia,GO,1937-04-02,1937-04-02,12,2,17,3,1,12,3,–,0,–
Sergipe,Club Sportivo Sergipe,O Mais Querido,Aracaju,SE,1909-10-17,1909-10-17,12,–,9,–,3,10,1,–,7,–
Rio Branco-ES,Rio Branco Atlético Clube,Capa Preta,Vitória,ES,1913-06-21,1913-06-21,12,–,4,–,–,5,–,–,4,–
CRB,Clube de Regatas Brasil,Galo da Praia,Maceió,AL,1912-09-20,1912-09-20,11,–,31,–,2,6,2,–,0,–
Red Bull Bragantino [RBB],Red Bull Bragantino,RB Bragantino,Bragança Paulista,SP,1928-01-08,1928-01-08,11,2,15,2,2,4,2,–,0,–
Moto Club,-,-,São Luís,MA,-,-,11,1,13,–,1,9,–,1,7,1
Bangu,Bangu Atlético Clube,Alvi-Rubro,Rio de Janeiro,RJ,1904-04-17,1904-04-17,11,1,8,1,1,5,1,–,3,–
Campinense [CAM],Campinense Clube,Raposa Feroz,Campina Grande,PB,1915-04-12,1915-04-12,11,–,7,–,1,9,1,1,9,–
Avaí,-,-,Florianópolis,SC,-,-,10,4,23,4,–,4,1,–,0,–
Operário-MS,-,-,Campo Grande,MS,-,-,10,–,6,–,–,8,–,–,1,–
Vila Nova,Vila Nova Futebol Clube,Tigrão,Goiânia,GO,1943-07-29,1943-07-29,9,–,23,–,4,9,5,–,0,–
Treze [TRE],Treze Futebol Clube,Galo da Borborema,Campina Grande,PB,1925-09-07,1925-09-07,9,1,9,1,–,15,–,2,6,1
Chapecoense,Associação Chapecoense de Futebol,Chape terror,Chapecó,SC,1973-05-10,1973-05-10,9,1,4,2,–,9,1,–,1,1
Americano,-,-,Campos dos Goytacazes,RJ,-,-,8,–,20,2,2,5,1,–,1,–
Confiança,Associação Desportiva Confiança,Gigante Operário,Aracaju,SE,1936-05-01,1936-05-01,8,–,10,–,–,20,1,1,2,1
River,River Atlético Clube,Galo de Aço,Teresina,PI,1946-03-01,1946-03-01,8,1,10,–,–,9,–,1,5,1
Mixto,Mixto Esporte Clube,Alvinegro,Cuiabá,MT,1934-05-20,1934-05-20,8,2,6,–,–,5,–,1,3,–
Londrina,Londrina Esporte Clube,Tubarão,Londrina,PR,1956-04-05,1956-04-05,7,–,25,1,2,3,2,–,3,1
São Caetano,Associação Desportiva São Caetano,Azulão,São Caetano do Sul,SP,1989-12-04,1989-12-04,7,1,9,1,1,2,1,1,3,–
Rio Negro,-,-,Manaus,AM,-,-,7,–,8,–,–,8,–,–,0,–
Botafogo-PB,-,-,João Pessoa,PB,-,-,7,–,5,–,–,18,–,–,1,1
Flamengo-PI,Esporte Clube Flamengo,Mengão,Teresina,PI,1937-12-08,1937-12-08,7,–,4,–,–,5,–,–,2,–
Inter de Limeira,Associação Atlética Internacional,&#39;&#39;Leão da Paulista,Limeira,SP,1913-10-05,1913-10-05,7,–,4,–,–,5,–,–,1,–
Brasília,Brasília Futebol Clube,Colorado Candango,Brasília,DF,1975-06-02,1975-06-02,7,–,3,–,–,3,–,–,3,–
Botafogo-SP,-,-,Ribeirão Preto,SP,-,-,6,2,16,3,2,7,2,–,3,1
Gama,Sociedade Esportiva do Gama,Verdão,Gama,DF,1975-11-15,1975-11-15,6,2,10,1,2,5,2,1,4,–
Ferroviário,-,-,Fortaleza,CE,-,-,6,2,7,–,–,15,–,–,2,1
Grêmio Maringá,Grêmio de Esportes Maringá,Galo Guerreiro,Maringá,PR,1961-07-07,1961-07-07,6,–,7,–,–,4,–,–,0,–
Uberaba,Uberaba Sport Club,Colorado,Uberaba,MG,1917-07-15,1917-07-15,6,–,5,–,–,3,–,–,2,–
Goytacaz,Goytacaz Futebol Clube,O Mais Querido da Cidade,Campos dos Goytacazes,RJ,1912-08-20,1912-08-20,6,–,5,–,–,1,–,–,0,–
Comercial-MS,-,-,Campo Grande,MS,-,-,6,–,4,–,–,6,–,–,3,–
Itabaiana,Associação Olímpica de Itabaiana,Tricolor da Serra,Itabaiana,SE,1938-07-10,1938-07-10,5,1,4,–,–,10,–,–,7,–
Tiradentes-PI,Sociedade Esportiva Tiradentes,Amarelão da PM,Teresina,PI,1959-06-30,1959-06-30,5,–,4,–,–,1,–,–,0,–
Colorado †,Colorado Esporte Clube,Boca Negra,Curitiba,PR,1971-06-29,1971-06-29,5,–,1,–,–,1,–,–,0,–
Metropol †,Esporte Clube Metropol,Carneiros,Criciúma,SC,1945-11-15,1945-11-15,5,–,0,–,–,0,–,–,0,–
Tuna Luso,Tuna Luso Brasileira,Elite do Norte,Belém,PA,1903-01-01,1903-01-01,4,–,14,1,2,7,1,–,0,–
Anapolina,Associação Atlética Anapolina,Rubra,Anápolis,GO,1948-01-01,1948-01-01,4,–,13,1,1,3,1,–,4,–
Caxias,Sociedade Esportiva e Recreativa Caxias do Sul,Falcão Grená,Caxias do Sul,RS,1935-04-10,1935-04-10,4,–,11,–,1,16,1,1,5,–
Brasil de Pelotas,Grêmio Esportivo Brasil,Xavante,Pelotas,RS,1911-09-07,1911-09-07,4,–,9,–,–,14,2,1,2,1
União São João †,União São João Esporte Clube,Verdão,Araras,SP,1981-01-14,1981-01-14,4,2,9,2,2,3,–,–,0,–
Uberlândia,Uberlândia Esporte Clube,Verdão,Uberlândia,MG,1922-11-01,1922-11-01,4,–,6,1,–,8,–,–,3,–
Fluminense de Feira,Fluminense de Feira Futebol Clube,Touro do Sertão,Feira de Santana,BA,1941-01-01,1941-01-01,4,–,6,–,–,6,–,–,6,–
CEOV,-,-,Várzea Grande,MT,-,-,4,–,5,–,–,2,–,–,3,–
Goiânia,Goiânia Esporte Clube,Galo Carijó,Goiânia,GO,1938-07-05,1938-07-05,4,–,4,–,–,6,–,–,1,–
Piauí,Piauí Esporte Clube,Enxuga-Rato,Teresina,PI,1948-08-15,1948-08-15,4,–,2,–,–,2,–,–,0,–
XV de Piracicaba,Esporte Clube XV de Novembro,XV,Piracicaba,SP,1913-11-15,1913-11-15,3,–,12,–,1,3,1,–,1,–
Volta Redonda,-,-,Volta Redonda,RJ,-,-,3,–,8,–,1,14,1,–,4,1
Maranhão,Maranhão Atlético Clube,Esquadrão Quadricolor,São Luís,MA,1932-09-24,1932-09-24,3,–,8,–,–,4,–,–,4,–
Leônico [LEO] †,Associação Desportiva Leônico,Guerreiros da Ladeira,Simões Filho,BA,1940-04-03,1940-04-03,3,–,4,–,–,0,–,–,0,–
Villa Nova,Villa Nova Atlético Clube,Leão do Bonfim,Nova Lima,MG,-,28,3,–,3,–,–,11,1,–,7,–
Fast Clube,Nacional Fast Clube,Clube Cintado,Manaus,AM,1930-07-08,1930-07-08,3,–,2,–,–,4,–,–,4,–
Alecrim,Alecrim Futebol Clube,Verdão,Natal,RN,1915-08-15,1915-08-15,3,–,2,–,–,3,–,1,2,1
São Paulo-RS,Sport Club São Paulo,Caturrita,Rio Grande,RS,1908-10-04,1908-10-04,3,–,2,1,–,0,–,–,2,–
Dom Bosco,Clube Esportivo Dom Bosco,Leão da Colina,Cuiabá,MT,1925-01-04,1925-01-04,3,–,1,–,–,1,–,–,1,–
CEUB †,Centro de Ensino Unificado de Brasília Esporte Clube,-,Brasília,DF,-,1968,3,–,0,–,–,0,–,–,0,–
Ferroviário-PR †,-,-,Curitiba,PR,-,-,3,–,0,–,–,0,–,–,0,–
Fonseca †,Fonseca Atlético Clube,-,Niterói,RJ,1917-10-12,1917-10-12,3,–,0,–,–,0,–,–,0,–
Rabello †,-,-,Brasília,DF,-,-,3,–,0,–,–,0,–,–,0,–
Central,Central Sport Club,Central de Caruaru,Caruaru,PE,1919-06-15,1919-06-15,2,–,18,1,2,5,–,–,11,–
Santo André,Esporte Clube Santo André,Ramalhão,Santo André,SP,1967-09-18,1967-09-18,2,1,9,1,1,10,1,1,2,–
América de Rio Preto,-,-,São José do Rio Preto,SP,-,-,2,–,6,1,1,7,–,–,0,–
Campo Grande,Campo Grande Atlético Clube,Galo da Zona Oeste,Rio de Janeiro,RJ,-,"Juny 13, 1940",2,–,5,1,–,5,–,–,0,–
Grêmio Barueri [GBA] †,-,-,Barueri,SP,-,-,2,1,4,1,1,2,1,1,1,–
Pinheiros †,-,-,Curitiba,PR,-,-,2,–,4,–,–,0,–,–,0,–
São José-SP,São José Esporte Clube,Águia do Vale,São José dos Campos,SP,1933-08-13,1933-08-13,2,1,3,1,–,2,–,–,0,–
Itabuna,Itabuna Esporte Clube,Dragão do Sul,Itabuna,BA,1967-05-23,1967-05-23,2,–,3,–,–,1,–,–,0,–
Comercial,Comercial Futebol Clube,Leão do Norte,Ribeirão Preto,SP,1911-10-10,1911-10-10,2,–,2,–,–,4,–,–,0,–
Galícia,Galícia Esporte Clube,&#39;&#39;Azulino,Salvador,BA,1933-01-01,1933-01-01,2,1,1,–,–,3,–,–,1,–
Capelense †,Centro Sportivo Capelense,Tri-Campeão,Capela,AL,1946-04-04,1946-04-04,2,–,1,–,–,2,–,–,0,–
Olaria,-,-,Rio de Janeiro,RJ,-,-,2,–,0,–,–,5,–,–,0,–
XV de Jaú,Esporte Clube XV de Novembro,Galo da Comarca,Jaú,SP,1924-11-15,1924-11-15,2,–,0,–,–,1,–,–,0,–
Santa Cruz-SE †,-,-,Estância,SE,-,-,2,–,0,–,–,0,–,–,0,–
Santo Antônio †,-,-,Vitória,ES,-,-,2,–,0,–,–,0,–,–,0,–
Juventus-SP,Juventus,Moleque Travesso,São Paulo,SP,1924-04-20,1924-04-20,1,1,12,–,1,7,1,–,0,–
Catuense †,-,-,Catu,BA,-,-,1,–,8,–,–,9,–,–,0,–
Novo Hamburgo,Pelotas RS,Nóia,Novo Hamburgo,RS,1911-05-01,1911-05-01,1,–,8,–,–,3,–,–,3,–
ASA,Agremiação Sportiva Arapiraquense,Gigante,Arapiraca,AL,1952-09-25,1952-09-25,1,–,7,–,1,13,1,1,3,–
Brasiliense,-,-,Taguatinga,DF,-,-,1,1,7,1,1,5,1,1,5,–
Operário-PR,Operário Ferroviário Esporte Clube,Fantasma da Vila,Ponta Grossa,PR,1912-05-01,1912-05-01,1,–,7,–,–,2,1,–,4,1
Itumbiara,Itumbiara Esporte Clube,Tricolor da Fronteira,Itumbiara,GO,1970-03-09,1970-03-09,1,–,5,–,–,7,–,–,3,–
Taguatinga,Taguatinga Esporte Clube,&#39;&#39;Águia,Taguatinga,DF,1974-02-18,1974-02-18,1,–,5,–,–,3,–,–,0,–
Ipatinga [IPA],Ipatinga Futebol Clube,Quadricolor,Ipatinga,MG,1998-05-21,1998-05-21,1,1,4,1,2,9,2,1,1,–
Noroeste,Esporte Clube Noroeste,Norusca,Bauru,SP,1910-09-01,1910-09-01,1,–,4,–,–,5,–,–,0,–
São Bento,Esporte Clube São Bento,Azulão,Sorocaba,SP,1913-09-14,1913-09-14,1,–,4,–,1,3,1,–,2,1
Anápolis,Anápolis Futebol Clube,Tricolor da Boa Vista,Anápolis,GO,1946-05-01,1946-05-01,1,–,3,–,–,8,–,–,2,–
Vitória-ES,-,-,Vitória,ES,-,-,1,–,3,–,–,4,–,–,2,–
Ferroviária,Associação Ferroviária,Locomotiva,Araraquara,SP,1950-04-12,1950-04-12,1,–,3,–,1,3,1,–,4,–
AA Colatina †,Associação Atlética Colatina,-,Colatina,ES,1978-05-13,1978-05-13,1,–,3,–,–,3,–,–,0,–
Guará †,-,-,Guará,DF,-,-,1,–,3,–,–,2,–,–,0,–
Sobradinho,Sobradinho Esporte Clube,Leão da Serra,Sobradinho,DF,1975-01-01,1975-01-01,1,–,3,–,–,1,–,–,2,–
Cuiabá,Cuiabá Esporte Clube,Auriverde da Baixada,Cuiabá,MT,2001-12-12,2001-12-12,1,–,2,1,–,9,1,–,1,1
Inter de Santa Maria,Esporte Clube Internacional,Coloradinho,Santa Maria,RS,1928-05-16,1928-05-16,1,–,2,–,–,4,–,–,0,–
Auto Esporte-PB,-,-,João Pessoa,PB,-,-,1,–,2,–,–,3,–,–,0,–
J.Malucelli [JMA] †,-,-,Curitiba,PR,-,-,1,–,1,–,–,3,–,–,3,–
Caldense,Associação Atlética Caldense,Veterana,Poços de Caldas,MG,1925-09-05,1925-09-05,1,–,1,–,–,1,–,–,7,–
Corumbaense,Corumbaense Futebol Clube,Carijó da Avenida,Corumbá,MS,1914-01-01,1914-01-01,1,–,1,–,–,1,–,–,2,–
Auto Esporte-PI †,-,-,Teresina,PI,-,-,1,–,1,–,–,0,–,–,0,–
Ferroviário-MA †,Ferroviário Esporte Clube,Ferrim,São Luís,MA,-,-,1,–,1,–,–,0,–,–,0,–
Potiguar de Mossoró,Associação Cultural e Desportiva Potiguar,Time Macho,Mossoró,RN,1948-02-15,1948-02-15,1,–,0,–,–,10,–,–,5,–
Francana,Associação Atlética Francana,Feiticeira,Franca,SP,1912-10-12,1912-10-12,1,–,0,–,–,5,–,–,0,–
América de Propriá,-,-,Propriá,SE,-,-,1,–,0,–,–,1,–,–,0,–
Rio Branco-RJ †,Clube Esportivo Rio Branco,Róseo-Negro,Campos dos Goytacazes,RJ,1912-11-05,1912-11-05,1,–,0,–,–,1,–,–,0,–
Inter de Lages,-,-,Lages,SC,-,-,1,–,0,–,–,0,–,–,4,–
Hercílio Luz,Hercílio Luz Futebol Clube,Leão do Sul,Tubarão,SC,1918-12-22,1918-12-22,1,–,0,–,–,0,–,–,1,–
Água Verde †,-,-,Curitiba,PR,-,-,1,–,0,–,–,0,–,–,0,–
América-CE,-,-,Fortaleza,CE,-,-,1,–,0,–,–,0,–,–,0,–
Comercial-PR †,-,-,Cornélio Procópio,PR,-,-,1,–,0,–,–,0,–,–,0,–
Cruzeiro do Sul †,-,-,Cruzeiro,DF,-,-,1,–,0,–,–,0,–,–,0,–
Defelê †,-,-,Brasília,DF,-,-,1,–,0,–,–,0,–,–,0,–
Eletrovapo †,-,-,Niterói,RJ,-,-,1,–,0,–,–,0,–,–,0,–
Estrela do Mar †,-,-,João Pessoa,PB,-,-,1,–,0,–,–,0,–,–,0,–
Guanabara-DF †,-,-,Brasília,DF,-,-,1,–,0,–,–,0,–,–,0,–
Manufatora †,Associação Desportiva Niterói,-,Niterói,RJ,1944-04-11,1944-04-11,1,–,0,–,–,0,–,–,0,–
Olímpico-AM †,Olímpico Clube,-,Manaus,AM,1938-10-17,1938-10-17,1,–,0,–,–,0,–,–,0,–
Olímpico-SC †,Grêmio Esportivo Olímpico,GEO,Blumenau,SC,1919-08-14,1919-08-14,1,–,0,–,–,0,–,–,0,–
Paula Ramos †,Paula Ramos Esporte Clube,Tricolor da Ilha,Florianópolis,SC,1937-12-15,1937-12-15,1,–,0,–,–,0,–,–,0,–
Perdigão †,-,-,Videira,SC,-,-,1,–,0,–,–,0,–,–,0,–
Siderúrgica †,Esporte Clube Siderúrgica,Esquadrão de Aço,Sabará,MG,1930-05-31,1930-05-31,1,–,0,–,–,0,–,–,0,–
Mogi Mirim,Mogi Mirim Esporte Clube,Sapão,Mogi Mirim,SP,1932-02-01,1932-02-01,0,–,9,–,3,10,2,1,2,1
Oeste [OES],Oeste Futebol Clube,Onça Rubro-Negra &#39;&#39;,Barueri,SP,1921-01-25,1921-01-25,0,–,8,–,1,2,1,–,2,1
Boa Esporte [BOA],Boa Esporte Clube,Coruja,Varginha,MG,1947-04-30,1947-04-30,0,–,7,–,2,9,2,–,1,–
Marília,Marília Atlético Clube,Alviceleste &#39;&#39;,Marília,SP,1942-04-12,1942-04-12,0,–,7,–,1,6,1,1,1,–
São Raimundo-AM,-,-,Manaus,AM,-,-,0,–,7,–,1,5,1,–,0,–
Paulista [PTA],Paulista Futebol Clube,Galo do Japi,Jundiaí,SP,1909-05-17,1909-05-17,0,–,6,–,1,7,1,–,1,–
Guarany de Sobral,Guarany Sporting Club,Cacique do Vale,Sobral,CE,1938-07-02,1938-07-02,0,–,6,–,1,4,1,1,6,1
União Rondonópolis,União Esporte Clube,Colorado,Rondonópolis,MT,1973-06-06,1973-06-06,0,–,5,–,–,7,–,–,4,–
Goiatuba,Goiatuba Esporte Clube,Azulão,Goiatuba,GO,1970-05-05,1970-05-05,0,–,5,–,1,1,–,–,0,–
Ituano,-,-,Itu,SP,-,-,0,–,4,–,1,9,1,–,5,1
Luverdense,Luverdense Esporte Clube,Verdão do Centro Oeste,Lucas do Rio Verde,MT,2004-01-24,2004-01-24,0,–,4,–,1,9,1,1,0,–
Icasa,-,-,Juazeiro do Norte,CE,-,-,0,–,4,–,2,7,2,1,1,–
Guaratinguetá [GTA] †,-,-,Guaratinguetá,SP,-,-,0,–,4,–,1,5,1,1,0,–
Itaperuna [ITA],Itaperuna Esporte Clube,Águia do Noroeste,Itaperuna,RJ,1989-07-21,1989-07-21,0,–,4,–,–,2,–,–,0,–
América-PE,-,-,Recife,PE,-,-,0,–,4,–,–,1,–,–,3,–
Tupi,Tupi Football Club,Galo,Juiz de Fora,MG,1912-05-26,1912-05-26,0,–,3,–,1,16,1,2,5,2
Rio Branco-AC,Rio Branco Football Club,Alvirrubro,Rio Branco,AC,1919-06-08,1919-06-08,0,–,3,–,–,11,–,1,7,–
Marcílio Dias,Clube Náutico Marcílio Dias,Marinheiro,Itajaí,SC,1919-03-17,1919-03-17,0,–,3,–,–,8,–,1,4,–
Baraúnas,Esporte Clube Baraúnas,Baru,Mossoró,RN,-,-,0,–,3,–,–,6,–,1,2,1
Blumenau,-,-,Blumenau,SC,-,-,0,–,3,–,–,5,–,–,0,–
Duque de Caxias,Duque de Caxias Futebol Clube,Gigante Tricolor da Baixada,Duque de Caxias,RJ,2005-03-08,2005-03-08,0,–,3,–,1,4,1,1,1,–
Esportivo,Clube Esportivo Bento Gonçalves,Tivo,Bento Gonçalves,RS,1919-08-28,1919-08-28,0,–,3,–,–,3,–,–,1,–
Ubiratan †,Ubiratan Esporte Clube,Leão da fronteira,Dourados,MS,1947-02-05,1947-02-05,0,–,3,–,–,3,–,–,0,–
Cascavel EC †,Cascavel Esporte Clube,Serpente,Cascavel,PR,1979-12-19,1979-12-19,0,–,3,–,–,2,–,–,0,–
GE Novorizontino †,Grêmio Esportivo Novorizontino,Tigre do Vale,Novo Horizonte,SP,1973-03-13,1973-03-13,0,–,3,–,1,2,1,–,0,–
Pelotas,Esporte Clube Pelotas,Lobão,Pelotas,RS,1908-10-11,1908-10-11,0,–,2,–,–,5,–,–,4,–
Atlético de Alagoinhas,Alagoinhas Atlético Clube,Carcará,Alagoinhas,BA,1970-04-02,1970-04-02,0,–,2,–,–,5,–,–,3,–
Serra,Sociedade Desportiva Serra Futebol Clube,Cobra Coral,Serra,ES,1930-07-24,1930-07-24,0,–,2,–,1,5,1,–,1,–
Esportivo de Passos †,Clube Esportivo de Futebol,-,Passos,MG,1924-08-30,1924-08-30,0,–,2,–,–,3,–,–,0,–
Rio Branco-MG †,Rio Branco de Andradas Futebol Clube,O Mais Querido,Andradas,MG,1948-06-13,1948-06-13,0,–,2,–,–,3,–,–,0,–
Tiradentes-DF †,Grêmio Esportivo Tiradentes,-,Ceilândia,DF,1967-02-03,1967-02-03,0,–,2,–,1,3,–,–,0,–
Brusque,Brusque Futebol Clube,Quadricolor,Brusque,SC,1987-10-12,1987-10-12,0,–,2,–,–,2,1,–,6,1
Valeriodoce †,Valeriodoce Esporte Clube,Valério,Itabira,MG,1942-11-22,1942-11-22,0,–,2,–,–,2,–,–,0,–
Democrata-GV,Esporte Clube Democrata,Pantera,Governador Valadares,MG,1932-02-13,1932-02-13,0,–,2,–,1,1,–,–,0,–
Barra do Garças †,Barra do Garças Futebol Clube,Galo da Serra,Barra do Garças,MT,1978-01-09,1978-01-09,0,–,2,–,1,0,–,–,0,–
Bonsucesso,Bonsucesso Futebol Clube,Leão da Leopoldina,Rio de Janeiro,RJ,1913-09-12,1913-09-12,0,–,2,–,–,0,–,–,0,–
Ferroviário do Recife †,Clube Ferroviário do Recife,Ferrim,Recife,PE,1928-03-17,1928-03-17,0,–,2,–,–,0,–,–,0,–
Santa Cruz-RS,Futebol Clube Santa Cruz,Galo,Santa Cruz do Sul,RS,1913-03-26,1913-03-26,0,–,2,–,–,0,–,–,0,–
Serrano-RJ,-,-,Petrópolis,RJ,-,-,0,–,2,–,–,0,–,–,0,–
Sport Belém,Sport Club Belém,Dragão da Maracangalha,Belém,PA,1965-12-02,1965-12-02,0,–,2,–,–,0,–,–,0,–
União Bandeirante †,União Bandeirante Futebol Clube,-,Bandeirantes,PR,1964-11-15,1964-11-15,0,–,1,–,–,10,–,–,0,–
Salgueiro,Salgueiro Atlético Clube,SAC,Salgueiro,PE,1972-03-22,1972-03-22,0,–,1,–,1,9,1,2,3,1
Macaé,Macaé Esporte Futebol Clube,Alvi-Anil,Macaé,RJ,1990-07-17,,0,–,1,–,1,9,1,1,2,1
Imperatriz [IMP],Sociedade Imperatriz de Desportos,Cavalo de Aço,Imperatriz,MA,1962-01-04,1962-01-04,0,–,1,–,–,8,–,1,3,1
Estrela do Norte,Estrela do Norte Futebol Clube,Estrelense,Cachoeiro de Itapemirim,ES,1916-01-16,1916-01-16,0,–,1,–,–,7,–,–,1,–
Picos,Sociedade Esportiva Picos,O Zangão do Piauí,Picos,PI,1976-02-08,1976-02-08,0,–,1,–,–,5,–,–,1,–
Ceilândia,Ceilândia Esporte Clube,Gato Preto,Ceilândia,DF,1979-08-23,1979-08-23,0,–,1,–,–,4,–,–,5,–
União Barbarense,União Agrícola Barbarense Futebol Clube,Leão da 13,Santa Bárbara d'Oeste,SP,1914-11-22,1914-11-22,0,–,1,–,1,4,1,–,0,–
Icasa EC †,-,-,Juazeiro do Norte,CE,-,-,0,–,1,–,–,3,–,–,0,–
Parnahyba,Parnahyba Sport Club,Tubarão do Litoral,Parnaíba,PI,1913-05-01,1913-05-01,0,–,1,–,–,2,–,–,3,–
Independência,Independência Futebol Clube,Timão,Rio Branco,AC,1946-08-02,1946-08-02,0,–,1,–,–,2,–,–,0,–
Lagarto EC †,-,-,Lagarto,SE,-,-,0,–,1,–,–,2,–,–,0,–
Nacional de Patos,Nacional Atlético Clube,Naça,Patos,PB,1961-12-23,1961-12-23,0,–,1,–,–,2,–,–,0,–
AA Cabofriense †,-,-,Cabo Frio,RJ,-,-,0,–,1,–,–,1,–,–,0,–
Democrata-SL,Democrata Futebol Clube,Jacaré,Sete Lagoas,MG,-,14,0,–,1,–,–,1,–,–,0,–
Douradense †,-,-,Dourados,MS,-,-,0,–,1,–,–,1,–,–,0,–
Estudantes †,Estudantes Sport Club,Carneirão,Timbaúba,PE,1958-05-01,1958-05-01,0,–,1,–,–,1,–,–,0,–
Glória,Grêmio Esportivo Glória,Leão da Serra,Vacaria,RS,1956-11-15,1956-11-15,0,–,1,–,–,1,–,–,0,–
Princesa do Solimões,Princesa do Solimões Esporte Clube,Tubarão do Solimões,Manacapuru,AM,1971-08-18,1971-08-18,0,–,1,–,–,0,–,–,3,–
Serrano-BA †,Serrano Sport Club,Serra da Vitória,Porto Seguro,BA,1979-12-22,1979-12-22,0,–,1,–,–,0,–,–,1,–
Tiradentes-CE,Associação Esportiva Tiradentes,O Tigre da PM,Fortaleza,CE,1961-09-15,1961-09-15,0,–,1,–,–,0,–,–,1,–
América de Joinville †,-,-,Joinville,SC,-,-,0,–,1,–,–,0,–,–,0,–
Atlético Taguatinga [CBA] †,Clube Atlético Taguatinga,Jaguar,Taguatinga,DF,1984-10-15,1984-10-15,0,–,1,–,–,0,–,–,0,–
Botafogo-BA [BSC] †,Botafogo Sport Club,O Mais Simpático,Senhor do Bonfim,BA,1914-11-01,1914-11-01,0,–,1,–,–,0,–,–,0,–
Calouros do Ar,Calouros do Ar Futebol Clube,Tricolor tricolaço,Fortaleza,CE,1952-01-01,1952-01-01,0,–,1,–,–,0,–,–,0,–
GE Catanduvense †,Grêmio Esportivo Catanduvense,GEC,Catanduva,SP,1970-02-05,1970-02-05,0,–,1,–,–,0,–,–,0,–
Central-RJ †,-,-,Barra do Piraí,RJ,-,-,0,–,1,–,–,0,–,–,0,–
Guarapari †,Guarapari Esporte Clube,Tricolaço,Guarapari,ES,1936-06-12,1936-06-12,0,–,1,–,–,0,–,–,0,–
Maguari †,-,-,Fortaleza,CE,-,-,0,–,1,–,–,0,–,–,0,–
Foz do Iguaçu EC †,-,-,Foz do Iguaçu,PR,-,-,0,–,1,–,–,0,–,–,0,–
Nacional de Itumbiara †,-,-,Itumbiara,GO,-,-,0,–,1,–,–,0,–,–,0,–
Rodoviária †,Associação Atlética Rodoviária,Time dos Rodoviários,Manaus,AM,1960-01-20,1960-01-20,0,–,1,–,–,0,–,–,0,–
São Domingos †,Associação Sportiva São Domingos,Tricolor da igreja,Marechal Deodoro,AL,1964-09-01,1964-09-01,0,–,1,–,–,0,–,–,0,–
Madureira,Madureira Esporte Clube,Tricolor Suburbano,Rio de Janeiro,RJ,1914-08-08,1914-08-08,0,–,0,–,–,13,–,1,5,1
Rio Branco-SP,-,-,Americana,SP,-,-,0,–,0,–,–,12,–,–,0,–
Águia de Marabá,Águia de Marabá Futebol Clube,Azulão do Sul do Pará,Marabá,PA,1982-01-22,1982-01-22,0,–,0,–,–,10,–,1,1,–
Atlético Sorocaba †,Clube Atlético Sorocaba,Galo,Sorocaba,SP,1991-02-21,1991-02-21,0,–,0,–,–,10,–,–,0,–
Porto-PE,Clube Atlético do Porto,Tricolor do Agreste,Caruaru,PE,1993-07-30,1993-07-30,0,–,0,–,–,8,–,–,2,–
Ji-Paraná,Ji-Paraná Futebol Clube,Galo Azul,Ji-Paraná,RO,1991-04-22,1991-04-22,0,–,0,–,–,8,–,–,1,–
São José-RS,Esporte Clube São José,Zecavirus,Porto Alegre,RS,1913-05-24,1913-05-24,0,–,0,–,–,7,–,–,5,1
Tocantinópolis,Tocantinópolis Esporte Clube,Verdão do Norte,Tocantinópolis,TO,1989-01-01,1989-01-01,0,–,0,–,–,7,–,–,4,–
Ypiranga de Erechim,-,-,Erechim,RS,-,-,0,–,0,–,–,7,–,–,2,1
Tombense,Tombense Futebol Clube,Gavião-Carcará,Tombos,MG,1914-09-07,1914-09-07,0,–,0,–,–,7,–,–,1,1
CENE †,Clube Esportivo Nova Esperança,Furacão Amarelo,Campo Grande,MS,1999-12-13,1999-12-13,0,–,0,–,–,6,–,–,3,–
Friburguense,Friburguense Atlético Clube,Frisão,Nova Friburgo,RJ,1980-03-14,1980-03-14,0,–,0,–,–,6,–,–,2,–
Juazeiro,Juazeiro Social Clube,Tricolor do Norte,Juazeiro,BA,1995-08-16,1995-08-16,0,–,0,–,–,6,–,–,0,–
Palmas,Palmas Futebol e Regatas,Tricolor,Palmas,TO,1997-01-31,1997-01-31,0,–,0,–,–,5,–,–,5,–
Ypiranga-AP,Ypiranga Clube,Negro Anil,Macapá,AP,1963-05-15,1963-05-15,0,–,0,–,–,5,–,–,4,–
Atlético Roraima,Atlético Roraima Clube,Tricolor da Mecejana,Boa Vista,RR,1944-10-01,1944-10-01,0,–,0,–,–,5,–,–,3,–
Baré,Baré Esporte Clube,Índio da Consolata,Boa Vista,RR,1946-10-26,1946-10-26,0,–,0,–,–,5,–,–,3,–
Iraty †,Iraty Sport Club,Azulão,Irati,PR,1914-04-21,1914-04-21,0,–,0,–,–,5,–,–,1,–
Rio Branco-PR,Rio Branco Sport Club,Leão da Estradinha,Paranaguá,PR,1913-10-13,1913-10-13,0,–,0,–,–,5,–,–,1,–
Vitória-PE [VIT],Associação Desportiva Vitória,Tricolor das Tabocas,Vitória de Santo Antão,PE,1990-08-03,1990-08-03,0,–,0,–,–,5,–,–,1,–
Canoas [CAN] †,Canoas Sport Club,Tricolor Canoense,Canoas,RS,1998-01-23,1998-01-23,0,–,0,–,–,5,–,–,0,–
Corinthians-AL †,Sport Club Corinthians Alagoano,&#39;&#39;Tricolor da Via Expressa,Maceió,AL,1991-04-04,1991-04-04,0,–,0,–,–,5,–,–,0,–
Matsubara †,Sociedade Esportiva Matsubara,Japonesinho,Cambará,PR,1974-12-18,1974-12-18,0,–,0,–,–,5,–,–,0,–
Portuguesa Santista,-,-,Santos,SP,-,-,0,–,0,–,–,5,–,–,0,–
Tubarão-SC †,Tubarão Futebol Clube,Peixe,Tubarão,SC,1992-05-30,1992-05-30,0,–,0,–,–,5,–,–,0,–
Atlético Acreano,Atlético Acreano,Galo Carijó,Rio Branco,AC,1952-04-27,1952-04-27,0,–,0,–,–,4,–,1,6,1
Coruripe,Associação Atlética Coruripe,Hulk,Coruripe,AL,2003-03-01,2003-03-01,0,–,0,–,–,4,–,–,6,–
CRAC,Clube Recreativo e Atlético Catalano,Leão do Sul,Catalão,GO,1931-07-13,1931-07-13,0,–,0,–,–,4,–,2,3,1
São Raimundo-RR,-,-,Boa Vista,RR,-,-,0,–,0,–,–,3,–,–,6,–
Mirassol,Mirassol Futebol Clube,Leão da Alta Araraquense,Mirassol,SP,1925-11-09,1925-11-09,0,–,0,–,–,3,–,–,5,1
Sousa,Sousa Esporte Clube,Dinossauro Verde do Sertão,Sousa,PB,1991-07-10,1991-07-10,0,–,0,–,–,3,–,–,4,–
Araguaína,Araguaína Futebol e Regatas,Tourão do Norte,Araguaína,TO,1997-02-28,1997-02-28,0,–,0,–,–,3,–,1,2,1
Cabofriense,Associação Desportiva Cabofriense,Tricolor,Cabo Frio,RJ,1997-01-01,1955-11-15,0,–,0,–,–,3,–,–,2,–
Gurupi,Gurupi Esporte Clube,Camaleão do Sul,Gurupi,TO,-,"Juny 13, 1988",0,–,0,–,–,3,–,–,2,–
Atlético Cajazeirense,Atlético Cajazeirense de Desportos,Alviceleste,Cajazeiras,PB,1948-07-03,1948-07-03,0,–,0,–,–,3,–,–,1,–
Colo Colo,Colo Colo de Futebol e Regatas,Tigrão,Ilhéus,BA,1948-04-03,1948-04-03,0,–,0,–,–,3,–,–,1,–
Andirá,Andirá Esporte Clube,Morcego,Rio Branco,AC,1964-11-01,1964-11-01,0,–,0,–,–,3,–,–,0,–
CFZ-DF,-,-,Brasília,DF,-,-,0,–,0,–,–,3,–,–,0,–
Corisabbá,-,-,Floriano,PI,-,-,0,–,0,–,–,3,–,–,0,–
Nacional-SP,-,-,São Paulo,SP,-,-,0,–,0,–,–,3,–,–,0,–
Paranavaí,Atlético Clube Paranavaí,Vermelhinho do fim da linha,Paranavaí,PR,1946-03-14,1946-03-14,0,–,0,–,–,3,–,–,0,–
Real Brasília [REA],-,-,Núcleo Bandeirante,DF,-,-,0,–,0,–,–,3,–,–,0,–
São Raimundo-PA,-,-,Santarém,PA,-,-,0,–,0,–,–,2,–,1,6,1
Cianorte,Cianorte Futebol Clube,Leão do Vale do Ivaí,Cianorte,PR,2002-02-13,2002-02-13,0,–,0,–,–,2,–,–,5,–
Globo,Globo Futebol Clube,Águias,Ceará-Mirim,RN,2012-10-18,2012-10-18,0,–,0,–,–,2,–,1,5,1
Genus [GEN],Sport Club Genus de Porto Velho,Aurigrená da Capital,Porto Velho,RO,1981-11-15,1981-11-15,0,–,0,–,–,2,–,–,5,–
Portuguesa-RJ,-,-,Rio de Janeiro,RJ,-,-,0,–,0,–,–,2,–,–,4,–
Águia Negra,Esporte Clube Águia Negra,Águia,Rio Brilhante,MS,1972-05-31,1972-05-31,0,–,0,–,–,2,–,–,3,–
Jacuipense,Esporte Clube Jacuipense,Leão grená,Riachão do Jacuípe,BA,1965-04-21,1965-04-21,0,–,0,–,–,2,–,–,3,1
Manaus,Manaus Futebol Clube,Gavião Real,Manaus,AM,2013-05-05,2013-05-05,0,–,0,–,–,2,–,–,2,1
Ypiranga-PE,Sociedade Esportiva Ypiranga Futebol Clube,Azulino,Santa Cruz do Capibaribe,PE,1938-07-03,1938-07-03,0,–,0,–,–,2,–,–,2,–
Castanhal,Castanhal Esporte Clube,Japiim da Estrada,Castanhal,PA,1924-09-07,1924-09-07,0,–,0,–,–,2,–,–,1,–
Juventus de Jaraguá,Grêmio Esportivo Juventus,Tricolor Jaraguaense,Jaraguá do Sul,SC,1966-05-01,1966-05-01,0,–,0,–,–,2,–,–,1,–
15 de Novembro †,Clube 15 de Novembro,15,Campo Bom,RS,1911-11-15,--11-15,0,–,0,–,–,2,–,–,0,–
ADAP/Galo Maringá †,-,-,Maringá,PR,-,-,0,–,0,–,–,2,–,–,0,–
Amapá,Amapá Clube,Zebra,Macapá,AP,1944-02-26,1944-02-26,0,–,0,–,–,2,–,–,0,–
Ananindeua,Clube Municipal Ananindeua,Tartaruga,Ananindeua,PA,1978-01-03,1978-01-03,0,–,0,–,–,2,–,–,0,–
Atlético de Ibirama,Clube Atlético Hermann Aichinger,Capeta,Ibirama,SC,1951-09-20,1951-09-20,0,–,0,–,–,2,–,–,0,–
Bacabal,Bacabal Esporte Clube,Leão do Mearim,Bacabal,MA,1974-05-14,1974-05-14,0,–,0,–,–,2,–,–,0,–
Barras †,-,-,Barras,PI,-,-,0,–,0,–,–,2,–,–,0,–
Batel,Associação Atlética Batel,-,Guarapuava,PR,1951-03-17,1951-03-17,0,–,0,–,–,2,–,–,0,–
Caxiense †,-,-,Caxias,MA,-,-,0,–,0,–,–,2,–,–,0,–
Ceilandense,-,-,Ceilândia,DF,-,-,0,–,0,–,–,2,–,–,0,–
Corintians de Caicó †,-,-,Caicó,RN,-,-,0,–,0,–,–,2,–,–,0,–
Grêmio Coariense †,Grêmio Atlético Coariense,Tricolor de Coari,Coari,AM,1977-01-06,1977-01-06,0,–,0,–,–,2,–,–,0,–
Grêmio Anápolis,Grêmio Esportivo Anápolis,Azulão Anapolino,Anápolis,GO,-,-,0,–,0,–,–,2,–,–,0,–
Grêmio Jaciara †,-,-,Jaciara,MT,-,-,0,–,0,–,–,2,–,–,0,–
Ipitanga †,-,-,Lauro de Freitas,BA,-,-,0,–,0,–,–,2,–,–,0,–
Itapipoca,Itapipoca Esporte Clube,Garoto Travesso dos Três Climas,Itapipoca,CE,1993-12-20,1993-12-20,0,–,0,–,–,2,–,–,0,–
Izabelense,Atlético Clube Izabelense,Frangão da Estrada,Santa Izabel do Pará,PA,1924-04-26,1924-04-26,0,–,0,–,–,2,–,–,0,–
Jataiense,Associação Esportiva Jataiense,Raposa do Sudoeste,Jataí,GO,1952-01-01,1952-01-01,0,–,0,–,–,2,–,–,0,–
Kaburé †,Kaburé Esporte Clube,-,Colinas do Tocantins,TO,1985-01-05,1985-01-05,0,–,0,–,–,2,–,–,0,–
Linhares,Linhares Futebol Clube,-,Linhares,ES,2001-08-16,2001-08-16,0,–,0,–,–,2,–,–,0,–
Maruinense,Centro Sportivo Maruinense,CSM,Maruim,SE,1917-04-03,1917-04-03,0,–,0,–,–,2,–,–,0,–
Matonense,Sociedade Esportiva Matonense,Águia azul,Matão,SP,1976-05-24,1976-05-24,0,–,0,–,–,2,–,–,0,–
Palmeiras do Nordeste †,-,-,Feira de Santana,BA,-,-,0,–,0,–,–,2,–,–,0,–
Planaltina,Planaltina Esporte Clube,-,Planaltina,DF,1963-05-30,1963-05-30,0,–,0,–,–,2,–,–,0,–
Ponta Grossa †,Ponta Grossa Esporte Clube,-,Ponta Grossa,PR,1994-06-30,1994-06-30,0,–,0,–,–,2,–,–,0,–
Progresso,Atlético Progresso Clube,Verdão,Mucajaí,RR,1959-07-21,1959-07-21,0,–,0,–,–,2,–,–,0,–
Santa Inês †,-,-,Santa Inês,MA,-,-,0,–,0,–,–,2,–,–,0,–
São Gonçalo-RN †,-,-,São Gonçalo do Amarante,RN,-,-,0,–,0,–,–,2,–,–,0,–
Sertãozinho,Sertãozinho Futebol Clube,Touro dos Canaviais,Sertãozinho,SP,1944-08-06,1944-08-06,0,–,0,–,–,2,–,–,0,–
Taveirópolis †,Esporte Clube Taveirópolis,Taveira,Campo Grande,MS,1938-07-30,1938-07-30,0,–,0,–,–,2,–,–,0,–
União Araguainense †,-,-,Araguaína,TO,-,-,0,–,0,–,–,2,–,–,0,–
Vasco-AC,Associação Desportiva Vasco da Gama,Bacalhau D&#39;água Doce,Rio Branco,AC,1952-06-28,1952-06-28,0,–,0,–,–,2,–,–,0,–
Viana,Esporte Clube Viana,Leão da Baixada,Viana,MA,1995-06-15,1995-06-15,0,–,0,–,–,2,–,–,0,–
Metropolitano,Clube Atlético Metropolitano,Verdão,Blumenau,SC,2002-01-22,2002-01-22,0,–,0,–,–,1,–,–,8,–
Santos-AP,-,-,Macapá,AP,-,-,0,–,0,–,–,1,–,–,8,–
Vitória da Conquista,Esporte Clube Primeiro Passo Vitória da Conquista,Bode,Vitória da Conquista,BA,2005-01-21,2005-01-21,0,–,0,–,–,1,–,–,6,–
Altos,Associação Atlética de Altos,Jacaré,Altos,PI,2013-07-19,2013-07-19,0,–,0,–,–,1,–,–,5,1
Boavista-RJ,Boavista Sport Club,Verdão de Saquarema,Saquarema,RJ,1961-10-14,2004-03-10,0,–,0,–,–,1,–,–,5,–
Juazeirense,Sociedade Desportiva Juazeirense,Cancão de Fogo,Juazeiro,BA,2006-12-12,2006-12-12,0,–,0,–,–,1,–,1,5,1
URT,União Recreativa dos Trabalhadores,Trovão Azul,Patos de Minas,MG,1939-07-09,1939-07-09,0,–,0,–,–,1,–,–,4,–
Novorizontino,Grêmio Novorizontino,O Tigre do Vale,Novo Horizonte,SP,2010-03-01,2010-03-01,0,–,0,–,–,1,–,–,3,1
Luziânia,Associação Atlética Luziânia,Azulino do Entorno,Luziânia,DF,1926-12-13,1926-12-13,0,–,0,–,–,1,–,–,3,–
Trem,Trem Desportivo Clube,Locomotiva,Macapá,AP,1947-01-01,1947-01-01,0,–,0,–,–,1,–,–,3,–
4 de Julho,4,Colorado de Piripiri,Piripiri,PI,1987-07-04,1987-07-04,0,–,0,–,–,1,–,–,2,–
Cristal †,Cristal Atlético Clube,Dragão,Macapá,AP,1969-11-15,1969-11-15,0,–,0,–,–,1,–,–,2,–
Floresta,Floresta Esporte Clube,Lobo da Vila Manoel Sátiro,Fortaleza,CE,1954-11-09,1954-11-09,0,–,0,–,–,1,–,–,2,1
Linense,Clube Atlético Linense,Elefante da Noroeste,Lins,SP,1927-06-12,1927-06-12,0,–,0,–,–,1,–,–,2,–
São Francisco,-,-,Santarém,PA,-,-,0,–,0,–,–,1,–,–,2,–
Vila Aurora,Sociedade Esportiva Vila Aurora,Tigrão,Rondonópolis,MT,1964-05-05,1964-05-05,0,–,0,–,–,1,–,–,2,–
América-AM †,-,-,Manaus,AM,-,-,0,–,0,–,–,1,–,–,1,–
Botafogo-DF [BOT],Associação Botafogo Futebol Clube,Alvinegro candango,Guará,DF,2009-07-14,2004-07-14,0,–,0,–,–,1,–,–,1,–
Camaçari †,Camaçari Futebol Clube,-,Camaçari,BA,1968-11-08,1968-11-08,0,–,0,–,–,1,–,–,1,–
Flamengo de Arcoverde,-,-,Arcoverde,PE,-,-,0,–,0,–,–,1,–,–,1,–
GAS [GAS],Grêmio Atlético Sampaio,Leão Dourado,Caracaraí,RR,1965-06-11,1965-06-11,0,–,0,–,–,1,–,–,1,–
Gaúcho,Sport Club Gaúcho,O mais querido da cidade,Passo Fundo,RS,1918-05-12,1918-05-12,0,–,0,–,–,1,–,–,1,–
Guarani-MG,-,-,Divinópolis,MG,-,-,0,–,0,–,–,1,–,–,1,–
Horizonte,Horizonte Futebol Clube,Galo do Tabuleiro,Horizonte,CE,2004-03-27,2004-03-27,0,–,0,–,–,1,–,–,1,–
Macapá,Esporte Clube Macapá,Leão,Macapá,AP,1941-09-07,1941-09-07,0,–,0,–,–,1,–,–,1,–
Nacional-PR,-,-,Rolândia,PR,-,-,0,–,0,–,–,1,–,–,1,–
Petrolina,Petrolina Social Futebol Clube,Fera Sertaneja,Petrolina,PE,1998-11-11,1998-11-11,0,–,0,–,–,1,–,–,1,–
Santa Cruz-RN,Sport Club Santa Cruz,Tricolor do Trairi,Santa Cruz,RN,2003-11-30,2003-11-30,0,–,0,–,–,1,–,–,1,–
São Luiz,Esporte Clube São Luiz,Rubro,Ijuí,RS,1938-02-20,1938-02-20,0,–,0,–,–,1,–,–,1,–
São Mateus,Centro Educativo Recreativo Associação Atlética São Mateus,Gigante do Norte,São Mateus,ES,1963-12-13,1963-12-13,0,–,0,–,–,1,–,–,1,–
Toledo,Toledo Esporte Clube,TEC,Toledo,PR,2004-02-10,2004-02-10,0,–,0,–,–,1,–,–,1,–
Abaeté †,Abaeté Futebol Clube,-,Abaetetuba,PA,1936-03-05,1936-03-05,0,–,0,–,–,1,–,–,0,–
ADAP †,Associação Desportiva Atlética do Paraná,-,Campo Mourão,PR,-,1999,0,–,0,–,–,1,–,–,0,–
ADESG †,Associação Desportiva Senador Guiomard,Leão do Quinari,Senador Guiomard,AC,1982-01-26,1982-01-26,0,–,0,–,–,1,–,–,0,–
Alvorada,Associação Atlética Alvorada,Águia do Norte,Alvorada,TO,-,-,0,–,0,–,–,1,–,–,0,–
América de Esperança †,-,-,Esperança,PB,-,-,0,–,0,–,–,1,–,–,0,–
Araçatuba,-,-,Araçatuba,SP,-,-,0,–,0,–,–,1,–,–,0,–
SE Ariquemes †,Sociedade Esportiva Ariquemes,Auriverde do Vale do Jamari,Ariquemes,RO,1981-04-11,1981-04-11,0,–,0,–,–,1,–,–,0,–
Atlético Três Corações,-,-,Três Corações,MG,-,-,0,–,0,–,–,1,–,–,0,–
Barra de Teresópolis †,-,-,Teresópolis,RJ,-,-,0,–,0,–,–,1,–,–,0,–
Barra Mansa,Barra Mansa Futebol Clube,BMFC,Barra Mansa,RJ,1908-11-15,1908-11-15,0,–,0,–,–,1,–,–,0,–
Batalhense †,-,-,Belém,AL,-,-,0,–,0,–,–,1,–,–,0,–
Bayer †,Bayer Esporte Clube,-,Belford Roxo,RJ,1962-06-01,1962-06-01,0,–,0,–,–,1,–,–,0,–
Caçadorense †,-,-,Caçador,SC,-,-,0,–,0,–,–,1,–,–,0,–
Cacerense,Cacerense Esporte Clube,Fera da Fronteira,Cáceres,MT,2005-07-05,2005-07-05,0,–,0,–,–,1,–,–,0,–
Cachoeiro †,Cachoeiro Futebol Clube,Alvirrubro,Cachoeiro de Itapemirim,ES,1916-01-09,1916-01-09,0,–,0,–,–,1,–,–,0,–
Caldas,Caldas Esporte Clube,-,Caldas Novas,GO,1982-04-18,1982-04-18,0,–,0,–,–,1,–,–,0,–
Caxias-SC,Caxias Futebol Clube,Gualicho,Joinville,SC,1920-10-12,1920-10-12,0,–,0,–,–,1,–,–,0,–
Centro Limoeirense,Centro Limoeirense de Futebol,O Mais Querido,Limoeiro,PE,1913-09-15,1913-09-15,0,–,0,–,–,1,–,–,0,–
CFA †,-,-,Porto Velho,RO,-,-,0,–,0,–,–,1,–,–,0,–
CFZ-RJ †,-,-,Rio de Janeiro,RJ,-,-,0,–,0,–,–,1,–,–,0,–
Chapadão,Sociedade Esportiva e,Tricolor,Chapadão do Sul,MS,1981-08-28,1981-08-28,0,–,0,–,–,1,–,–,0,–
Chapadinha,-,-,Chapadinha,MA,-,-,0,–,0,–,–,1,–,–,0,–
Corinthians-PP †,Esporte Clube Corinthians,Corintinha,Presidente Prudente,SP,1945-02-08,1945-02-08,0,–,0,–,–,1,–,–,0,–
Coroatá †,-,-,Coroatá,MA,-,-,0,–,0,–,–,1,–,–,0,–
Coxim,Coxim Atlético Clube,CAC,Coxim,MS,2002-01-10,2002-01-10,0,–,0,–,–,1,–,–,0,–
Duque de Caxias-MA †,-,-,Caxias,MA,-,-,0,–,0,–,–,1,–,–,0,–
Engenheiro Beltrão †,-,-,Engenheiro Beltrão,PR,-,-,0,–,0,–,–,1,–,–,0,–
EC Limoeiro,-,-,Limoeiro do Norte,CE,-,-,0,–,0,–,–,1,–,–,0,–
Fabril †,Fabril Esporte Clube,Falcão da Zona Norte,Lavras,MG,1932-09-02,1932-09-02,0,–,0,–,–,1,–,–,0,–
Guarabira,Associação Desportiva Guarabira,Guarabira,Guarabira,PB,2005-05-02,2005-05-02,0,–,0,–,–,1,–,–,0,–
Guarany de Cruz Alta †,Sport Club Guarany,Rei da Campanha,Cruz Alta,RS,1913-09-20,1913-09-20,0,–,0,–,–,1,–,–,0,–
Holanda,Holanda Esporte Clube,Time  Laranja,Rio Preto da Eva,AM,2007-10-21,1984-10-24,0,–,0,–,–,1,–,–,0,–
Iguaçu,Associação Atlética Iguaçu,Pantera do Vale,União da Vitória,PR,1971-08-15,1971-08-15,0,–,0,–,–,1,–,–,0,–
Itacuruba †,Itacuruba Sport Club,Papão,Itacuruba,PE,1987-08-02,1987-08-02,0,–,0,–,–,1,–,–,0,–
Jaguaré †,Associação Jaguaré Esporte Clube,Tricolor do Norte,Jaguaré,ES,2001-12-05,2001-12-05,0,–,0,–,–,1,–,–,0,–
Jaruense †,-,-,Jaru,RO,-,-,0,–,0,–,–,1,–,–,0,–
Joaçaba †,-,-,Joaçaba,SC,-,-,0,–,0,–,–,1,–,–,0,–
Juventude-MT †,Sociedade Esportiva e Recreativa Juventude,-,Primavera do Leste,MT,1982-05-23,1982-05-23,0,–,0,–,–,1,–,–,0,–
Lagartense,Atlético Clube Lagartense,Verdão,Lagarto,SE,1992-08-11,1992-08-11,0,–,0,–,–,1,–,–,0,–
Lages †,-,-,Lages,SC,-,-,0,–,0,–,–,1,–,–,0,–
Legião,-,-,Brasília,DF,-,-,0,–,0,–,–,1,–,–,0,–
AD Limoeiro †,Associação Desportiva Limoeiro Futebol Clube,Jaguar do Vale,Limoeiro do Norte,CE,2001-02-01,2001-02-01,0,–,0,–,–,1,–,–,0,–
Linhares EC †,Linhares Esporte Clube,Coruja Azul,Linhares,ES,1991-03-15,1991-03-15,0,–,0,–,–,1,–,–,0,–
Mamoré,Esporte Clube Mamoré,Sapo,Patos de Minas,MG,1949-06-13,1949-06-13,0,–,0,–,–,1,–,–,0,–
Manchete †[MAN],Manchete Futebol Clube do Recife,Colorado,Recife,PE,1950-01-01,1950-01-01,0,–,0,–,–,1,–,–,0,–
Mineiros,Mineiros Esporte Clube,Águia do Vale,Mineiros,GO,1977-01-20,1977-01-20,0,–,0,–,–,1,–,–,0,–
Montes Claros,-,-,Montes Claros,MG,-,-,0,–,0,–,–,1,–,–,0,–
Novo Horizonte,Novo Horizonte Futebol Clube,Zonte,Ipameri,GO,1968-02-27,1968-02-27,0,–,0,–,–,1,–,–,0,–
Olímpia,Olímpia Futebol Clube,OFC,Olímpia,SP,1946-12-05,1946-12-05,0,–,0,–,–,1,–,–,0,–
Operário Ltda.,-,-,Várzea Grande,MT,-,-,0,–,0,–,–,1,–,–,0,–
EC Operário †,-,-,Várzea Grande,MT,-,-,0,–,0,–,–,1,–,–,0,–
Paraíso [PAR] †,Paraíso Esporte Clube,Touro Forte,Paraíso do Tocantins,TO,1992-07-13,1992-07-13,0,–,0,–,–,1,–,–,0,–
Paranoá,Paranoá Esporte Clube,-,Paranoá,DF,2000-04-30,2000-04-30,0,–,0,–,–,1,–,–,0,–
Passo Fundo,Esporte Clube Passo Fundo,O clube que nasceu campeão&#39;,Passo Fundo,RS,1986-01-10,1986-01-10,0,–,0,–,–,1,–,–,0,–
Pauferrense †,Sociedade Esportiva Pauferrense,Gavião do Oeste,Pau dos Ferros,RN,1995-05-01,1995-05-01,0,–,0,–,–,1,–,–,0,–
Paulistano †,Paulistano Futebol Clube,-,Paulista,PE,1982-08-07,1982-08-07,0,–,0,–,–,1,–,–,0,–
Pedrabranca †[PED],Pedrabranca Futebol Clube,-,Alvorada,RS,2001-04-09,--08-08,0,–,0,–,–,1,–,–,0,–
Pirambu †,Olímpico Pirambu Futebol Clube,Time da Calcinha Preta,Pirambu,SE,1931-09-04,1931-09-04,0,–,0,–,–,1,–,–,0,–
Poções †,Serrano Sport Club,Raposa do Agreste,Poções,BA,1985-01-08,1985-01-08,0,–,0,–,–,1,–,–,0,–
Quixadá †,Quixadá Futebol Clube,Canarinho do Sertão,Quixadá,CE,1965-10-27,1965-10-27,0,–,0,–,–,1,–,–,0,–
Real Clube †,-,-,Itumbiara,GO,-,-,0,–,0,–,–,1,–,–,0,–
Rio Claro,Rio Claro Futebol Clube,Aguinha,Rio Claro,SP,1909-05-09,1909-05-09,0,–,0,–,–,1,–,–,0,–
Rio Negro-RR,-,-,Boa Vista,RR,-,-,0,–,0,–,–,1,–,–,0,–
Rio Pardo †,-,-,Iúna,ES,-,-,0,–,0,–,–,1,–,–,0,–
Rio Verde,Esporte Clube Rio Verde,Verdão,Rio Verde,GO,1963-08-22,1963-08-22,0,–,0,–,–,1,–,–,0,–
Rioverdense,Associação Atlética Rioverdense,Tricolor do Cerrado,Rio Verde,GO,1985-04-12,1985-04-12,0,–,0,–,–,1,–,–,0,–
Roma de Apucarana †,Roma Esporte de Apucarana S/A Ltda.,Tricolor,Apucarana,PR,-,2000,0,–,0,–,–,1,–,–,0,–
Santa Cruz-PB †,Santa Cruz Recreativo Esporte Clube,Santa Cruz de Santa Rita,Santa Rita,PB,1939-04-15,1939-04-15,0,–,0,–,–,1,–,–,0,–
Santa Rosa,Santa Rosa Esporte Clube,Pantera da Vila,Belém,PA,1924-01-06,1924-01-06,0,–,0,–,–,1,–,–,0,–
São Borja [SBO],-,-,São Borja,RS,-,-,0,–,0,–,–,1,–,–,0,–
Sãocarlense,Grêmio Esportivo Sãocarlense,Lobo da Central,São Carlos,SP,1976-03-19,1976-03-19,0,–,0,–,–,1,–,–,0,–
São Cristóvão,São Cristóvão de Futebol e Regatas,Tóvão,Rio de Janeiro,RJ,1898-10-12,1898-10-12,0,–,0,–,–,1,–,–,0,–
São Gabriel FC †,São Gabriel Futebol Clube,-,São Gabriel,RS,-,2000,0,–,0,–,–,1,–,–,0,–
São José-AP †,Sociedade Esportiva e Recreativa São José,O mais querido,Macapá,AP,1946-08-26,1946-08-26,0,–,0,–,–,1,–,–,0,–
Serrano-PE,-,-,Serra Talhada,PE,-,-,0,–,0,–,–,1,–,–,0,–
Sete de Setembro-AL,-,-,Maceió,AL,-,-,0,–,0,–,–,1,–,–,0,–
Social,Social Futebol Clube,Saci de Aço,Coronel Fabriciano,MG,1944-10-01,1944-10-01,0,–,0,–,–,1,–,–,0,–
Tiradentes-PA,-,-,Belém,PA,-,-,0,–,0,–,–,1,–,–,0,–
Tocantins-MA †,-,-,Imperatriz,MA,-,-,0,–,0,–,–,1,–,–,0,–
Ulbra-RO †,Sport Club Ulbra Ji-Paraná,Coruja,Ji-Paraná,RO,2005-04-01,2005-04-01,0,–,0,–,–,1,–,–,0,–
Unibol †,Unibol Pernambuco Futebol Clube,-,Paulista,PE,1996-09-16,1996-09-16,0,–,0,–,–,1,–,–,0,–
Vênus,-,-,Abaetetuba,PA,-,-,0,–,0,–,–,1,–,–,0,–
Vera Cruz,-,-,Vitória de Santo Antão,PE,-,-,0,–,0,–,–,1,–,–,0,–
Aparecidense,Associação Atlética Aparecidense,Camaleão,Aparecida de Goiânia,GO,1985-10-22,1985-10-22,0,–,0,–,–,0,–,–,9,–
Guarani de Juazeiro,-,-,Juazeiro do Norte,CE,-,-,0,–,0,–,–,0,–,–,5,–
Goianésia,Goianésia Esporte Clube,Azulão do Vale,Goianésia,GO,1955-03-28,1955-03-28,0,–,0,–,–,0,–,–,6,–
Sinop,Sinop Futebol Clube,Galo do Norte,Sinop,MT,1977-01-16,1977-01-16,0,–,0,–,–,0,–,–,5,–
Bahia de Feira,Associação Desportiva Bahia de Feira,Tremendão,Feira de Santana,BA,1937-07-02,1937-07-02,0,–,0,–,–,0,–,–,4,–
Maringá,Maringá Futebol Clube,Zebra and Tricolor,Maringá,PR,-,2010,0,–,0,–,–,0,–,–,4,–
Murici,Murici Futebol Clube,Verdão,Murici,AL,1974-09-07,1974-09-07,0,–,0,–,–,0,–,–,4,–
Náutico-RR,Náutico Futebol Clube,Clube Simpatia de Roraima,Caracaraí,RR,1962-12-22,1962-12-22,0,–,0,–,–,0,–,–,4,–
Real Ariquemes,-,-,Ariquemes,RO,-,-,0,–,0,–,–,0,–,–,4,–
Espírito Santo,Espírito Santo Futebol Clube,Santão,Vitória,ES,2006-08-06,2006-08-06,0,–,0,–,–,0,–,–,3,–
Foz do Iguaçu,Auritânia Foz do Iguaçu Futebol Clube,O Azulão da Fronteira,Foz do Iguaçu,PR,1996-02-09,1996-02-09,0,–,0,–,–,0,–,–,3,–
Independente-PA,-,-,Tucuruí,PA,-,-,0,–,0,–,–,0,–,–,3,–
Interporto,Interporto Futebol Clube,-,Porto Nacional,TO,1990-07-13,1990-07-13,0,–,0,–,–,0,–,–,3,–
Plácido de Castro,Plácido de Castro Futebol Club,Tigre do Abunã,Plácido de Castro,AC,1979-11-03,1979-11-03,0,–,0,–,–,0,–,–,3,–
Atlético Cearense,-,-,Fortaleza,CE,-,-,0,–,0,–,–,0,–,–,3,–
Tubarão,Clube Atlético Tubarão,Furacão do Sul,Tubarão,SC,2005-04-14,2005-04-14,0,–,0,–,–,0,–,–,3,–
Galvez,Galvez Esporte Clube,Time Militar,Rio Branco,AC,2011-07-03,2011-07-03,0,–,0,–,–,0,–,–,3,–
Penarol,Penarol Atlético Clube,Leão Azul,Itacoatiara,AM,1947-08-08,1947-08-08,0,–,0,–,–,0,–,–,3,–
Vilhena,Vilhena Esporte Clube,Lobo do Cerrado,Vilhena,RO,1991-06-03,1991-06-03,0,–,0,–,–,0,–,–,3,–
Aquidauanense,Aquidauanense Futebol Clube,Azulão da Princesa,Aquidauana,MS,2001-12-10,2001-12-10,0,–,0,–,–,0,–,–,2,–
Aracruz †,Esporte Clube Aracruz,Dragão Vermelho,Aracruz,ES,-,-,0,–,0,–,–,0,–,–,2,–
Audax,-,-,Osasco,SP,-,-,0,–,0,–,–,0,–,–,2,–
Barcelona-RO,-,-,Vilhena,RO,-,-,0,–,0,–,–,0,–,–,2,–
Bragantino-PA,Bragantino Clube do Pará,Tubarão do Caeté,Bragança,PA,1975-03-06,1975-03-06,0,–,0,–,–,0,–,–,2,–
Cerâmica †,Cerâmica Atlético Clube,CAC,Gravataí,RS,1950-04-19,1950-04-19,0,–,0,–,–,0,–,–,2,–
Comercial-PI,Comercial Atlético Clube,O Bode da Terra dos Carnaubais,Campo Maior,PI,1945-04-21,1945-04-21,0,–,0,–,–,0,–,–,2,–
Cordino,Cordino Esporte Clube,Heróis de Barra do Corda,Barra do Corda,MA,2010-03-08,2010-03-08,0,–,0,–,–,0,–,–,2,–
FC Cascavel,-,-,Cascavel,PR,-,-,0,–,0,–,–,0,–,–,2,–
Iporá,Iporá Esporte Clube,IPEC,Iporá,GO,2000-01-01,2000-01-01,0,–,0,–,–,0,–,–,2,–
Juventude-MA,Sociedade Esportiva Juventude,Poraquê &#39;&#39;,São Mateus do Maranhão,MA,1979-06-14,1979-06-14,0,–,0,–,–,0,–,–,2,–
Lajeadense,Clube Esportivo Lajeadense,Alviazul,Lajeado,RS,1911-04-23,1911-04-23,0,–,0,–,–,0,–,–,2,–
Nova Iguaçu,-,-,Nova Iguaçu,RJ,-,-,0,–,0,–,–,0,–,–,2,–
Paragominas,Paragominas Futebol Clube,Jacaré,Paragominas,PA,2012-03-06,2012-03-06,0,–,0,–,–,0,–,–,2,–
Patrocinense,Clube Atlético Patrocinense,Águia,Patrocínio,MG,1954-03-19,1954-03-19,0,–,0,–,–,0,–,–,2,–
Penapolense,Clube Atlético Penapolense,Pantera da Noroeste,Penápolis,SP,1944-11-16,1944-11-16,0,–,0,–,–,0,–,–,2,–
PSTC,Paraná Soccer Technical Center,-,Cornélio Procópio,PR,1994-08-15,1994-08-15,0,–,0,–,–,0,–,–,2,–
Red Bull Brasil,Red Bull Brasil,RBB,Campinas,SP,2007-11-19,2007-11-19,0,–,0,–,–,0,–,–,2,–
Resende,-,-,Resende,RJ,-,-,0,–,0,–,–,0,–,–,2,–
River Plate-SE,Sociedade Esportiva River Plate,River do Carmo,Carmópolis,SE,1967-08-18,1967-08-18,0,–,0,–,–,0,–,–,2,–
Serra Talhada,Serra Talhada Futebol Clube,-,Serra Talhada,PE,2011-02-25,2011-02-25,0,–,0,–,–,0,–,–,2,–
Sete de Dourados,Clube Desportivo Sete de Setembro,Tricolor,Dourados,MS,1994-09-07,1994-09-07,0,–,0,–,–,0,–,–,2,–
Afogados,Afogados da Ingazeira Futebol Clube,Coruja do Sertão,Afogados da Ingazeira,PE,2013-12-18,2013-12-18,0,–,0,–,–,0,–,–,1,–
Aimoré,Clube Esportivo Aimoré,Índio Capilé,São Leopoldo,RS,1936-03-26,1936-03-26,0,–,0,–,–,0,–,–,1,–
AA Araguaia,-,-,Barra do Garças,MT,-,-,0,–,0,–,–,0,–,–,1,–
Araguaia AC †,Araguaia Atlético Clube,Pantera do Vale,Alto Araguaia,MT,1978-12-01,1978-12-01,0,–,0,–,–,0,–,–,1,–
Arapongas,Arapongas Esporte Clube,Arapongão,Arapongas,PR,1974-06-06,1974-06-06,0,–,0,–,–,0,–,–,1,–
Araxá,Araxá Esporte Clube,Ganso,Araxá,MG,1958-11-16,1958-11-16,0,–,0,–,–,0,–,–,1,–
ASSU,Associação Sportiva Sociedade Unida,Camaleão do Vale,Assu,RN,2002-01-10,2002-01-10,0,–,0,–,–,0,–,–,1,–
Avenida,Esporte Clube Avenida,Nida,Santa Cruz do Sul,RS,1944-01-06,1944-01-06,0,–,0,–,–,0,–,–,1,–
Atlético Itapemirim,Clube Atlético Itapemirim,Galo da Vila,Itapemirim,ES,1965-12-05,1965-12-05,0,–,0,–,–,0,–,–,1,–
Atlético Pernambucano,-,-,Carpina,PE,-,-,0,–,0,–,–,0,–,–,1,–
Audax Rio,Audax Rio de Janeiro Esporte Clube,Laranja Meritiense,São João de Meriti,RJ,2005-05-08,2005-05-08,0,–,0,–,–,0,–,–,1,–
Belo Jardim,Belo Jardim Futebol Clube,Calango do Agreste,Belo Jardim,PE,2005-01-18,2005-01-18,0,–,0,–,–,0,–,–,1,–
Cametá,Cametá Sport Club,Mapará Elétrico,Cametá,PA,2007-07-22,2007-07-22,0,–,0,–,–,0,–,–,1,–
Caucaia,Caucaia Esporte Clube,Tricolor Metropolitano,Caucaia,CE,2004-04-16,2004-04-16,0,–,0,–,–,0,–,–,1,–
Concórdia,Concórdia Atlético Clube,Galo do Oeste,Concórdia,SC,2005-03-02,2005-03-02,0,–,0,–,–,0,–,–,1,–
Cruzeiro-RS,-,-,Cachoeirinha,RS,-,-,0,–,0,–,–,0,–,–,1,–
Estanciano,Estanciano Esporte Clube,Canarinho do Piauitinga,Estância,SE,1956-06-14,1956-06-14,0,–,0,–,–,0,–,–,1,–
Feirense †,Feirense Futebol Clube,-,Feira de Santana,BA,1997-01-12,1997-01-12,0,–,0,–,–,0,–,–,1,–
Formosa,Bosque Formosa Esporte Clube,Forasteiro Atrevido,Formosa,DF,1978-09-21,1978-09-21,0,–,0,–,–,0,–,–,1,–
Freipaulistano,Associação Desportiva Freipaulistano,Galácticos do Sertão,Frei Paulo,SE,2016-08-29,2016-08-29,0,–,0,–,–,0,–,–,1,–
Guarani de Palhoça,-,-,Palhoça,SC,-,-,0,–,0,–,–,0,–,–,1,–
Itaboraí,Associação Desportiva Itaboraí,Águia do Leste Fluminense,Itaboraí,RJ,1976-07-30,1976-07-30,0,–,0,–,–,0,–,–,1,–
Itaporã †,Itaporã Futebol Clube,-,Itaporã,MS,2008-03-05,2008-03-05,0,–,0,–,–,0,–,–,1,–
Jaraguá,-,-,Jaraguá,GO,-,-,0,–,0,–,–,0,–,–,1,–
Jacyobá,-,-,Pão de Açúcar,AL,-,-,0,–,0,–,–,0,–,–,1,–
Jacobina,-,-,Jacobina,BA,-,-,0,–,0,–,–,0,–,–,1,–
JV Lideral †,JV Lideral Futebol Clube,Trator do Camaçari,Imperatriz,MA,1994-04-30,1994-04-30,0,–,0,–,–,0,–,–,1,–
Nacional-MG [NAC] †,-,-,Esmeraldas,MG,-,-,0,–,0,–,–,0,–,–,1,–
Náuas,Náuas Esporte Clube,Cacique do Juruá,Cruzeiro do Sul,AC,1923-10-19,1923-10-19,0,–,0,–,–,0,–,–,1,–
CE Naviraiense,Clube Esportivo Naviraiense,Jacaré do Cone Sul,Naviraí,MS,2005-11-25,2005-11-25,0,–,0,–,–,0,–,–,1,–
Nova Mutum,Nova Mutum Esporte Clube,Azulão da Massa,Nova Mutum,MT,-,1988,0,–,0,–,–,0,–,–,1,–
Novo,Novo Futebol Clube,-,Campo Grande,MS,2010-10-11,2010-10-11,0,–,0,–,–,0,–,–,1,–
Porto Velho,Porto Velho Esporte Clube,Locomotiva,Porto Velho,RO,2018-04-23,2018-04-23,0,–,0,–,–,0,–,–,1,–
Prudentópolis,Prudentópolis Futebol Clube,Tigrão,Prudentópolis,PR,2007-09-01,2007-09-01,0,–,0,–,–,0,–,–,1,–
Real Noroeste,Real Noroeste Capixaba Futebol Clube,Merengue Capixaba,Águia Branca,ES,2008-04-09,2008-04-09,0,–,0,–,–,0,–,–,1,–
Retrô,Retrô Futebol Clube Brasil,Soberano Recifense,Camaragibe,PE,2016-02-15,2016-02-15,0,–,0,–,–,0,–,–,1,–
Rio Branco VN,Rio Branco Futebol Clube,Tricolor Serrano,Venda Nova do Imigrante,ES,1945-06-29,1945-06-29,0,–,0,–,–,0,–,–,1,–
Rondoniense,Rondoniense Social Clube,Periquito da Zona Leste,Porto Velho,RO,-,2007,0,–,0,–,–,0,–,–,1,–
Santa Cruz de Natal,-,-,Natal,RN,-,-,0,–,0,–,–,0,–,–,1,–
Santa Rita,-,-,Boca da Mata,AL,-,-,0,–,0,–,–,0,–,–,1,–
Santana,Santana Esporte Clube,Canário Milionário,Santana,AP,1955-09-25,1955-09-25,0,–,0,–,–,0,–,–,1,–
São Bernardo,São Bernardo Futebol Clube Ltda.,Bernô,São Bernardo do Campo,SP,2004-12-20,,0,–,0,–,–,0,–,–,1,–
Serrano-PB,Grêmio Recreativo Serrano,Lobo da Serra,Campina Grande,PB,1989-09-20,1989-09-20,0,–,0,–,–,0,–,–,1,–
Sparta,Sociedade Desportiva Sparta,Tricolor do Norte,Araguaína,TO,2006-02-25,2006-02-25,0,–,0,–,–,0,–,–,1,–
Tocantins de Miracema,Tocantins Esporte Clube,Tecão Maravilha,Miracema do Tocantins,TO,1975-12-02,1975-12-02,0,–,0,–,–,0,–,–,1,–
Tocantins de Palmas †,Tocantins Futebol Clube,Tigrão da Serra,Palmas,TO,1999-10-10,1999-10-10,0,–,0,–,–,0,–,–,1,–
Tupynambás,Tupynambás Futebol Clube,Baeta,Juiz de Fora,MG,1911-08-15,1911-08-15,0,–,0,–,–,0,–,–,1,–
Vilhenense,Vilhenense Esportivo Clube,Leão de Vilhena,Vilhena,RO,2017-10-10,2017-10-10,0,–,0,–,–,0,–,–,1,–
