Fase,Data,Horário,Mandante,Visitante,Placar Mandante,Placar Visitante
Grp.A,1981-01-17,,Vitória,Londrina,3,1
Grp.A,1981-01-17,,Vasco,Vila Nova,3,1
Grp.B,1981-01-18,,Desportiva Ferroviária,Botafogo,0,4
Grp.B,1981-01-18,,Operário-MS,Pinheiros-PR,1,1
Grp.B,1981-01-18,,Brasília,Portuguesa,2,2
Grp.A,1981-01-18,,Joinville,Inter de Limeira,1,2
Grp.A,1981-01-18,,Bangu,Colorado,0,0
Grp.A,1981-01-18,,Internacional,Ponte Preta,4,2
Grp.B,1981-01-18,,Galícia,Corinthians,0,2
Grp.C,1981-01-18,,Sport,São Paulo,0,0
Grp.D,1981-01-18,,Sampaio Corrêa,Itabaiana,1,0
Grp.D,1981-01-18,,Nacional-AM,Cruzeiro,1,0
Grp.D,1981-01-18,,Flamengo,Santos,0,0
Grp.D,1981-01-18,,CRB,Fortaleza,1,1
Grp.C,1981-01-18,,América-RN,River-PI,2,0
Grp.C,1981-01-18,,Atlético Mineiro,CSA,3,0
Grp.C,1981-01-18,,Mixto,Fluminense,1,1
Grp.C,1981-01-18,,Ferroviário,Campinense,2,1
Grp.B,1981-01-18,,Goiás,Grêmio,0,0
Grp.A,1981-01-21,,Joinville,Vasco,0,2
Grp.A,1981-01-21,,Londrina,Bangu,2,1
Grp.A,1981-01-21,,Inter de Limeira,Colorado,1,1
Grp.B,1981-01-21,,Portuguesa,Goiás,2,0
Grp.C,1981-01-21,,América-RN,São Paulo,1,1
Grp.A,1981-01-21,,Ponte Preta,Vitória,3,0
Grp.D,1981-01-21,,Nacional-AM,Flamengo,0,1
Grp.B,1981-01-21,,Botafogo,Operário-MS,1,0
Grp.C,1981-01-21,,Atlético Mineiro,Campinense,0,0
Grp.D,1981-01-21,,Santos,CRB,5,2
Grp.D,1981-01-21,,Fortaleza,Itabaiana,1,0
Grp.D,1981-01-21,,Paysandu,Cruzeiro,1,3
Grp.C,1981-01-21,,CSA,Fluminense,0,2
Grp.C,1981-01-21,,River-PI,Mixto,0,0
Grp.B,1981-01-21,,Brasília,Corinthians,0,1
Grp.B,1981-01-21,,Desportiva Ferroviária,Pinheiros-PR,0,1
Grp.B,1981-01-21,,Grêmio,Galícia,2,1
Grp.D,1981-01-22,,Sampaio Corrêa,Santa Cruz,1,1
Grp.C,1981-01-22,,Sport,Ferroviário,2,0
Grp.A,1981-01-22,,Vila Nova,Internacional,0,2
Grp.D,1981-01-24,,Fortaleza,Nacional-AM,1,1
Grp.C,1981-01-24,,São Paulo,Mixto,4,0
Grp.C,1981-01-24,,Fluminense,América-RN,4,2
Grp.B,1981-01-25,,Corinthians,Botafogo,1,3
Grp.B,1981-01-25,,Grêmio,Desportiva Ferroviária,2,0
Grp.A,1981-01-25,,Bangu,Ponte Preta,5,1
Grp.A,1981-01-25,,Vila Nova,Joinville,0,0
Grp.A,1981-01-25,,Londrina,Inter de Limeira,0,1
Grp.A,1981-01-25,,Colorado,Vitória,2,1
Grp.B,1981-01-25,,Operário-MS,Portuguesa,2,1
Grp.A,1981-01-25,,Vasco,Internacional,4,0
Grp.D,1981-01-25,,Itabaiana,CRB,3,1
Grp.C,1981-01-25,,Ferroviário,Atlético Mineiro,1,1
Grp.C,1981-01-25,,CSA,River-PI,2,1
Grp.C,1981-01-25,,Campinense,Sport,4,1
Grp.D,1981-01-25,,Paysandu,Flamengo,3,0
Grp.D,1981-01-25,,Santa Cruz,Santos,1,1
Grp.B,1981-01-25,,Galícia,Brasília,1,0
Grp.D,1981-01-25,,Cruzeiro,Sampaio Corrêa,1,1
Grp.B,1981-01-25,,Pinheiros-PR,Goiás,0,0
Grp.D,1981-01-28,,Flamengo,Sampaio Corrêa,2,0
Grp.B,1981-01-28,,Pinheiros-PR,Grêmio,1,1
Grp.B,1981-01-28,,Brasília,Botafogo,0,2
Grp.B,1981-01-28,,Corinthians,Desportiva Ferroviária,2,2
Grp.A,1981-01-28,,Internacional,Londrina,1,0
Grp.A,1981-01-28,,Ponte Preta,Inter de Limeira,3,0
Grp.A,1981-01-28,,Bangu,Vasco,3,2
Grp.B,1981-01-28,,Goiás,Operário-MS,2,0
Grp.B,1981-01-28,,Portuguesa,Galícia,2,1
Grp.C,1981-01-28,,Mixto,América-RN,4,2
Grp.D,1981-01-28,,CRB,Santa Cruz,3,1
Grp.C,1981-01-28,,River-PI,São Paulo,0,2
Grp.C,1981-01-28,,Ferroviário,Fluminense,4,1
Grp.C,1981-01-28,,Atlético Mineiro,Sport,1,1
Grp.D,1981-01-28,,Santos,Paysandu,4,0
Grp.D,1981-01-29,,Nacional-AM,Itabaiana,1,0
Grp.A,1981-01-29,,Colorado,Joinville,1,0
Grp.A,1981-01-29,,Vitória,Vila Nova,1,0
Grp.D,1981-01-29,,Cruzeiro,Fortaleza,1,0
Grp.C,1981-01-29,,Campinense,CSA,0,1
Grp.B,1981-01-31,,Galícia,Goiás,3,2
Grp.B,1981-01-31,,Botafogo,Portuguesa,0,1
Grp.B,1981-01-31,,Grêmio,Corinthians,1,0
Grp.B,1981-02-01,,Desportiva Ferroviária,Operário-MS,0,2
Grp.A,1981-02-01,,Vitória,Bangu,2,0
Grp.A,1981-02-01,,Joinville,Internacional,1,0
Grp.A,1981-02-01,,Vila Nova,Colorado,2,1
Grp.A,1981-02-01,,Londrina,Ponte Preta,0,1
Grp.B,1981-02-01,,Brasília,Pinheiros-PR,3,2
Grp.C,1981-02-01,,Mixto,Campinense,1,0
Grp.D,1981-02-01,,Sampaio Corrêa,CRB,1,1
Grp.D,1981-02-01,,Itabaiana,Flamengo,0,2
Grp.D,1981-02-01,,Nacional-AM,Santa Cruz,1,1
Grp.D,1981-02-01,,Santos,Cruzeiro,0,0
Grp.C,1981-02-01,,Fluminense,Atlético Mineiro,2,1
Grp.C,1981-02-01,,América-RN,Ferroviário,3,2
Grp.C,1981-02-01,,CSA,São Paulo,2,2
Grp.C,1981-02-01,,Sport,River-PI,1,1
Grp.A,1981-02-01,,Inter de Limeira,Vasco,0,2
Grp.D,1981-02-01,,Fortaleza,Paysandu,1,1
Grp.B,1981-02-04,,Operário-MS,Galícia,1,0
Grp.B,1981-02-04,,Portuguesa,Grêmio,1,0
Grp.C,1981-02-04,,São Paulo,Ferroviário,0,0
Grp.B,1981-02-04,,Desportiva Ferroviária,Brasília,2,2
Grp.B,1981-02-04,,Pinheiros-PR,Botafogo,2,2
Grp.A,1981-02-04,,Ponte Preta,Joinville,2,0
Grp.A,1981-02-04,,Colorado,Internacional,0,0
Grp.A,1981-02-04,,Inter de Limeira,Vitória,1,0
Grp.C,1981-02-04,,Mixto,CSA,3,0
Grp.A,1981-02-04,,Bangu,Vila Nova,5,1
Grp.D,1981-02-04,,CRB,Cruzeiro,0,1
Grp.D,1981-02-04,,Santa Cruz,Itabaiana,2,0
Grp.C,1981-02-04,,América-RN,Sport,1,1
Grp.D,1981-02-04,,Flamengo,Fortaleza,8,0
Grp.D,1981-02-04,,Sampaio Corrêa,Santos,0,1
Grp.C,1981-02-04,,River-PI,Atlético Mineiro,1,0
Grp.D,1981-02-04,,Paysandu,Nacional-AM,0,0
Grp.C,1981-02-04,,Fluminense,Campinense,4,1
Grp.C,1981-02-07,,Campinense,São Paulo,0,0
Grp.B,1981-02-07,,Pinheiros-PR,Galícia,0,0
Grp.B,1981-02-07,,Brasília,Operário-MS,1,3
Grp.B,1981-02-07,,Portuguesa,Corinthians,1,0
Grp.B,1981-02-07,,Botafogo,Grêmio,2,3
Grp.A,1981-02-07,,Internacional,Bangu,0,0
Grp.C,1981-02-07,,River-PI,Fluminense,3,1
Grp.A,1981-02-07,,Londrina,Colorado,0,2
Grp.D,1981-02-07,,Nacional-AM,CRB,1,0
Grp.D,1981-02-07,,Santa Cruz,Fortaleza,2,1
Grp.A,1981-02-07,,Vitória,Joinville,1,1
Grp.D,1981-02-07,,Cruzeiro,Flamengo,0,0
Grp.D,1981-02-07,,Paysandu,Sampaio Corrêa,4,0
Grp.C,1981-02-07,,CSA,Ferroviário,0,0
Grp.D,1981-02-07,,Itabaiana,Santos,0,3
Grp.A,1981-02-07,,Ponte Preta,Vasco,1,1
Grp.B,1981-02-07,,Goiás,Desportiva Ferroviária,2,0
Grp.C,1981-02-11,,Sport,Mixto,1,0
Grp.A,1981-02-11,,Vila Nova,Inter de Limeira,2,0
Grp.B,1981-02-11,,Corinthians,Goiás,1,1
Grp.C,1981-02-11,,Atlético Mineiro,América-RN,2,1
Grp.A,1981-02-12,,Vasco,Londrina,6,1
Grp.B,1981-02-14,,Galícia,Desportiva Ferroviária,1,0
Grp.C,1981-02-14,,Fluminense,Sport,0,1
Grp.C,1981-02-14,,Ferroviário,Mixto,3,2
Grp.A,1981-02-14,,Vitória,Internacional,0,0
Grp.C,1981-02-14,,São Paulo,Atlético Mineiro,2,1
Grp.B,1981-02-14,,Portuguesa,Pinheiros-PR,2,2
Grp.A,1981-02-14,,Inter de Limeira,Bangu,1,1
Grp.A,1981-02-14,,Joinville,Londrina,2,0
Grp.B,1981-02-14,,Operário-MS,Corinthians,0,1
Grp.A,1981-02-14,,Colorado,Vasco,1,0
Grp.C,1981-02-14,,Campinense,River-PI,4,0
Grp.A,1981-02-14,,Vila Nova,Ponte Preta,2,3
Grp.C,1981-02-14,,CSA,América-RN,3,2
Grp.D,1981-02-14,,Santos,Nacional-AM,3,0
Grp.B,1981-02-14,,Botafogo,Goiás,0,2
Grp.D,1981-02-14,,Paysandu,Itabaiana,3,0
Grp.B,1981-02-14,,Grêmio,Brasília,1,2
Grp.D,1981-02-14,,CRB,Flamengo,2,3
Grp.D,1981-02-14,,Cruzeiro,Santa Cruz,0,3
Grp.D,1981-02-14,,Fortaleza,Sampaio Corrêa,3,0
Grp.A,1981-02-19,,Vasco,Vitória,4,2
Grp.B,1981-02-19,,Corinthians,Pinheiros-PR,2,0
Grp.D,1981-02-21,,CRB,Paysandu,1,0
Grp.D,1981-02-21,,Flamengo,Santa Cruz,2,2
Grp.B,1981-02-21,,Operário-MS,Grêmio,2,1
Grp.D,1981-02-21,,Fortaleza,Santos,1,2
Grp.D,1981-02-21,,Itabaiana,Cruzeiro,1,5
Grp.D,1981-02-21,,Sampaio Corrêa,Nacional-AM,0,2
Grp.B,1981-02-21,,Galícia,Botafogo,3,1
Grp.B,1981-02-21,,Desportiva Ferroviária,Portuguesa,0,1
Grp.C,1981-02-21,,São Paulo,Fluminense,2,1
Grp.A,1981-02-21,,Bangu,Joinville,3,0
Grp.A,1981-02-21,,Londrina,Vila Nova,1,0
Grp.A,1981-02-21,,Colorado,Ponte Preta,0,0
Grp.B,1981-02-21,,Goiás,Brasília,1,0
Grp.A,1981-02-21,,Internacional,Inter de Limeira,1,1
Grp.C,1981-02-26,,América-RN,Campinense,2,0
Grp.C,1981-02-26,,Sport,CSA,2,1
Grp.C,1981-02-26,,Ferroviário,River-PI,2,1
Grp.C,1981-02-26,,Mixto,Atlético Mineiro,0,4
Grp.L,1981-03-07,,Flamengo,Atlético Mineiro,2,1
Grp.L,1981-03-07,,Colorado,Uberaba,1,1
Grp.K,1981-03-07,,Mixto,Santos,1,1
Grp.K,1981-03-07,,Bangu,Botafogo,0,1
Grp.J,1981-03-07,,Palmeiras,Sport,1,0
Grp.J,1981-03-07,,Internacional,Goiás,1,0
Grp.F,1981-03-07,,Santa Cruz,Ponte Preta,1,1
Grp.H,1981-03-07,,Operário-MS,Náutico,2,1
Grp.I,1981-03-07,,Fortaleza,Inter de Limeira,2,2
Grp.I,1981-03-07,,São Paulo,Grêmio,3,0
Grp.H,1981-03-07,,Cruzeiro,Ferroviário,2,1
Grp.G,1981-03-07,,Portuguesa,Fluminense,2,2
Grp.E,1981-03-07,,Nacional-AM,Galícia,0,1
Grp.E,1981-03-07,,CSA,Vasco,1,1
Grp.F,1981-03-07,,Bahia,Corinthians,3,0
Grp.G,1981-03-07,,Vitória,Paysandu,1,1
Grp.L,1981-03-11,,Uberaba,Flamengo,1,1
Grp.L,1981-03-11,,Atlético Mineiro,Colorado,1,1
Grp.G,1981-03-11,,Paysandu,Portuguesa,1,1
Grp.J,1981-03-11,,Palmeiras,Internacional,0,1
Grp.J,1981-03-11,,Sport,Goiás,4,0
Grp.G,1981-03-11,,Fluminense,Vitória,1,2
Grp.F,1981-03-11,,Bahia,Ponte Preta,1,1
Grp.I,1981-03-12,,Inter de Limeira,São Paulo,1,1
Grp.I,1981-03-12,,Grêmio,Fortaleza,2,0
Grp.E,1981-03-12,,CSA,Galícia,4,0
Grp.K,1981-03-12,,Santos,Bangu,2,0
Grp.H,1981-03-12,,Náutico,Cruzeiro,3,0
Grp.K,1981-03-12,,Botafogo,Mixto,0,0
Grp.F,1981-03-12,,Corinthians,Santa Cruz,1,4
Grp.H,1981-03-12,,Ferroviário,Operário-MS,1,3
Grp.E,1981-03-12,,Vasco,Nacional-AM,3,0
Grp.J,1981-03-15,,Goiás,Palmeiras,1,3
Grp.I,1981-03-15,,Inter de Limeira,Grêmio,3,1
Grp.I,1981-03-15,,São Paulo,Fortaleza,1,0
Grp.J,1981-03-15,,Internacional,Sport,2,2
Grp.K,1981-03-15,,Bangu,Mixto,2,0
Grp.L,1981-03-15,,Colorado,Flamengo,4,0
Grp.H,1981-03-15,,Ferroviário,Náutico,0,3
Grp.L,1981-03-15,,Uberaba,Atlético Mineiro,1,1
Grp.G,1981-03-15,,Paysandu,Fluminense,0,4
Grp.F,1981-03-15,,Ponte Preta,Corinthians,2,1
Grp.K,1981-03-15,,Botafogo,Santos,2,1
Grp.E,1981-03-15,,Galícia,Vasco,0,3
Grp.F,1981-03-15,,Santa Cruz,Bahia,4,0
Grp.G,1981-03-15,,Portuguesa,Vitória,2,1
Grp.E,1981-03-15,,Nacional-AM,CSA,2,1
Grp.H,1981-03-15,,Operário-MS,Cruzeiro,5,1
Grp.K,1981-03-18,,Botafogo,Bangu,5,1
Grp.E,1981-03-19,,Vasco,CSA,1,1
Grp.H,1981-03-19,,Náutico,Operário-MS,1,0
Grp.L,1981-03-21,,Uberaba,Colorado,0,0
Grp.G,1981-03-21,,Paysandu,Vitória,0,1
Grp.G,1981-03-21,,Fluminense,Portuguesa,1,1
Grp.F,1981-03-21,,Corinthians,Bahia,0,1
Grp.F,1981-03-21,,Ponte Preta,Santa Cruz,3,1
Grp.E,1981-03-21,,Galícia,Nacional-AM,1,4
Grp.H,1981-03-21,,Ferroviário,Cruzeiro,1,2
Grp.I,1981-03-21,,Inter de Limeira,Fortaleza,5,0
Grp.K,1981-03-21,,Santos,Mixto,2,0
Grp.J,1981-03-21,,Sport,Palmeiras,3,1
Grp.J,1981-03-21,,Goiás,Internacional,0,0
Grp.I,1981-03-21,,Grêmio,São Paulo,1,0
Grp.L,1981-03-25,,Atlético Mineiro,Flamengo,0,0
Grp.E,1981-03-26,,Galícia,CSA,1,3
Grp.I,1981-03-28,,Fortaleza,Grêmio,0,4
Grp.H,1981-03-28,,Cruzeiro,Náutico,3,0
Grp.J,1981-03-28,,Internacional,Palmeiras,6,0
Grp.J,1981-03-28,,Goiás,Sport,0,0
Grp.K,1981-03-28,,Bangu,Santos,1,1
Grp.H,1981-03-28,,Operário-MS,Ferroviário,3,0
Grp.G,1981-03-28,,Vitória,Fluminense,0,0
Grp.F,1981-03-28,,Santa Cruz,Corinthians,2,0
Grp.F,1981-03-28,,Ponte Preta,Bahia,1,0
Grp.G,1981-03-28,,Portuguesa,Paysandu,0,0
Grp.K,1981-03-28,,Mixto,Botafogo,2,2
Grp.E,1981-03-28,,Nacional-AM,Vasco,1,2
Grp.I,1981-04-01,,São Paulo,Inter de Limeira,2,1
Grp.L,1981-04-01,,Colorado,Atlético Mineiro,1,3
Grp.L,1981-04-01,,Flamengo,Uberaba,4,2
Grp.E,1981-04-02,,Vasco,Galícia,3,2
Grp.K,1981-04-03,,Santos,Botafogo,0,0
Grp.J,1981-04-04,,Palmeiras,Goiás,2,0
Grp.G,1981-04-04,,Vitória,Portuguesa,1,0
Grp.J,1981-04-04,,Sport,Internacional,0,0
Grp.K,1981-04-04,,Mixto,Bangu,1,2
Grp.I,1981-04-04,,Grêmio,Inter de Limeira,1,0
Grp.L,1981-04-04,,Flamengo,Colorado,2,1
Grp.L,1981-04-04,,Atlético Mineiro,Uberaba,2,0
Grp.H,1981-04-04,,Cruzeiro,Operário-MS,1,3
Grp.F,1981-04-04,,Bahia,Santa Cruz,5,0
Grp.F,1981-04-04,,Corinthians,Ponte Preta,2,2
Grp.E,1981-04-04,,CSA,Nacional-AM,3,0
Grp.G,1981-04-04,,Fluminense,Paysandu,4,1
Grp.I,1981-04-04,,Fortaleza,São Paulo,0,1
Grp.H,1981-04-04,,Náutico,Ferroviário,3,0
1/8,1981-04-08,,Santos,São Paulo,0,2
1/8,1981-04-08,,Bahia,Flamengo,0,0
1/8,1981-04-08,,Sport,Operário-MS,0,0
1/8,1981-04-09,,Atlético Mineiro,Internacional,0,1
1/8,1981-04-09,,Vitória,Grêmio,2,1
1/8,1981-04-09,,Fluminense,Vasco,0,2
1/8,1981-04-09,,Náutico,Ponte Preta,0,0
1/8,1981-04-09,,CSA,Botafogo,0,0
1/8,1981-04-11,,Operário-MS,Sport,3,1
1/8,1981-04-11,,Grêmio,Vitória,2,0
1/8,1981-04-11,,Internacional,Atlético Mineiro,1,1
1/8,1981-04-11,,Botafogo,CSA,2,0
1/8,1981-04-11,,Vasco,Fluminense,2,3
1/8,1981-04-11,,Flamengo,Bahia,2,0
1/8,1981-04-11,,São Paulo,Santos,2,1
1/8,1981-04-11,,Ponte Preta,Náutico,2,1
QF,1981-04-15,,Grêmio,Operário-MS,2,0
QF,1981-04-15,,Vasco,Ponte Preta,0,0
QF,1981-04-16,,Flamengo,Botafogo,0,0
QF,1981-04-16,,Internacional,São Paulo,0,1
QF,1981-04-19,,Botafogo,Flamengo,3,1
QF,1981-04-19,,São Paulo,Internacional,2,0
QF,1981-04-19,,Operário-MS,Grêmio,0,1
QF,1981-04-20,,Ponte Preta,Vasco,0,0
SF,1981-04-22,,Botafogo,São Paulo,1,0
SF,1981-04-23,,Ponte Preta,Grêmio,2,3
SF,1981-04-26,,São Paulo,Botafogo,3,2
SF,1981-04-26,,Grêmio,Ponte Preta,0,1
F,1981-04-30,,Grêmio,São Paulo,2,1
F,1981-05-03,,São Paulo,Grêmio,0,1
Grp.E,1982-01-17,,Bahia,Mixto,3,2
Grp.E,1982-01-17,,Bangu,Cruzeiro,3,0
Grp.F,1982-01-17,,Desportiva Ferroviária,Atlético Mineiro,0,2
Grp.G,1982-01-17,,Ponte Preta,Goiás,1,0
Grp.F,1982-01-17,,São José,Grêmio,1,0
Grp.D,1982-01-17,,CSA,Sport,1,2
Grp.C,1982-01-17,,Ferroviário,Náutico,1,2
Grp.A,1982-01-17,,Moto Club,Paysandu,0,0
Grp.A,1982-01-17,,Santos,Vasco,1,0
Grp.B,1982-01-17,,Botafogo,Guarani,1,2
Grp.B,1982-01-17,,América-RN,Ceará,1,2
Grp.H,1982-01-17,,Londrina,Joinville,3,0
Grp.D,1982-01-17,,Itabaiana,Inter de Limeira,0,1
Grp.G,1982-01-17,,Internacional,Grêmio Maringá,3,0
Grp.H,1982-01-17,,Anapolina,XV de Jaú,1,1
Grp.B,1982-01-20,,Guarani,América-RN,4,2
Grp.B,1982-01-20,,Ceará,River-PI,3,1
Grp.C,1982-01-20,,Flamengo,São Paulo,3,2
Grp.A,1982-01-20,,Paysandu,Nacional-AM,1,1
Grp.G,1982-01-20,,Grêmio Maringá,Ponte Preta,0,0
Grp.A,1982-01-20,,Santos,Moto Club,4,1
Grp.H,1982-01-20,,Joinville,Inter SM,0,3
Grp.C,1982-01-20,,Treze,Náutico,1,1
Grp.D,1982-01-20,,Sport,Itabaiana,4,0
Grp.F,1982-01-20,,Atlético Mineiro,Vitória,1,0
Grp.G,1982-01-20,,Goiás,Taguatinga,3,0
Grp.F,1982-01-20,,Grêmio,Desportiva Ferroviária,2,0
Grp.E,1982-01-20,,Mixto,Operário-MS,1,2
Grp.D,1982-01-20,,Inter de Limeira,Fluminense,2,2
Grp.E,1982-01-20,,Bangu,Bahia,0,0
Grp.H,1982-01-20,,XV de Jaú,Londrina,3,0
Grp.A,1982-01-24,,Vasco,Moto Club,7,0
Grp.F,1982-01-24,,São José,Desportiva Ferroviária,2,1
Grp.F,1982-01-24,,Vitória,Grêmio,0,2
Grp.G,1982-01-24,,Taguatinga,Grêmio Maringá,1,2
Grp.G,1982-01-24,,Internacional,Ponte Preta,1,1
Grp.A,1982-01-24,,Nacional-AM,Santos,2,2
Grp.H,1982-01-24,,Anapolina,Londrina,3,1
Grp.E,1982-01-24,,Operário-MS,Bangu,2,3
Grp.H,1982-01-24,,Inter SM,XV de Jaú,2,1
Grp.B,1982-01-24,,Botafogo,América-RN,2,0
Grp.E,1982-01-24,,Cruzeiro,Bahia,2,0
Grp.C,1982-01-24,,Náutico,Flamengo,3,4
Grp.B,1982-01-24,,River-PI,Guarani,1,3
Grp.D,1982-01-24,,CSA,Itabaiana,2,0
Grp.D,1982-01-24,,Fluminense,Sport,1,2
Grp.C,1982-01-24,,Ferroviário,Treze,0,2
Grp.F,1982-01-28,,Vitória,São José,1,0
Grp.E,1982-01-28,,Operário-MS,Cruzeiro,1,0
Grp.F,1982-01-28,,Atlético Mineiro,Grêmio,1,1
Grp.G,1982-01-28,,Goiás,Grêmio Maringá,1,1
Grp.E,1982-01-28,,Mixto,Bangu,2,1
Grp.H,1982-01-28,,Joinville,XV de Jaú,3,0
Grp.G,1982-01-28,,Taguatinga,Internacional,1,2
Grp.B,1982-01-28,,River-PI,Botafogo,1,3
Grp.A,1982-01-28,,Paysandu,Santos,0,0
Grp.A,1982-01-28,,Nacional-AM,Vasco,0,1
Grp.B,1982-01-28,,Ceará,Guarani,1,1
Grp.C,1982-01-28,,Flamengo,Treze,5,0
Grp.D,1982-01-28,,Fluminense,CSA,2,0
Grp.C,1982-01-28,,São Paulo,Ferroviário,4,0
Grp.D,1982-01-28,,Inter de Limeira,Sport,2,3
Grp.H,1982-01-28,,Inter SM,Anapolina,0,0
Grp.C,1982-01-31,,Flamengo,Ferroviário,3,0
Grp.D,1982-01-31,,Inter de Limeira,CSA,2,2
Grp.C,1982-01-31,,Náutico,São Paulo,1,4
Grp.B,1982-01-31,,Ceará,Botafogo,0,0
Grp.A,1982-01-31,,Paysandu,Vasco,1,3
Grp.B,1982-01-31,,América-RN,River-PI,1,0
Grp.D,1982-01-31,,Itabaiana,Fluminense,0,4
Grp.E,1982-01-31,,Mixto,Cruzeiro,4,2
Grp.G,1982-01-31,,Goiás,Internacional,1,0
Grp.H,1982-01-31,,Joinville,Anapolina,0,1
Grp.G,1982-01-31,,Ponte Preta,Taguatinga,3,1
Grp.F,1982-01-31,,Atlético Mineiro,São José,0,0
Grp.E,1982-01-31,,Bahia,Operário-MS,1,1
Grp.F,1982-01-31,,Desportiva Ferroviária,Vitória,3,1
Grp.A,1982-01-31,,Moto Club,Nacional-AM,0,0
Grp.H,1982-01-31,,Londrina,Inter SM,3,0
Grp.F,1982-02-03,,Grêmio,Vitória,0,1
Grp.F,1982-02-03,,Desportiva Ferroviária,São José,0,1
Grp.E,1982-02-03,,Bangu,Operário-MS,3,0
Grp.D,1982-02-03,,Sport,Fluminense,0,0
Grp.B,1982-02-03,,América-RN,Botafogo,0,3
Grp.C,1982-02-03,,Treze,São Paulo,0,3
Grp.G,1982-02-03,,Ponte Preta,Internacional,0,0
Grp.E,1982-02-03,,Bahia,Cruzeiro,3,0
Grp.G,1982-02-03,,Grêmio Maringá,Taguatinga,2,0
Grp.A,1982-02-03,,Moto Club,Vasco,1,2
Grp.H,1982-02-03,,XV de Jaú,Inter SM,1,1
Grp.H,1982-02-03,,Londrina,Anapolina,1,0
Grp.A,1982-02-03,,Santos,Nacional-AM,3,1
Grp.B,1982-02-04,,Guarani,River-PI,8,0
Grp.C,1982-02-04,,Náutico,Ferroviário,2,3
Grp.D,1982-02-04,,Itabaiana,CSA,0,0
Grp.G,1982-02-06,,Internacional,Taguatinga,6,1
Grp.B,1982-02-07,,Guarani,Ceará,8,1
Grp.B,1982-02-07,,Botafogo,River-PI,5,2
Grp.A,1982-02-07,,Santos,Paysandu,4,1
Grp.H,1982-02-07,,XV de Jaú,Joinville,1,0
Grp.G,1982-02-07,,Grêmio Maringá,Goiás,2,2
Grp.C,1982-02-07,,Treze,Flamengo,1,3
Grp.H,1982-02-07,,Anapolina,Inter SM,3,1
Grp.D,1982-02-07,,Sport,Inter de Limeira,1,0
Grp.F,1982-02-07,,Grêmio,Atlético Mineiro,2,0
Grp.C,1982-02-07,,Ferroviário,São Paulo,1,2
Grp.F,1982-02-07,,São José,Vitória,2,1
Grp.E,1982-02-07,,Bangu,Mixto,3,1
Grp.E,1982-02-07,,Cruzeiro,Operário-MS,1,3
Grp.D,1982-02-07,,CSA,Fluminense,3,3
Grp.A,1982-02-07,,Vasco,Nacional-AM,4,0
Grp.E,1982-02-10,,Operário-MS,Bahia,0,0
Grp.F,1982-02-10,,São José,Atlético Mineiro,0,0
Grp.E,1982-02-10,,Cruzeiro,Mixto,3,0
Grp.G,1982-02-10,,Taguatinga,Ponte Preta,0,2
Grp.D,1982-02-10,,CSA,Inter de Limeira,1,1
Grp.H,1982-02-10,,Anapolina,Joinville,4,2
Grp.H,1982-02-10,,Inter SM,Londrina,2,2
Grp.G,1982-02-10,,Internacional,Goiás,5,0
Grp.F,1982-02-10,,Vitória,Desportiva Ferroviária,2,4
Grp.C,1982-02-10,,São Paulo,Náutico,1,1
Grp.A,1982-02-10,,Nacional-AM,Moto Club,0,1
Grp.D,1982-02-10,,Fluminense,Itabaiana,2,0
Grp.A,1982-02-10,,Vasco,Paysandu,2,0
Grp.B,1982-02-10,,Botafogo,Ceará,1,0
Grp.C,1982-02-10,,Ferroviário,Flamengo,1,2
Grp.B,1982-02-10,,River-PI,América-RN,0,1
Grp.E,1982-02-13,,Cruzeiro,Bangu,2,1
Grp.C,1982-02-13,,Flamengo,Náutico,1,1
Grp.B,1982-02-14,,Ceará,América-RN,3,2
Grp.C,1982-02-14,,Treze,Ferroviário,2,0
Grp.B,1982-02-14,,Guarani,Botafogo,4,1
Grp.A,1982-02-14,,Paysandu,Moto Club,0,0
Grp.H,1982-02-14,,XV de Jaú,Anapolina,2,3
Grp.H,1982-02-14,,Joinville,Londrina,3,1
Grp.D,1982-02-14,,Sport,CSA,3,0
Grp.A,1982-02-14,,Vasco,Santos,3,0
Grp.G,1982-02-14,,Grêmio Maringá,Internacional,2,0
Grp.G,1982-02-14,,Goiás,Ponte Preta,1,1
Grp.D,1982-02-14,,Inter de Limeira,Itabaiana,5,1
Grp.F,1982-02-14,,Atlético Mineiro,Desportiva Ferroviária,7,1
Grp.F,1982-02-14,,Grêmio,São José,1,0
Grp.E,1982-02-14,,Mixto,Bahia,0,1
Grp.C,1982-02-16,,São Paulo,Flamengo,3,4
Grp.G,1982-02-17,,Ponte Preta,Grêmio Maringá,1,0
Grp.H,1982-02-17,,Inter SM,Joinville,3,3
Grp.G,1982-02-17,,Taguatinga,Goiás,3,1
Grp.E,1982-02-17,,Bahia,Bangu,1,1
Grp.H,1982-02-17,,Londrina,XV de Jaú,0,1
Grp.D,1982-02-17,,Itabaiana,Sport,1,0
Grp.B,1982-02-17,,River-PI,Ceará,1,2
Grp.A,1982-02-17,,Moto Club,Santos,2,1
Grp.A,1982-02-17,,Nacional-AM,Paysandu,1,1
Grp.B,1982-02-17,,América-RN,Guarani,1,2
Grp.C,1982-02-17,,Náutico,Treze,0,0
Grp.E,1982-02-17,,Operário-MS,Mixto,2,0
Grp.D,1982-02-17,,Fluminense,Inter de Limeira,0,0
Grp.F,1982-02-18,,Vitória,Atlético Mineiro,1,0
Grp.F,1982-02-18,,Desportiva Ferroviária,Grêmio,1,0
1F,1982-02-20,,Náutico,CSA,6,2
1F,1982-02-20,,Paysandu,América-RN,3,1
1F,1982-02-20,,Londrina,Goiás,1,0
1F,1982-02-24,,Cruzeiro,Desportiva Ferroviária,1,0
Grp.K,1982-02-27,,Corinthians,Flamengo,1,1
Grp.O,1982-02-28,,Atlético Paranaense,São Paulo,1,3
Grp.N,1982-02-28,,Treze,Botafogo,0,2
Grp.P,1982-02-28,,Cruzeiro,Fluminense,2,2
Grp.O,1982-02-28,,Ceará,Ponte Preta,2,3
Grp.P,1982-02-28,,Moto Club,Anapolina,1,0
Grp.N,1982-02-28,,Londrina,São José,1,1
Grp.I,1982-02-28,,Inter SM,Operário-MS,1,0
Grp.I,1982-02-28,,America-RJ,Vasco,1,3
Grp.J,1982-02-28,,Náutico,Grêmio Maringá,3,0
Grp.M,1982-02-28,,São Paulo-RS,Bangu,1,0
Grp.K,1982-02-28,,Internacional,Atlético Mineiro,1,1
Grp.L,1982-02-28,,Paysandu,Sport,0,2
Grp.M,1982-02-28,,Santos,Inter de Limeira,1,0
Grp.L,1982-02-28,,Bahia,XV de Jaú,1,2
Grp.J,1982-02-28,,Guarani,Grêmio,2,0
Grp.I,1982-03-06,,Operário-MS,Vasco,2,0
Grp.I,1982-03-06,,America-RJ,Inter SM,3,0
Grp.M,1982-03-07,,Santos,São Paulo-RS,6,1
Grp.L,1982-03-07,,Bahia,Paysandu,2,3
Grp.P,1982-03-07,,Anapolina,Fluminense,3,1
Grp.M,1982-03-07,,Bangu,Inter de Limeira,2,0
Grp.N,1982-03-07,,Treze,Londrina,0,0
Grp.N,1982-03-07,,São José,Botafogo,0,0
Grp.L,1982-03-07,,Sport,XV de Jaú,4,0
Grp.K,1982-03-07,,Flamengo,Atlético Mineiro,2,1
Grp.P,1982-03-07,,Cruzeiro,Moto Club,1,0
Grp.O,1982-03-07,,São Paulo,Ponte Preta,2,1
Grp.J,1982-03-07,,Grêmio Maringá,Grêmio,2,2
Grp.J,1982-03-07,,Guarani,Náutico,2,0
Grp.K,1982-03-07,,Internacional,Corinthians,0,2
Grp.O,1982-03-07,,Ceará,Atlético Paranaense,1,0
Grp.P,1982-03-10,,Anapolina,Cruzeiro,1,0
Grp.P,1982-03-10,,Fluminense,Moto Club,3,0
Grp.K,1982-03-10,,Atlético Mineiro,Corinthians,1,3
Grp.I,1982-03-10,,Vasco,Inter SM,7,0
Grp.N,1982-03-11,,Botafogo,Londrina,1,3
Grp.M,1982-03-11,,Bangu,Santos,2,0
Grp.N,1982-03-11,,São José,Treze,3,1
Grp.O,1982-03-11,,Ponte Preta,Atlético Paranaense,1,1
Grp.O,1982-03-11,,São Paulo,Ceará,5,2
Grp.M,1982-03-11,,Inter de Limeira,São Paulo-RS,3,0
Grp.L,1982-03-11,,XV de Jaú,Paysandu,1,1
Grp.J,1982-03-11,,Grêmio,Náutico,0,0
Grp.K,1982-03-11,,Flamengo,Internacional,1,1
Grp.I,1982-03-11,,Operário-MS,America-RJ,1,0
Grp.L,1982-03-11,,Sport,Bahia,0,2
Grp.J,1982-03-11,,Grêmio Maringá,Guarani,3,4
Grp.P,1982-03-13,,Fluminense,Anapolina,6,1
Grp.L,1982-03-14,,XV de Jaú,Sport,2,2
Grp.K,1982-03-14,,Corinthians,Internacional,1,0
Grp.K,1982-03-14,,Atlético Mineiro,Flamengo,3,1
Grp.J,1982-03-14,,Grêmio,Grêmio Maringá,4,1
Grp.J,1982-03-14,,Náutico,Guarani,2,2
Grp.I,1982-03-14,,Vasco,Operário-MS,7,1
Grp.I,1982-03-14,,Inter SM,America-RJ,0,1
Grp.L,1982-03-14,,Paysandu,Bahia,1,3
Grp.M,1982-03-14,,Inter de Limeira,Bangu,2,2
Grp.O,1982-03-14,,Atlético Paranaense,Ceará,0,3
Grp.O,1982-03-14,,Ponte Preta,São Paulo,1,0
Grp.N,1982-03-14,,Londrina,Treze,3,1
Grp.N,1982-03-14,,Botafogo,São José,0,1
Grp.M,1982-03-14,,São Paulo-RS,Santos,0,0
Grp.P,1982-03-14,,Moto Club,Cruzeiro,0,1
Grp.L,1982-03-17,,Paysandu,XV de Jaú,1,1
Grp.N,1982-03-17,,Londrina,Botafogo,1,1
Grp.M,1982-03-17,,São Paulo-RS,Inter de Limeira,2,2
Grp.N,1982-03-17,,Treze,São José,0,3
Grp.O,1982-03-17,,Ceará,São Paulo,2,3
Grp.P,1982-03-17,,Moto Club,Fluminense,0,3
Grp.O,1982-03-17,,Atlético Paranaense,Ponte Preta,0,0
Grp.M,1982-03-17,,Santos,Bangu,1,0
Grp.L,1982-03-17,,Bahia,Sport,0,0
Grp.J,1982-03-17,,Náutico,Grêmio,0,1
Grp.I,1982-03-17,,Vasco,America-RJ,2,2
Grp.J,1982-03-17,,Guarani,Grêmio Maringá,3,1
Grp.K,1982-03-17,,Corinthians,Atlético Mineiro,2,1
Grp.K,1982-03-17,,Internacional,Flamengo,2,3
Grp.P,1982-03-17,,Cruzeiro,Anapolina,0,1
Grp.I,1982-03-17,,Operário-MS,Inter SM,0,0
Grp.J,1982-03-23,,Grêmio,Guarani,2,0
Grp.N,1982-03-24,,Botafogo,Treze,1,3
Grp.P,1982-03-24,,Fluminense,Cruzeiro,4,0
Grp.P,1982-03-24,,Anapolina,Moto Club,3,1
Grp.N,1982-03-24,,São José,Londrina,0,0
Grp.I,1982-03-25,,Inter SM,Vasco,3,0
Grp.O,1982-03-25,,São Paulo,Atlético Paranaense,1,0
Grp.M,1982-03-25,,Bangu,São Paulo-RS,1,0
Grp.O,1982-03-25,,Ponte Preta,Ceará,0,1
Grp.M,1982-03-25,,Inter de Limeira,Santos,0,1
Grp.J,1982-03-25,,Grêmio Maringá,Náutico,0,0
Grp.I,1982-03-25,,America-RJ,Operário-MS,0,1
Grp.K,1982-03-25,,Atlético Mineiro,Internacional,2,1
Grp.K,1982-03-25,,Flamengo,Corinthians,2,0
Grp.L,1982-03-25,,Sport,Paysandu,3,0
Grp.L,1982-03-25,,XV de Jaú,Bahia,1,1
1/8,1982-03-28,,Londrina,Santos,0,0
1/8,1982-03-28,,Bangu,São José,3,1
1/8,1982-03-28,,Ceará,Fluminense,1,2
1/8,1982-03-28,,Anapolina,São Paulo,3,1
1/8,1982-03-28,,Bahia,Corinthians,1,1
1/8,1982-03-28,,Flamengo,Sport,2,0
1/8,1982-03-28,,Operário-MS,Guarani,1,1
1/8,1982-03-28,,Vasco,Grêmio,1,1
1/8,1982-03-31,,Corinthians,Bahia,5,2
1/8,1982-03-31,,Fluminense,Ceará,2,0
1/8,1982-03-31,,São Paulo,Anapolina,4,0
1/8,1982-03-31,,São José,Bangu,2,2
1/8,1982-03-31,,Sport,Flamengo,2,1
1/8,1982-03-31,,Guarani,Operário-MS,1,0
1/8,1982-03-31,,Santos,Londrina,1,0
1/8,1982-03-31,,Grêmio,Vasco,1,0
QF,1982-04-03,,Flamengo,Santos,2,1
QF,1982-04-04,,Grêmio,Fluminense,1,1
QF,1982-04-04,,Bangu,Corinthians,0,1
QF,1982-04-04,,São Paulo,Guarani,0,1
QF,1982-04-06,,Santos,Flamengo,1,1
QF,1982-04-07,,Corinthians,Bangu,1,2
QF,1982-04-07,,Guarani,São Paulo,2,0
QF,1982-04-07,,Fluminense,Grêmio,1,2
SF,1982-04-11,,Flamengo,Guarani,2,1
SF,1982-04-11,,Corinthians,Grêmio,1,2
SF,1982-04-14,,Grêmio,Corinthians,3,1
SF,1982-04-15,,Guarani,Flamengo,2,3
F,1982-04-18,,Flamengo,Grêmio,1,1
F,1982-04-21,,Grêmio,Flamengo,0,0
F,1982-04-25,,Grêmio,Flamengo,0,1
Grp.C,1983-01-22,,Galícia,Sergipe,1,1
Grp.D,1983-01-23,,Corinthians,Fluminense,2,1
Grp.D,1983-01-23,,CSA,Tiradentes-PI,4,0
Grp.B,1983-01-23,,Campo Grande-RJ,Ponte Preta,0,1
Grp.B,1983-01-23,,Atlético Paranaense,Grêmio,0,1
Grp.A,1983-01-23,,Moto Club,Paysandu,1,1
Grp.E,1983-01-23,,Bahia,Palmeiras,0,0
Grp.E,1983-01-23,,Mixto,Goiás,1,2
Grp.G,1983-01-23,,Brasília,Botafogo,3,2
Grp.H,1983-01-23,,Ferroviário,Vasco,0,2
Grp.G,1983-01-23,,Internacional,Colorado,2,0
Grp.F,1983-01-23,,Atlético Mineiro,America-RJ,1,2
Grp.F,1983-01-23,,Juventus-SP,Vila Nova,0,0
Grp.A,1983-01-23,,Flamengo,Santos,2,0
Grp.C,1983-01-23,,Sport,São Paulo,0,0
Grp.F,1983-01-26,,Rio Branco-ES,America-RJ,0,2
Grp.D,1983-01-26,,Fluminense,CSA,1,2
Grp.F,1983-01-26,,Juventus-SP,Atlético Mineiro,0,0
Grp.G,1983-01-26,,Colorado,Brasília,2,0
Grp.H,1983-01-26,,Treze,Vasco,0,2
Grp.A,1983-01-26,,Santos,Moto Club,3,1
Grp.C,1983-01-26,,Sergipe,América-RN,1,0
Grp.H,1983-01-26,,Náutico,Ferroviário,3,0
Grp.B,1983-01-26,,Joinville,Grêmio,1,0
Grp.C,1983-01-26,,Galícia,São Paulo,0,0
Grp.A,1983-01-26,,Rio Negro-AM,Paysandu,1,0
Grp.G,1983-01-27,,Botafogo,Ferroviária,0,1
Grp.B,1983-01-27,,Ponte Preta,Atlético Paranaense,2,4
Grp.D,1983-01-27,,Fortaleza,Corinthians,1,3
Grp.E,1983-01-27,,Comercial-MS,Palmeiras,1,1
Grp.G,1983-01-29,,Internacional,Brasília,2,0
Grp.F,1983-01-29,,Vila Nova,Atlético Mineiro,1,2
Grp.B,1983-01-29,,Joinville,Campo Grande-RJ,1,3
Grp.H,1983-01-29,,Cruzeiro,Ferroviário,1,1
Grp.B,1983-01-29,,Grêmio,Ponte Preta,2,0
Grp.A,1983-01-29,,Rio Negro-AM,Santos,0,1
Grp.A,1983-01-29,,Flamengo,Moto Club,1,1
Grp.C,1983-01-29,,São Paulo,América-RN,4,0
Grp.C,1983-01-29,,Sport,Galícia,2,0
Grp.F,1983-01-29,,Rio Branco-ES,Juventus-SP,1,1
Grp.G,1983-01-29,,Ferroviária,Colorado,2,0
Grp.E,1983-01-29,,Mixto,Bahia,2,0
Grp.D,1983-01-29,,Fortaleza,Fluminense,0,0
Grp.D,1983-01-29,,Tiradentes-PI,Corinthians,2,1
Grp.H,1983-01-29,,Treze,Náutico,1,4
Grp.E,1983-01-29,,Comercial-MS,Goiás,2,1
Grp.D,1983-02-02,,CSA,Fortaleza,0,0
Grp.C,1983-02-02,,América-RN,Galícia,1,0
Grp.D,1983-02-02,,Tiradentes-PI,Fluminense,1,0
Grp.C,1983-02-02,,Sergipe,Sport,3,1
Grp.B,1983-02-02,,Joinville,Ponte Preta,0,0
Grp.B,1983-02-02,,Campo Grande-RJ,Atlético Paranaense,0,0
Grp.A,1983-02-02,,Rio Negro-AM,Flamengo,1,1
Grp.E,1983-02-02,,Palmeiras,Goiás,1,0
Grp.E,1983-02-02,,Comercial-MS,Mixto,2,1
Grp.H,1983-02-02,,Vasco,Náutico,1,1
Grp.H,1983-02-02,,Treze,Cruzeiro,0,4
Grp.G,1983-02-02,,Botafogo,Colorado,0,0
Grp.F,1983-02-02,,Rio Branco-ES,Vila Nova,1,0
Grp.G,1983-02-02,,Ferroviária,Internacional,2,0
Grp.F,1983-02-02,,America-RJ,Juventus-SP,2,0
Grp.A,1983-02-03,,Paysandu,Santos,1,2
Grp.E,1983-02-05,,Bahia,Comercial-MS,1,0
Grp.E,1983-02-05,,Palmeiras,Mixto,4,0
Grp.D,1983-02-05,,Fortaleza,Tiradentes-PI,1,1
Grp.D,1983-02-05,,Corinthians,CSA,4,2
Grp.A,1983-02-05,,Moto Club,Rio Negro-AM,0,0
Grp.A,1983-02-05,,Paysandu,Flamengo,2,3
Grp.F,1983-02-05,,Atlético Mineiro,Rio Branco-ES,2,0
Grp.B,1983-02-05,,Atlético Paranaense,Joinville,4,1
Grp.B,1983-02-05,,Grêmio,Campo Grande-RJ,4,0
Grp.C,1983-02-05,,Sport,América-RN,1,1
Grp.C,1983-02-05,,Sergipe,São Paulo,0,0
Grp.G,1983-02-05,,Brasília,Ferroviária,0,0
Grp.H,1983-02-05,,Ferroviário,Treze,2,1
Grp.F,1983-02-05,,America-RJ,Vila Nova,3,1
Grp.H,1983-02-05,,Vasco,Cruzeiro,0,0
Grp.G,1983-02-05,,Botafogo,Internacional,1,0
Grp.D,1983-02-09,,Fluminense,Fortaleza,5,1
Grp.E,1983-02-09,,Bahia,Mixto,2,1
Grp.D,1983-02-09,,Corinthians,Tiradentes-PI,10,1
Grp.A,1983-02-09,,Santos,Rio Negro-AM,3,0
Grp.A,1983-02-09,,Moto Club,Flamengo,1,5
Grp.E,1983-02-09,,Goiás,Comercial-MS,0,1
Grp.B,1983-02-09,,Grêmio,Joinville,1,1
Grp.C,1983-02-09,,América-RN,Sergipe,3,1
Grp.F,1983-02-09,,Juventus-SP,Rio Branco-ES,3,2
Grp.H,1983-02-09,,Náutico,Treze,4,0
Grp.G,1983-02-09,,Colorado,Ferroviária,2,0
Grp.H,1983-02-09,,Ferroviário,Cruzeiro,0,3
Grp.G,1983-02-09,,Brasília,Internacional,1,2
Grp.F,1983-02-10,,Atlético Mineiro,Vila Nova,4,1
Grp.C,1983-02-10,,São Paulo,Galícia,1,0
Grp.B,1983-02-10,,Atlético Paranaense,Ponte Preta,1,3
Grp.E,1983-02-13,,Goiás,Bahia,1,1
Grp.H,1983-02-19,,Náutico,Vasco,1,1
Grp.H,1983-02-19,,Cruzeiro,Treze,3,1
Grp.D,1983-02-19,,Fortaleza,CSA,1,1
Grp.D,1983-02-19,,Fluminense,Tiradentes-PI,3,0
Grp.E,1983-02-19,,Mixto,Comercial-MS,1,1
Grp.G,1983-02-19,,Internacional,Ferroviária,0,0
Grp.E,1983-02-19,,Goiás,Palmeiras,0,2
Grp.C,1983-02-19,,Galícia,Sport,1,1
Grp.C,1983-02-19,,América-RN,São Paulo,0,2
Grp.A,1983-02-19,,Santos,Paysandu,4,1
Grp.A,1983-02-19,,Flamengo,Rio Negro-AM,7,1
Grp.B,1983-02-19,,Campo Grande-RJ,Joinville,1,0
Grp.B,1983-02-19,,Ponte Preta,Grêmio,1,1
Grp.F,1983-02-19,,Vila Nova,Rio Branco-ES,2,0
Grp.F,1983-02-19,,Juventus-SP,America-RJ,1,3
Grp.G,1983-02-19,,Colorado,Botafogo,3,0
Grp.B,1983-02-23,,Joinville,Atlético Paranaense,2,0
Grp.B,1983-02-23,,Campo Grande-RJ,Grêmio,0,0
Grp.A,1983-02-23,,Rio Negro-AM,Moto Club,1,0
Grp.A,1983-02-23,,Flamengo,Paysandu,3,2
Grp.F,1983-02-23,,Rio Branco-ES,Atlético Mineiro,0,2
Grp.G,1983-02-23,,Brasília,Colorado,0,0
Grp.G,1983-02-23,,Ferroviária,Botafogo,2,1
Grp.C,1983-02-23,,Sport,Sergipe,4,1
Grp.C,1983-02-23,,Galícia,América-RN,0,1
Grp.F,1983-02-23,,Vila Nova,America-RJ,3,0
Grp.E,1983-02-23,,Mixto,Palmeiras,0,3
Grp.E,1983-02-23,,Comercial-MS,Bahia,1,0
Grp.D,1983-02-23,,CSA,Fluminense,1,2
Grp.H,1983-02-23,,Treze,Ferroviário,2,1
Grp.D,1983-02-23,,Corinthians,Fortaleza,3,1
Grp.H,1983-02-23,,Cruzeiro,Vasco,0,0
Grp.E,1983-02-26,,Palmeiras,Bahia,4,0
Grp.C,1983-02-26,,São Paulo,Sergipe,3,0
Grp.F,1983-02-26,,Vila Nova,Juventus-SP,1,0
Grp.G,1983-02-26,,Botafogo,Brasília,3,0
Grp.A,1983-02-27,,Paysandu,Moto Club,2,1
Grp.D,1983-02-27,,Tiradentes-PI,Fortaleza,4,1
Grp.D,1983-02-27,,CSA,Corinthians,1,2
Grp.C,1983-02-27,,América-RN,Sport,1,0
Grp.B,1983-02-27,,Grêmio,Atlético Paranaense,1,2
Grp.A,1983-02-27,,Santos,Flamengo,3,2
Grp.F,1983-02-27,,America-RJ,Atlético Mineiro,1,1
Grp.H,1983-02-27,,Náutico,Cruzeiro,4,0
Grp.H,1983-02-27,,Vasco,Ferroviário,3,0
Grp.G,1983-02-27,,Colorado,Internacional,2,0
Grp.B,1983-02-27,,Ponte Preta,Campo Grande-RJ,2,0
Grp.E,1983-02-27,,Goiás,Mixto,3,1
Grp.E,1983-03-05,,Palmeiras,Comercial-MS,2,1
Grp.F,1983-03-06,,Atlético Mineiro,Juventus-SP,1,0
Grp.F,1983-03-06,,America-RJ,Rio Branco-ES,4,0
Grp.G,1983-03-06,,Internacional,Botafogo,0,0
Grp.G,1983-03-06,,Ferroviária,Brasília,3,1
Grp.E,1983-03-06,,Bahia,Goiás,3,0
Grp.H,1983-03-06,,Vasco,Treze,5,2
Grp.C,1983-03-06,,São Paulo,Sport,3,1
Grp.C,1983-03-06,,Sergipe,Galícia,2,0
Grp.D,1983-03-06,,Fluminense,Corinthians,1,0
Grp.B,1983-03-06,,Atlético Paranaense,Campo Grande-RJ,1,1
Grp.D,1983-03-06,,Tiradentes-PI,CSA,2,1
Grp.A,1983-03-06,,Moto Club,Santos,1,1
Grp.H,1983-03-06,,Ferroviário,Náutico,1,2
Grp.A,1983-03-06,,Paysandu,Rio Negro-AM,3,0
Grp.B,1983-03-07,,Ponte Preta,Joinville,3,1
1F,1983-03-09,,Sport,CSA,2,1
1F,1983-03-09,,Botafogo,Ferroviário,3,1
1F,1983-03-09,,Goiás,Juventus-SP,3,2
1F,1983-03-09,,Campo Grande-RJ,Paysandu,3,1
Grp.N,1983-03-10,,Sergipe,Grêmio,0,3
Grp.P,1983-03-12,,Fluminense,Goiás,0,0
Grp.J,1983-03-13,,Sport,Ponte Preta,2,0
Grp.K,1983-03-13,,Uberaba,São Paulo,1,4
Grp.K,1983-03-13,,Colorado,Vila Nova,1,0
Grp.J,1983-03-13,,Atlético Mineiro,Internacional,2,1
Grp.I,1983-03-13,,Santos,Comercial-MS,4,1
Grp.I,1983-03-13,,Guarani,Cruzeiro,1,0
Grp.L,1983-03-13,,Corinthians,Vasco,1,1
Grp.N,1983-03-13,,America-RJ,Grêmio,4,2
Grp.O,1983-03-13,,Botafogo-SP,Atlético Paranaense,2,0
Grp.O,1983-03-13,,América-RN,Ferroviária,1,3
Grp.L,1983-03-13,,Campo Grande-RJ,Bahia,0,0
Grp.P,1983-03-13,,Rio Negro-AM,Náutico,1,1
Grp.M,1983-03-13,,Americano,Palmeiras,2,2
Grp.N,1983-03-13,,Botafogo,Sergipe,3,1
Grp.M,1983-03-13,,Tiradentes-PI,Flamengo,1,3
Grp.I,1983-03-16,,Santos,Guarani,1,1
Grp.I,1983-03-16,,Cruzeiro,Comercial-MS,2,0
Grp.K,1983-03-16,,São Paulo,Vila Nova,4,0
Grp.N,1983-03-16,,Grêmio,Botafogo,1,1
Grp.O,1983-03-16,,Botafogo-SP,América-RN,1,0
Grp.P,1983-03-16,,Fluminense,Náutico,1,2
Grp.P,1983-03-16,,Goiás,Rio Negro-AM,2,0
Grp.K,1983-03-16,,Uberaba,Colorado,2,3
Grp.N,1983-03-16,,Sergipe,America-RJ,3,1
Grp.O,1983-03-16,,Atlético Paranaense,Ferroviária,1,1
Grp.L,1983-03-16,,Bahia,Corinthians,0,1
Grp.M,1983-03-16,,Tiradentes-PI,Americano,0,0
Grp.L,1983-03-16,,Vasco,Campo Grande-RJ,3,1
Grp.J,1983-03-17,,Ponte Preta,Internacional,2,2
Grp.M,1983-03-17,,Palmeiras,Flamengo,3,1
Grp.J,1983-03-17,,Sport,Atlético Mineiro,1,1
Grp.I,1983-03-19,,Comercial-MS,Guarani,1,3
Grp.P,1983-03-19,,Náutico,Goiás,4,0
Grp.P,1983-03-19,,Rio Negro-AM,Fluminense,1,0
Grp.J,1983-03-19,,Ponte Preta,Atlético Mineiro,2,2
Grp.J,1983-03-19,,Internacional,Sport,0,1
Grp.K,1983-03-19,,São Paulo,Colorado,4,0
Grp.K,1983-03-19,,Vila Nova,Uberaba,1,1
Grp.O,1983-03-19,,Atlético Paranaense,América-RN,3,2
Grp.O,1983-03-19,,Ferroviária,Botafogo-SP,1,0
Grp.I,1983-03-19,,Cruzeiro,Santos,1,1
Grp.M,1983-03-19,,Palmeiras,Tiradentes-PI,5,1
Grp.L,1983-03-19,,Bahia,Vasco,0,0
Grp.N,1983-03-19,,Grêmio,Sergipe,5,0
Grp.M,1983-03-21,,Flamengo,Americano,3,0
Grp.N,1983-03-22,,America-RJ,Botafogo,0,0
Grp.L,1983-03-22,,Campo Grande-RJ,Corinthians,1,1
Grp.M,1983-03-23,,Flamengo,Tiradentes-PI,2,0
Grp.L,1983-03-26,,Campo Grande-RJ,Vasco,2,1
Grp.M,1983-03-26,,Flamengo,Palmeiras,1,1
Grp.M,1983-03-26,,Americano,Tiradentes-PI,1,0
Grp.P,1983-03-26,,Náutico,Fluminense,0,1
Grp.O,1983-03-26,,América-RN,Botafogo-SP,0,1
Grp.O,1983-03-26,,Ferroviária,Atlético Paranaense,0,0
Grp.N,1983-03-26,,Botafogo,America-RJ,1,2
Grp.L,1983-03-26,,Corinthians,Bahia,2,0
Grp.K,1983-03-26,,Vila Nova,São Paulo,0,2
Grp.I,1983-03-26,,Comercial-MS,Cruzeiro,2,3
Grp.I,1983-03-26,,Guarani,Santos,2,2
Grp.J,1983-03-26,,Internacional,Ponte Preta,1,0
Grp.J,1983-03-26,,Atlético Mineiro,Sport,2,1
Grp.K,1983-03-26,,Colorado,Uberaba,1,0
Grp.P,1983-03-26,,Rio Negro-AM,Goiás,0,1
Grp.I,1983-03-30,,Guarani,Comercial-MS,1,1
Grp.K,1983-03-30,,Uberaba,Vila Nova,4,0
Grp.I,1983-03-30,,Santos,Cruzeiro,5,0
Grp.J,1983-03-30,,Atlético Mineiro,Ponte Preta,3,0
Grp.M,1983-03-30,,Americano,Flamengo,2,2
Grp.O,1983-03-30,,América-RN,Atlético Paranaense,0,2
Grp.O,1983-03-30,,Botafogo-SP,Ferroviária,0,0
Grp.P,1983-03-30,,Fluminense,Rio Negro-AM,3,1
Grp.P,1983-03-30,,Goiás,Náutico,1,0
Grp.N,1983-03-30,,America-RJ,Sergipe,4,3
Grp.N,1983-03-30,,Botafogo,Grêmio,1,1
Grp.L,1983-03-30,,Bahia,Campo Grande-RJ,2,0
Grp.J,1983-03-30,,Sport,Internacional,1,1
Grp.M,1983-03-30,,Tiradentes-PI,Palmeiras,0,6
Grp.K,1983-03-30,,Colorado,São Paulo,2,2
Grp.L,1983-03-31,,Vasco,Corinthians,0,0
Grp.K,1983-04-02,,São Paulo,Uberaba,5,1
Grp.K,1983-04-02,,Vila Nova,Colorado,4,1
Grp.M,1983-04-02,,Palmeiras,Americano,0,0
Grp.P,1983-04-03,,Náutico,Rio Negro-AM,5,1
Grp.N,1983-04-03,,Grêmio,America-RJ,1,1
Grp.L,1983-04-03,,Corinthians,Campo Grande-RJ,3,1
Grp.O,1983-04-03,,Atlético Paranaense,Botafogo-SP,2,0
Grp.O,1983-04-03,,Ferroviária,América-RN,5,1
Grp.N,1983-04-03,,Sergipe,Botafogo,2,6
Grp.L,1983-04-03,,Vasco,Bahia,1,1
Grp.P,1983-04-03,,Goiás,Fluminense,1,1
Grp.I,1983-04-03,,Comercial-MS,Santos,2,2
Grp.I,1983-04-03,,Cruzeiro,Guarani,1,1
Grp.J,1983-04-03,,Internacional,Atlético Mineiro,2,1
Grp.J,1983-04-03,,Ponte Preta,Sport,2,1
Grp.S,1983-04-09,,Ferroviária,Grêmio,2,2
Grp.S,1983-04-09,,Sport,São Paulo,1,0
Grp.R,1983-04-10,,Atlético Mineiro,America-RJ,2,0
Grp.Q,1983-04-10,,Santos,Náutico,2,2
Grp.T,1983-04-10,,Guarani,Corinthians,1,1
Grp.R,1983-04-10,,Colorado,Atlético Paranaense,2,1
Grp.Q,1983-04-10,,Vasco,Palmeiras,2,2
Grp.T,1983-04-11,,Flamengo,Goiás,2,0
Grp.T,1983-04-13,,Guarani,Flamengo,0,0
Grp.R,1983-04-13,,America-RJ,Atlético Paranaense,1,2
Grp.Q,1983-04-13,,Náutico,Vasco,0,1
Grp.Q,1983-04-13,,Palmeiras,Santos,0,1
Grp.R,1983-04-13,,Colorado,Atlético Mineiro,0,2
Grp.S,1983-04-13,,Sport,Grêmio,2,2
Grp.T,1983-04-13,,Corinthians,Goiás,1,1
Grp.S,1983-04-13,,São Paulo,Ferroviária,3,1
Grp.R,1983-04-16,,Colorado,America-RJ,4,2
Grp.R,1983-04-17,,Atlético Paranaense,Atlético Mineiro,0,2
Grp.Q,1983-04-17,,Náutico,Palmeiras,3,0
Grp.Q,1983-04-17,,Santos,Vasco,1,0
Grp.T,1983-04-17,,Goiás,Guarani,1,1
Grp.S,1983-04-17,,Ferroviária,Sport,0,1
Grp.S,1983-04-17,,Grêmio,São Paulo,5,1
Grp.T,1983-04-17,,Flamengo,Corinthians,5,1
Grp.Q,1983-04-20,,Santos,Palmeiras,2,2
Grp.T,1983-04-20,,Corinthians,Guarani,2,0
Grp.T,1983-04-20,,Goiás,Flamengo,1,1
Grp.Q,1983-04-20,,Vasco,Náutico,2,2
Grp.S,1983-04-20,,Grêmio,Sport,2,1
Grp.S,1983-04-20,,Ferroviária,São Paulo,0,4
Grp.R,1983-04-20,,Atlético Mineiro,Colorado,1,0
Grp.R,1983-04-20,,Atlético Paranaense,America-RJ,1,1
Grp.Q,1983-04-23,,Vasco,Santos,2,0
Grp.T,1983-04-23,,Goiás,Corinthians,2,1
Grp.S,1983-04-23,,Sport,Ferroviária,4,1
Grp.Q,1983-04-23,,Palmeiras,Náutico,6,0
Grp.R,1983-04-23,,America-RJ,Atlético Mineiro,2,4
Grp.S,1983-04-23,,São Paulo,Grêmio,2,2
Grp.T,1983-04-25,,Flamengo,Guarani,2,0
Grp.R,1983-04-26,,Atlético Paranaense,Colorado,2,1
Grp.T,1983-04-30,,Guarani,Goiás,1,2
Grp.T,1983-04-30,,Corinthians,Flamengo,4,1
Grp.S,1983-04-30,,São Paulo,Sport,2,0
Grp.R,1983-04-30,,America-RJ,Colorado,5,1
Grp.Q,1983-04-30,,Náutico,Santos,0,1
Grp.Q,1983-04-30,,Palmeiras,Vasco,0,0
Grp.S,1983-04-30,,Grêmio,Ferroviária,1,3
Grp.R,1983-04-30,,Atlético Mineiro,Atlético Paranaense,1,1
QF,1983-05-04,,Atlético Paranaense,São Paulo,2,1
QF,1983-05-05,,Goiás,Santos,0,0
QF,1983-05-05,,Sport,Atlético Mineiro,0,0
QF,1983-05-05,,Vasco,Flamengo,1,2
QF,1983-05-07,,São Paulo,Atlético Paranaense,0,1
QF,1983-05-08,,Flamengo,Vasco,1,1
QF,1983-05-08,,Santos,Goiás,2,2
QF,1983-05-08,,Atlético Mineiro,Sport,4,1
SF,1983-05-12,,Flamengo,Atlético Paranaense,3,0
SF,1983-05-12,,Santos,Atlético Mineiro,2,1
SF,1983-05-15,,Atlético Paranaense,Flamengo,2,0
SF,1983-05-15,,Atlético Mineiro,Santos,0,0
F,1983-05-18,,Santos,Flamengo,2,1
F,1983-05-29,,Flamengo,Santos,3,0
Grp.A e B,1985-01-26,,Fluminense,Santos,2,1
Grp.A e B,1985-01-27,,America-RJ,Internacional,0,4
Grp.A e B,1985-01-27,,Grêmio,Náutico,1,0
Grp.D,1985-01-27,,Joinville,Corumbaense,4,0
Grp.C,1985-01-27,,Botafogo-PB,Sampaio Corrêa,1,0
Grp.C,1985-01-27,,Sergipe,Nacional-AM,2,1
Grp.C,1985-01-27,,ABC,Paysandu,1,1
Grp.C,1985-01-27,,Sport,Flamengo-PI,1,0
Grp.A e B,1985-01-27,,Botafogo,Goiás,3,1
Grp.C,1985-01-27,,Ceará,Remo,3,0
Grp.A e B,1985-01-27,,Bahia,Palmeiras,1,0
Grp.D,1985-01-27,,Leônico,Pinheiros-PR,0,0
Grp.D,1985-01-27,,Desportiva Ferroviária,Vila Nova,2,1
Grp.D,1985-01-27,,GE Brasil,Uberlândia,1,1
Grp.D,1985-01-27,,Bangu,Brasília,1,0
Grp.A e B,1985-01-27,,Corinthians,Vasco,2,2
Grp.A e B,1985-01-27,,Guarani,Cruzeiro,0,0
Grp.A e B,1985-01-27,,Santa Cruz,Portuguesa,1,1
Grp.A e B,1985-01-27,,Atlético Mineiro,Flamengo,1,1
Grp.A e B,1985-01-27,,Coritiba,São Paulo,3,1
Grp.C,1985-01-28,,CSA,Mixto,0,1
Grp.A e B,1985-01-30,,Corinthians,Internacional,0,1
Grp.C,1985-01-30,,Sergipe,Mixto,0,1
Grp.C,1985-01-30,,ABC,Remo,2,1
Grp.A e B,1985-01-30,,Fluminense,Portuguesa,2,0
Grp.A e B,1985-01-30,,Grêmio,Vasco,3,1
Grp.A e B,1985-01-30,,Atlético Mineiro,Santos,4,0
Grp.A e B,1985-01-30,,America-RJ,Náutico,1,1
Grp.C,1985-01-30,,Sport,Sampaio Corrêa,4,1
Grp.C,1985-01-30,,Botafogo-PB,Flamengo-PI,1,0
Grp.D,1985-01-30,,Desportiva Ferroviária,Brasília,0,1
Grp.D,1985-01-30,,Joinville,Uberlândia,2,0
Grp.D,1985-01-30,,GE Brasil,Corumbaense,1,0
Grp.D,1985-01-30,,Pinheiros-PR,Villa Nova-MG,1,0
Grp.D,1985-01-30,,Bangu,Vila Nova,2,0
Grp.C,1985-01-30,,Ceará,Paysandu,1,1
Grp.D,1985-01-30,,Ponte Preta,Leônico,3,0
Grp.A e B,1985-01-31,,Palmeiras,Goiás,3,2
Grp.A e B,1985-01-31,,Botafogo,Bahia,1,1
Grp.C,1985-01-31,,CSA,Nacional-AM,4,0
Grp.A e B,1985-01-31,,Coritiba,Cruzeiro,2,1
Grp.A e B,1985-01-31,,Guarani,São Paulo,3,2
Grp.A e B,1985-01-31,,Santa Cruz,Flamengo,1,4
Grp.C,1985-02-02,,Paysandu,Sport,0,1
Grp.D,1985-02-02,,Vila Nova,Ponte Preta,1,2
Grp.A e B,1985-02-03,,Portuguesa,Grêmio,1,1
Grp.A e B,1985-02-03,,Náutico,Atlético Mineiro,1,1
Grp.A e B,1985-02-03,,Flamengo,Corinthians,2,0
Grp.A e B,1985-02-03,,Palmeiras,São Paulo,2,2
Grp.D,1985-02-03,,Villa Nova-MG,GE Brasil,1,3
Grp.A e B,1985-02-03,,Santos,Guarani,1,0
Grp.A e B,1985-02-03,,Bahia,Coritiba,2,1
Grp.A e B,1985-02-03,,Goiás,Santa Cruz,3,0
Grp.A e B,1985-02-03,,Internacional,Botafogo,2,0
Grp.C,1985-02-03,,Mixto,ABC,0,0
Grp.C,1985-02-03,,Nacional-AM,Ceará,1,0
Grp.C,1985-02-03,,Sampaio Corrêa,Sergipe,2,2
Grp.C,1985-02-03,,Flamengo-PI,CSA,1,0
Grp.C,1985-02-03,,Remo,Botafogo-PB,1,1
Grp.D,1985-02-03,,Leônico,Joinville,1,0
Grp.D,1985-02-03,,Corumbaense,Bangu,0,1
Grp.A e B,1985-02-03,,Cruzeiro,America-RJ,2,0
Grp.D,1985-02-03,,Uberlândia,Desportiva Ferroviária,1,2
Grp.D,1985-02-03,,Brasília,Pinheiros-PR,0,0
Grp.C,1985-02-06,,Paysandu,Botafogo-PB,0,0
Grp.D,1985-02-06,,Brasília,Ponte Preta,1,1
Grp.C,1985-02-06,,Flamengo-PI,Sergipe,0,0
Grp.C,1985-02-06,,Mixto,Ceará,0,1
Grp.A e B,1985-02-06,,São Paulo,Botafogo,3,1
Grp.C,1985-02-06,,Remo,Sport,0,1
Grp.C,1985-02-06,,Nacional-AM,ABC,4,0
Grp.D,1985-02-06,,Villa Nova-MG,Joinville,0,3
Grp.D,1985-02-06,,Uberlândia,Bangu,1,2
Grp.A e B,1985-02-06,,Náutico,Guarani,1,3
Grp.A e B,1985-02-06,,Corinthians,Cruzeiro,1,1
Grp.A e B,1985-02-06,,Bahia,Santa Cruz,3,0
Grp.A e B,1985-02-06,,Internacional,Fluminense,1,1
Grp.D,1985-02-06,,Corumbaense,Desportiva Ferroviária,2,0
Grp.D,1985-02-06,,Leônico,GE Brasil,2,1
Grp.D,1985-02-06,,Vila Nova,Pinheiros-PR,3,2
Grp.C,1985-02-06,,Sampaio Corrêa,CSA,1,1
Grp.A e B,1985-02-06,20:00,Vasco,Coritiba,3,0
Grp.A e B,1985-02-07,,Portuguesa,Atlético Mineiro,2,0
Grp.A e B,1985-02-07,,Flamengo,Palmeiras,1,0
Grp.A e B,1985-02-07,,America-RJ,Goiás,0,0
Grp.A e B,1985-02-07,,Santos,Grêmio,1,1
Grp.A e B,1985-02-09,,Fluminense,Cruzeiro,1,1
Grp.A e B,1985-02-09,,Guarani,Bahia,4,1
Grp.A e B,1985-02-10,,Atlético Mineiro,São Paulo,4,2
Grp.A e B,1985-02-10,,Santa Cruz,Náutico,0,3
Grp.A e B,1985-02-10,,Botafogo,Flamengo,2,1
Grp.A e B,1985-02-10,,Coritiba,Goiás,0,0
Grp.A e B,1985-02-10,,Palmeiras,Portuguesa,2,1
Grp.A e B,1985-02-10,,Corinthians,Santos,1,0
Grp.C,1985-02-10,,Botafogo-PB,Sport,0,0
Grp.D,1985-02-10,,Villa Nova-MG,Vila Nova,3,0
Grp.D,1985-02-10,,Joinville,GE Brasil,1,2
Grp.D,1985-02-10,,Bangu,Desportiva Ferroviária,4,1
Grp.D,1985-02-10,,Leônico,Corumbaense,0,0
Grp.D,1985-02-10,,Brasília,Uberlândia,1,1
Grp.D,1985-02-10,,Ponte Preta,Pinheiros-PR,2,1
Grp.C,1985-02-10,,Sampaio Corrêa,Remo,1,1
Grp.C,1985-02-10,,CSA,Sergipe,1,0
Grp.C,1985-02-10,,Flamengo-PI,Mixto,1,2
Grp.C,1985-02-10,,ABC,Ceará,1,1
Grp.C,1985-02-10,,Paysandu,Nacional-AM,3,0
Grp.A e B,1985-02-10,,Grêmio,Internacional,2,0
Grp.A e B,1985-02-10,,America-RJ,Vasco,1,2
Grp.A e B,1985-02-13,,Atlético Mineiro,Internacional,1,0
Grp.A e B,1985-02-13,,São Paulo,Corinthians,0,2
Grp.A e B,1985-02-13,,Santos,Botafogo,2,2
Grp.A e B,1985-02-13,,Vasco,Santa Cruz,1,1
Grp.D,1985-02-13,,Corumbaense,Brasília,0,1
Grp.A e B,1985-02-13,,Coritiba,Flamengo,0,1
Grp.A e B,1985-02-13,,Bahia,America-RJ,0,2
Grp.A e B,1985-02-13,,Goiás,Grêmio,2,2
Grp.C,1985-02-13,,Mixto,Paysandu,1,1
Grp.C,1985-02-13,,Ceará,CSA,2,2
Grp.C,1985-02-13,,Nacional-AM,Sampaio Corrêa,3,2
Grp.C,1985-02-13,,Sergipe,Botafogo-PB,0,1
Grp.C,1985-02-13,,Remo,Flamengo-PI,1,1
Grp.D,1985-02-13,,GE Brasil,Ponte Preta,2,0
Grp.C,1985-02-13,,Sport,ABC,3,0
Grp.A e B,1985-02-13,,Náutico,Fluminense,1,0
Grp.D,1985-02-13,,Desportiva Ferroviária,Joinville,0,1
Grp.A e B,1985-02-13,,Guarani,Portuguesa,4,2
Grp.D,1985-02-13,,Pinheiros-PR,Bangu,1,1
Grp.A e B,1985-02-13,,Palmeiras,Cruzeiro,2,0
Grp.D,1985-02-13,,Uberlândia,Villa Nova-MG,3,0
Grp.D,1985-02-13,,Vila Nova,Leônico,0,1
Grp.A e B,1985-02-16,,Fluminense,Vasco,3,5
Grp.A e B,1985-02-23,,Botafogo,Náutico,0,2
Grp.A e B,1985-02-23,,Cruzeiro,Grêmio,1,1
Grp.A e B,1985-02-23,,Internacional,Coritiba,4,0
Grp.A e B,1985-02-23,,Bahia,Atlético Mineiro,0,0
Grp.A e B,1985-02-23,,Goiás,Guarani,1,1
Grp.A e B,1985-02-23,,São Paulo,Fluminense,2,1
Grp.A e B,1985-02-23,,Corinthians,Portuguesa,2,0
Grp.A e B,1985-02-23,,Santa Cruz,Santos,1,0
Grp.A e B,1985-02-23,,America-RJ,Flamengo,0,1
Grp.A e B,1985-02-23,,Palmeiras,Vasco,1,1
Grp.C,1985-02-24,,Paysandu,Remo,1,0
Grp.D,1985-02-24,,Brasília,Vila Nova,0,1
Grp.C,1985-02-24,,Nacional-AM,Mixto,1,2
Grp.C,1985-02-24,,Botafogo-PB,Ceará,0,0
Grp.C,1985-02-24,,CSA,ABC,2,1
Grp.C,1985-02-24,,Sport,Sergipe,4,0
Grp.D,1985-02-24,,Uberlândia,Corumbaense,2,0
Grp.C,1985-02-24,,Sampaio Corrêa,Flamengo-PI,2,0
Grp.D,1985-02-24,,Villa Nova-MG,Leônico,2,0
Grp.D,1985-02-24,,Joinville,Bangu,1,0
Grp.D,1985-02-24,,Ponte Preta,Desportiva Ferroviária,2,0
Grp.D,1985-02-24,,Pinheiros-PR,GE Brasil,2,2
Grp.D,1985-02-27,,Pinheiros-PR,Desportiva Ferroviária,1,0
Grp.A e B,1985-02-27,,Grêmio,Bahia,0,0
Grp.A e B,1985-02-27,,Santos,America-RJ,3,1
Grp.A e B,1985-02-27,,Flamengo,Fluminense,0,0
Grp.A e B,1985-02-27,,Guarani,Vasco,0,1
Grp.A e B,1985-02-27,,Náutico,Corinthians,0,0
Grp.D,1985-02-27,,Leônico,Uberlândia,3,1
Grp.C,1985-02-27,,Remo,Mixto,1,1
Grp.C,1985-02-27,,Sergipe,ABC,2,1
Grp.C,1985-02-27,,Sampaio Corrêa,Paysandu,1,1
Grp.C,1985-02-27,,Flamengo-PI,Nacional-AM,1,0
Grp.C,1985-02-27,,Botafogo-PB,CSA,1,1
Grp.A e B,1985-02-27,,Portuguesa,Coritiba,1,0
Grp.A e B,1985-02-27,,Atlético Mineiro,Goiás,2,1
Grp.D,1985-02-27,,GE Brasil,Bangu,0,1
Grp.D,1985-02-27,,Villa Nova-MG,Brasília,0,2
Grp.D,1985-02-27,,Ponte Preta,Joinville,2,1
Grp.D,1985-02-27,,Vila Nova,Corumbaense,1,1
Grp.C,1985-02-27,,Sport,Ceará,1,0
Grp.A e B,1985-02-27,,Botafogo,Cruzeiro,1,3
Grp.A e B,1985-02-27,,São Paulo,Santa Cruz,2,1
Grp.A e B,1985-02-27,,Internacional,Palmeiras,2,1
Grp.A e B,1985-03-02,,Fluminense,Goiás,2,0
Grp.A e B,1985-03-02,,Corinthians,Bahia,2,0
Grp.A e B,1985-03-03,,Palmeiras,Santos,1,2
Grp.D,1985-03-03,,Uberlândia,Vila Nova,1,1
Grp.C,1985-03-03,,Mixto,Sampaio Corrêa,1,1
Grp.C,1985-03-03,,Ceará,Sergipe,3,0
Grp.D,1985-03-03,,Joinville,Pinheiros-PR,1,0
Grp.D,1985-03-03,,Leônico,Brasília,5,3
Grp.D,1985-03-03,,Desportiva Ferroviária,GE Brasil,3,0
Grp.A e B,1985-03-03,,Guarani,Flamengo,1,0
Grp.D,1985-03-03,,Corumbaense,Villa Nova-MG,0,0
Grp.D,1985-03-03,,Bangu,Ponte Preta,0,0
Grp.C,1985-03-03,,Flamengo-PI,Paysandu,1,1
Grp.A e B,1985-03-03,,Vasco,Botafogo,1,3
Grp.A e B,1985-03-03,,Atlético Mineiro,Cruzeiro,2,0
Grp.A e B,1985-03-03,,Coritiba,Náutico,2,0
Grp.A e B,1985-03-03,,Santa Cruz,Internacional,3,1
Grp.A e B,1985-03-03,,America-RJ,Portuguesa,3,1
Grp.A e B,1985-03-03,,Grêmio,São Paulo,2,2
Grp.C,1985-03-03,,CSA,Sport,0,2
Grp.C,1985-03-03,,ABC,Botafogo-PB,3,0
Grp.C,1985-03-03,,Nacional-AM,Remo,4,2
Grp.A e B,1985-03-06,,Cruzeiro,Santa Cruz,2,0
Grp.A e B,1985-03-06,,Goiás,Corinthians,0,4
Grp.A e B,1985-03-06,,Bahia,Fluminense,0,0
Grp.A e B,1985-03-06,,Santos,Coritiba,1,0
Grp.A e B,1985-03-06,,São Paulo,America-RJ,1,0
Grp.C,1985-03-06,,ABC,Sampaio Corrêa,1,0
Grp.D,1985-03-06,,Ponte Preta,Corumbaense,2,0
Grp.D,1985-03-06,,Bangu,Villa Nova-MG,1,1
Grp.D,1985-03-06,,Pinheiros-PR,Uberlândia,2,0
Grp.D,1985-03-06,,Desportiva Ferroviária,Leônico,3,1
Grp.D,1985-03-06,,Joinville,Brasília,1,0
Grp.D,1985-03-06,,GE Brasil,Vila Nova,2,2
Grp.C,1985-03-06,,Botafogo-PB,Mixto,3,1
Grp.A e B,1985-03-06,,Náutico,Palmeiras,2,1
Grp.A e B,1985-03-06,,Portuguesa,Botafogo,0,1
Grp.C,1985-03-06,,CSA,Paysandu,2,1
Grp.C,1985-03-06,,Sergipe,Remo,0,2
Grp.C,1985-03-06,,Ceará,Flamengo-PI,2,1
Grp.A e B,1985-03-06,,Vasco,Atlético Mineiro,1,2
Grp.A e B,1985-03-06,,Internacional,Guarani,3,1
Grp.A e B,1985-03-07,,Flamengo,Grêmio,1,0
Grp.C,1985-03-07,,Sport,Nacional-AM,1,0
Grp.C,1985-03-09,,Remo,CSA,1,3
Grp.A e B,1985-03-09,,Goiás,Botafogo,4,1
Grp.A e B,1985-03-09,,Portuguesa,Santa Cruz,3,1
Grp.A e B,1985-03-09,,Vasco,Corinthians,1,0
Grp.A e B,1985-03-09,,São Paulo,Coritiba,0,1
Grp.C,1985-03-10,,Sampaio Corrêa,Ceará,1,1
Grp.C,1985-03-10,,Mixto,Sport,2,1
Grp.C,1985-03-10,,Paysandu,Sergipe,1,0
Grp.D,1985-03-10,,Leônico,Bangu,1,2
Grp.D,1985-03-10,,Villa Nova-MG,Desportiva Ferroviária,3,1
Grp.C,1985-03-10,,Flamengo-PI,ABC,1,0
Grp.D,1985-03-10,,Uberlândia,Ponte Preta,0,0
Grp.D,1985-03-10,,Corumbaense,Pinheiros-PR,1,3
Grp.A e B,1985-03-10,,Flamengo,Atlético Mineiro,0,1
Grp.A e B,1985-03-10,,Santos,Fluminense,1,1
Grp.A e B,1985-03-10,,Internacional,America-RJ,1,0
Grp.A e B,1985-03-10,,Palmeiras,Bahia,1,2
Grp.A e B,1985-03-10,,Cruzeiro,Guarani,1,1
Grp.D,1985-03-10,,Brasília,GE Brasil,3,2
Grp.A e B,1985-03-10,,Náutico,Grêmio,3,2
Grp.C,1985-03-10,,Nacional-AM,Botafogo-PB,1,1
Grp.D,1985-03-10,,Vila Nova,Joinville,1,1
Grp.A e B,1985-03-13,,Goiás,Palmeiras,1,0
Grp.A e B,1985-03-13,,Bahia,Botafogo,2,0
Grp.A e B,1985-03-13,,Flamengo,Santa Cruz,7,0
Grp.A e B,1985-03-13,,Cruzeiro,Coritiba,2,3
Grp.A e B,1985-03-13,,Portuguesa,Fluminense,2,2
Grp.A e B,1985-03-13,,Náutico,America-RJ,1,1
Grp.A e B,1985-03-13,,Internacional,Corinthians,1,1
Grp.A e B,1985-03-13,,São Paulo,Guarani,3,3
Grp.D,1985-03-14,,Villa Nova-MG,Pinheiros-PR,0,0
Grp.A e B,1985-03-14,,Vasco,Grêmio,1,0
Grp.A e B,1985-03-14,,Santos,Atlético Mineiro,2,0
Grp.D,1985-03-16,,Uberlândia,GE Brasil,1,2
Grp.D,1985-03-16,,Villa Nova-MG,Ponte Preta,1,3
Grp.D,1985-03-16,,Corumbaense,Joinville,1,2
Grp.D,1985-03-16,,Brasília,Bangu,2,1
Grp.D,1985-03-16,,Vila Nova,Desportiva Ferroviária,1,0
Grp.A e B,1985-03-16,,Botafogo,Internacional,1,0
Grp.A e B,1985-03-16,,São Paulo,Palmeiras,4,4
Grp.C,1985-03-16,,Sampaio Corrêa,Botafogo-PB,1,2
Grp.C,1985-03-16,,Remo,Ceará,0,2
Grp.D,1985-03-16,,Pinheiros-PR,Leônico,1,0
Grp.C,1985-03-16,,Mixto,CSA,1,0
Grp.C,1985-03-16,,Paysandu,ABC,0,1
Grp.C,1985-03-16,,Flamengo-PI,Sport,0,1
Grp.A e B,1985-03-17,,Vasco,Fluminense,2,1
Grp.C,1985-03-17,,Nacional-AM,Sergipe,6,0
Grp.A e B,1985-03-17,,Santa Cruz,Goiás,2,0
Grp.A e B,1985-03-17,,Atlético Mineiro,Náutico,5,1
Grp.A e B,1985-03-17,,America-RJ,Cruzeiro,1,0
Grp.A e B,1985-03-17,,Coritiba,Bahia,1,2
Grp.A e B,1985-03-17,,Grêmio,Portuguesa,1,1
Grp.A e B,1985-03-20,,Santa Cruz,Bahia,1,1
Grp.A e B,1985-03-20,,Grêmio,Santos,3,0
Grp.D,1985-03-20,,Leônico,Ponte Preta,1,2
Grp.A e B,1985-03-20,,Palmeiras,Flamengo,2,2
Grp.A e B,1985-03-20,,Atlético Mineiro,Portuguesa,1,0
Grp.A e B,1985-03-20,,Coritiba,Vasco,0,0
Grp.A e B,1985-03-20,,Goiás,America-RJ,3,0
Grp.D,1985-03-20,,Brasília,Desportiva Ferroviária,0,0
Grp.A e B,1985-03-20,,Guarani,Náutico,1,0
Grp.A e B,1985-03-20,,Botafogo,São Paulo,3,1
Grp.C,1985-03-20,,Mixto,Sergipe,2,0
Grp.C,1985-03-20,,Paysandu,Ceará,1,2
Grp.D,1985-03-20,,Corumbaense,GE Brasil,1,2
Grp.C,1985-03-20,,Sampaio Corrêa,Sport,2,4
Grp.C,1985-03-20,,Nacional-AM,CSA,1,0
Grp.C,1985-03-20,,Flamengo-PI,Botafogo-PB,1,1
Grp.D,1985-03-20,,Uberlândia,Joinville,0,1
Grp.A e B,1985-03-21,,Cruzeiro,Corinthians,1,1
Grp.A e B,1985-03-21,,Fluminense,Internacional,1,0
Grp.D,1985-03-21,,Vila Nova,Bangu,3,2
Grp.C,1985-03-21,,Remo,ABC,1,0
Grp.D,1985-03-23,,Pinheiros-PR,Brasília,1,0
Grp.A e B,1985-03-23,,Vasco,America-RJ,2,1
Grp.A e B,1985-03-23,,São Paulo,Atlético Mineiro,1,1
Grp.D,1985-03-24,,Bangu,Corumbaense,4,0
Grp.D,1985-03-24,,Ponte Preta,Vila Nova,4,1
Grp.A e B,1985-03-24,,Náutico,Santa Cruz,4,3
Grp.A e B,1985-03-24,,Bahia,Guarani,1,0
Grp.D,1985-03-24,,GE Brasil,Villa Nova-MG,0,0
Grp.A e B,1985-03-24,,Internacional,Grêmio,0,1
Grp.A e B,1985-03-24,,Cruzeiro,Fluminense,0,1
Grp.A e B,1985-03-24,,Flamengo,Botafogo,6,1
Grp.C,1985-03-24,,Sport,Paysandu,5,1
Grp.C,1985-03-24,,ABC,Mixto,4,0
Grp.A e B,1985-03-24,,Santos,Corinthians,0,0
Grp.A e B,1985-03-24,,Goiás,Coritiba,0,2
Grp.C,1985-03-24,,Ceará,Nacional-AM,2,1
Grp.C,1985-03-24,,Sergipe,Sampaio Corrêa,4,0
Grp.D,1985-03-24,,Desportiva Ferroviária,Uberlândia,2,1
Grp.C,1985-03-24,,CSA,Flamengo-PI,1,0
Grp.C,1985-03-24,,Botafogo-PB,Remo,1,0
Grp.D,1985-03-24,,Joinville,Leônico,1,0
Grp.A e B,1985-03-24,,Portuguesa,Palmeiras,0,0
Grp.A e B,1985-03-27,,Grêmio,Goiás,0,1
Grp.A e B,1985-03-27,,Cruzeiro,Palmeiras,1,1
Grp.A e B,1985-03-27,,America-RJ,Bahia,1,1
Grp.A e B,1985-03-27,,Flamengo,Coritiba,0,1
Grp.A e B,1985-03-27,,Santa Cruz,Vasco,1,2
Grp.A e B,1985-03-27,,Portuguesa,Guarani,0,0
Grp.A e B,1985-03-27,,Fluminense,Náutico,0,1
Grp.A e B,1985-03-27,,Internacional,Atlético Mineiro,1,0
Grp.A e B,1985-03-27,,Botafogo,Santos,1,0
Grp.A e B,1985-03-27,,Corinthians,São Paulo,1,2
Grp.D,1985-03-27,,GE Brasil,Leônico,4,1
Grp.D,1985-03-27,,Joinville,Villa Nova-MG,1,2
Grp.C,1985-03-27,,Botafogo-PB,Paysandu,0,0
Grp.C,1985-03-27,,Sergipe,Flamengo-PI,0,0
Grp.C,1985-03-27,,CSA,Sampaio Corrêa,2,0
Grp.C,1985-03-27,,Ceará,Mixto,2,0
Grp.D,1985-03-27,,Bangu,Uberlândia,2,0
Grp.D,1985-03-27,,Pinheiros-PR,Vila Nova,1,1
Grp.D,1985-03-27,,Desportiva Ferroviária,Corumbaense,0,1
Grp.D,1985-03-27,,Ponte Preta,Brasília,1,1
Grp.C,1985-03-27,,ABC,Nacional-AM,2,4
Grp.C,1985-03-28,,Sport,Remo,2,0
Grp.D,1985-03-30,,Pinheiros-PR,Ponte Preta,0,1
Grp.A e B,1985-03-30,,America-RJ,Flamengo,2,3
Grp.A e B,1985-03-30,,Náutico,Botafogo,1,2
Grp.A e B,1985-03-31,,Portuguesa,Corinthians,0,2
Grp.A e B,1985-03-31,,Coritiba,Internacional,0,0
Grp.D,1985-03-31,,Uberlândia,Brasília,1,2
Grp.A e B,1985-03-31,,Fluminense,São Paulo,1,2
Grp.A e B,1985-03-31,,Santos,Santa Cruz,3,1
Grp.A e B,1985-03-31,,Guarani,Goiás,1,1
Grp.A e B,1985-03-31,,Grêmio,Cruzeiro,0,0
Grp.A e B,1985-03-31,,Atlético Mineiro,Bahia,2,3
Grp.A e B,1985-03-31,,Vasco,Palmeiras,0,1
Grp.D,1985-03-31,,Corumbaense,Leônico,2,1
Grp.D,1985-03-31,,Vila Nova,Villa Nova-MG,1,0
Grp.D,1985-03-31,,GE Brasil,Joinville,1,1
Grp.C,1985-03-31,,Sport,Botafogo-PB,1,2
Grp.C,1985-03-31,,Nacional-AM,Paysandu,0,1
Grp.D,1985-03-31,,Desportiva Ferroviária,Bangu,0,1
Grp.C,1985-03-31,,Remo,Sampaio Corrêa,2,1
Grp.C,1985-03-31,,Mixto,Flamengo-PI,1,0
Grp.C,1985-03-31,,Ceará,ABC,3,1
Grp.C,1985-03-31,,Sergipe,CSA,2,2
Grp.D,1985-04-03,,Villa Nova-MG,Uberlândia,0,2
Grp.D,1985-04-03,,Leônico,Vila Nova,2,1
Grp.D,1985-04-03,,Ponte Preta,GE Brasil,2,2
Grp.D,1985-04-03,,Joinville,Desportiva Ferroviária,0,1
Grp.D,1985-04-03,,Brasília,Corumbaense,1,1
Grp.C,1985-04-03,,ABC,Sport,1,3
Grp.C,1985-04-03,,Flamengo-PI,Remo,0,2
Grp.C,1985-04-03,,Botafogo-PB,Sergipe,1,1
Grp.C,1985-04-03,,CSA,Ceará,2,0
Grp.C,1985-04-03,,Paysandu,Mixto,1,1
Grp.D,1985-04-03,,Bangu,Pinheiros-PR,1,1
Grp.C,1985-04-03,,Sampaio Corrêa,Nacional-AM,1,1
Grp.A e B,1985-04-03,,Guarani,Santos,1,1
Grp.A e B,1985-04-03,,Corinthians,Flamengo,1,1
Grp.A e B,1985-04-06,,America-RJ,Santos,2,3
Grp.D,1985-04-06,,Vila Nova,Brasília,3,1
Grp.A e B,1985-04-06,,Palmeiras,Internacional,2,2
Grp.A e B,1985-04-07,,Vasco,Guarani,0,0
Grp.A e B,1985-04-07,,Goiás,Atlético Mineiro,0,0
Grp.A e B,1985-04-07,,Coritiba,Portuguesa,0,2
Grp.A e B,1985-04-07,,Cruzeiro,Botafogo,3,0
Grp.A e B,1985-04-07,,Bahia,Grêmio,4,1
Grp.A e B,1985-04-07,,Fluminense,Flamengo,1,1
Grp.A e B,1985-04-07,,Corinthians,Náutico,2,0
Grp.C,1985-04-07,,Sergipe,Sport,0,1
Grp.D,1985-04-07,,Bangu,Joinville,3,1
Grp.D,1985-04-07,,Leônico,Villa Nova-MG,1,0
Grp.D,1985-04-07,,Corumbaense,Uberlândia,1,0
Grp.D,1985-04-07,,GE Brasil,Pinheiros-PR,1,0
Grp.C,1985-04-07,,ABC,CSA,0,0
Grp.C,1985-04-07,,Ceará,Botafogo-PB,2,1
Grp.C,1985-04-07,,Mixto,Nacional-AM,2,2
Grp.C,1985-04-07,,Remo,Paysandu,0,3
Grp.C,1985-04-07,,Flamengo-PI,Sampaio Corrêa,2,0
Grp.A e B,1985-04-07,,Santa Cruz,São Paulo,2,3
Grp.D,1985-04-07,,Desportiva Ferroviária,Ponte Preta,1,0
Grp.A e B,1985-04-10,,Goiás,Fluminense,0,2
Grp.A e B,1985-04-10,,São Paulo,Grêmio,2,2
Grp.A e B,1985-04-10,,Flamengo,Guarani,1,2
Grp.C,1985-04-10,,Nacional-AM,Flamengo-PI,3,1
Grp.A e B,1985-04-10,,Cruzeiro,Atlético Mineiro,3,2
Grp.A e B,1985-04-10,,Bahia,Corinthians,2,0
Grp.A e B,1985-04-10,,Portuguesa,America-RJ,1,1
Grp.A e B,1985-04-10,,Internacional,Santa Cruz,3,0
Grp.A e B,1985-04-10,,Náutico,Coritiba,2,0
Grp.C,1985-04-10,,Paysandu,Sampaio Corrêa,5,4
Grp.C,1985-04-10,,Mixto,Remo,3,1
Grp.D,1985-04-10,,Joinville,Ponte Preta,1,1
Grp.D,1985-04-10,,Brasília,Villa Nova-MG,2,0
Grp.D,1985-04-10,,Uberlândia,Leônico,4,0
Grp.D,1985-04-10,,Corumbaense,Vila Nova,1,3
Grp.D,1985-04-10,,Bangu,GE Brasil,3,1
Grp.D,1985-04-10,,Desportiva Ferroviária,Pinheiros-PR,0,2
Grp.C,1985-04-10,,Ceará,Sport,0,1
Grp.C,1985-04-10,,CSA,Botafogo-PB,5,1
Grp.C,1985-04-10,,ABC,Sergipe,4,1
Grp.A e B,1985-04-10,,Botafogo,Vasco,1,2
Grp.A e B,1985-04-10,,Santos,Palmeiras,1,1
Grp.A e B,1985-04-13,,Botafogo,Portuguesa,2,1
Grp.C,1985-04-13,,Paysandu,Flamengo-PI,2,0
Grp.C,1985-04-14,,Sport,CSA,3,1
Grp.C,1985-04-14,,Sampaio Corrêa,Mixto,0,0
Grp.C,1985-04-14,,Sergipe,Ceará,0,1
Grp.D,1985-04-14,,GE Brasil,Desportiva Ferroviária,5,0
Grp.D,1985-04-14,,Brasília,Leônico,1,0
Grp.D,1985-04-14,,Ponte Preta,Bangu,2,2
Grp.A e B,1985-04-14,,Atlético Mineiro,Vasco,1,0
Grp.D,1985-04-14,,Pinheiros-PR,Joinville,1,1
Grp.C,1985-04-14,,Botafogo-PB,ABC,2,2
Grp.C,1985-04-14,,Remo,Nacional-AM,1,4
Grp.A e B,1985-04-14,,Palmeiras,Náutico,3,1
Grp.A e B,1985-04-14,,Santa Cruz,Cruzeiro,2,1
Grp.A e B,1985-04-14,,Fluminense,Bahia,2,1
Grp.A e B,1985-04-14,,Guarani,Internacional,1,1
Grp.A e B,1985-04-14,,Coritiba,Santos,2,1
Grp.D,1985-04-14,,Vila Nova,Uberlândia,0,3
Grp.A e B,1985-04-14,,America-RJ,São Paulo,2,1
Grp.A e B,1985-04-14,,Corinthians,Goiás,2,1
Grp.A e B,1985-04-14,,Grêmio,Flamengo,2,0
Grp.D,1985-04-14,,Villa Nova-MG,Corumbaense,4,3
Grp.D,1985-04-17,,Leônico,Desportiva Ferroviária,1,1
Grp.D,1985-04-17,,Uberlândia,Pinheiros-PR,2,1
Grp.D,1985-04-17,,Vila Nova,GE Brasil,0,0
Grp.D,1985-04-17,,Villa Nova-MG,Bangu,0,2
Grp.D,1985-04-17,,Brasília,Joinville,0,0
Grp.D,1985-04-17,,Corumbaense,Ponte Preta,1,5
Grp.C,1985-04-17,,Paysandu,CSA,0,0
Grp.C,1985-04-17,,Nacional-AM,Sport,0,0
Grp.C,1985-04-17,,Mixto,Botafogo-PB,1,0
Grp.C,1985-04-17,,Sampaio Corrêa,ABC,2,1
Grp.C,1985-04-18,,Remo,Sergipe,2,1
Grp.C,1985-04-21,,Sergipe,Paysandu,0,1
Grp.D,1985-04-21,,Joinville,Vila Nova,3,0
Grp.D,1985-04-21,,Ponte Preta,Uberlândia,1,1
Grp.C,1985-04-21,,Botafogo-PB,Nacional-AM,1,2
Grp.D,1985-04-21,,Pinheiros-PR,Corumbaense,0,0
Grp.D,1985-04-21,,Bangu,Leônico,1,0
Grp.C,1985-04-21,,Ceará,Sampaio Corrêa,4,1
Grp.C,1985-04-21,,ABC,Flamengo-PI,1,2
Grp.D,1985-04-21,,Desportiva Ferroviária,Villa Nova-MG,1,1
Grp.C,1985-04-21,,CSA,Remo,3,0
Grp.C,1985-04-21,,Sport,Mixto,2,0
Grp.D,1985-04-21,,GE Brasil,Brasília,2,0
Grp.C,1985-04-28,,Ceará,Flamengo-PI,2,1
Grp.F,1985-07-03,,GE Brasil,Bahia,2,1
Grp.H,1985-07-03,,Bangu,Internacional,1,1
Grp.G,1985-07-03,,Sport,Coritiba,1,1
Grp.E,1985-07-03,,Ponte Preta,Atlético Mineiro,1,1
Grp.H,1985-07-03,,Mixto,Vasco,1,1
Grp.E,1985-07-03,,CSA,Guarani,0,0
Grp.G,1985-07-04,,Joinville,Corinthians,2,0
Grp.F,1985-07-04,,Ceará,Flamengo,1,1
Grp.F,1985-07-07,,Bahia,Flamengo,0,0
Grp.E,1985-07-07,,CSA,Ponte Preta,0,0
Grp.E,1985-07-07,,Guarani,Atlético Mineiro,1,1
Grp.F,1985-07-07,,Ceará,GE Brasil,0,0
Grp.G,1985-07-07,,Joinville,Sport,4,2
Grp.H,1985-07-07,,Mixto,Bangu,1,4
Grp.G,1985-07-07,,Coritiba,Corinthians,1,0
Grp.H,1985-07-07,,Vasco,Internacional,1,1
Grp.F,1985-07-10,,Bahia,Ceará,4,0
Grp.E,1985-07-10,,Atlético Mineiro,CSA,2,0
Grp.H,1985-07-10,,Internacional,Mixto,1,0
Grp.F,1985-07-10,,Flamengo,GE Brasil,1,0
Grp.E,1985-07-10,,Guarani,Ponte Preta,1,1
Grp.G,1985-07-10,,Coritiba,Joinville,2,1
Grp.G,1985-07-10,,Corinthians,Sport,0,0
Grp.H,1985-07-11,,Vasco,Bangu,0,2
Grp.G,1985-07-13,,Corinthians,Coritiba,1,0
Grp.G,1985-07-14,,Sport,Joinville,1,0
Grp.H,1985-07-14,,Bangu,Mixto,1,1
Grp.H,1985-07-14,,Internacional,Vasco,2,2
Grp.F,1985-07-14,,Flamengo,Bahia,3,0
Grp.E,1985-07-14,,Ponte Preta,CSA,2,0
Grp.E,1985-07-14,,Atlético Mineiro,Guarani,2,1
Grp.F,1985-07-14,,GE Brasil,Ceará,4,0
Grp.F,1985-07-17,,Ceará,Bahia,2,1
Grp.E,1985-07-17,,CSA,Atlético Mineiro,0,0
Grp.G,1985-07-17,,Sport,Corinthians,3,1
Grp.E,1985-07-17,,Ponte Preta,Guarani,0,0
Grp.H,1985-07-17,,Mixto,Internacional,1,3
Grp.G,1985-07-17,,Joinville,Coritiba,0,1
Grp.H,1985-07-17,,Vasco,Bangu,1,3
Grp.F,1985-07-18,,GE Brasil,Flamengo,2,0
Grp.H,1985-07-21,,Vasco,Mixto,4,0
Grp.G,1985-07-21,,Corinthians,Joinville,1,1
Grp.G,1985-07-21,,Coritiba,Sport,0,0
Grp.F,1985-07-21,,Flamengo,Ceará,2,2
Grp.H,1985-07-21,,Internacional,Bangu,1,2
Grp.E,1985-07-21,,Guarani,CSA,6,1
Grp.E,1985-07-21,,Atlético Mineiro,Ponte Preta,1,0
Grp.F,1985-07-21,,Bahia,GE Brasil,2,3
SF,1985-07-24,,Coritiba,Atlético Mineiro,1,0
SF,1985-07-24,,GE Brasil,Bangu,0,1
SF,1985-07-28,,Atlético Mineiro,Coritiba,0,0
SF,1985-07-28,,Bangu,GE Brasil,3,1
F,1985-07-31,19:00,Bangu,Coritiba,1 (5),1 (6)